tree
version=v4
num_class=1
num_tree_per_iteration=1
label_index=0
max_feature_idx=37
objective=regression
feature_names=H_L5 H_L10 H_L20 H_season_avg TB_L5 TB_L10 TB_L20 TB_season_avg HR_L5 HR_L10 HR_L20 HR_season_avg RBI_L5 RBI_L10 RBI_L20 RBI_season_avg R_L5 R_L10 R_L20 R_season_avg SO_L5 SO_L10 SO_L20 SO_season_avg BB_L5 BB_L10 BB_L20 BB_season_avg AB_L5 AB_L10 AB_L20 AB_season_avg SB_L5 SB_L10 SB_L20 SB_season_avg is_home games_played
feature_infos=[0:4] [0:4] [0:4] [0:5] [0:9] [0:9] [0:9] [0:9] [0:2] [0:2] [0:2] [0:2] [0:5] [0:5] [0:5] [0:6] [0:4] [0:4] [0:4] [0:4] [0:4] [0:4] [0:4] [0:5] [0:4] [0:4] [0:4] [0:4] [0:5.4000000000000004] [0:5.2000000000000002] [0:5] [0:6] [0:2] [0:2] [0:2] [0:2] [0:1] [0:162]
tree_sizes=1562 1680 1674 1674 1686 1665 1664 1661 1674 1663 1680 1672 1671 1680 1668 1683 1673 1673 1669 1669 1671 1674 1678 1681 1682 1669 1667 1675 1672 1668 1664 1673 1665 1580 1684 1670 1671 1671 1642 1662 1668 1667 1667 1662 1670 1641 1665 1673 1667 1676 1672 1647 1667 1674 1671 1587 1582 1672 1569 1365 1572 1676 1577 1566 1568 1570 1674 1559 1564 1679 1658 1648 1652 1556 1659 1582 1671 1678 1588 1681 1673 1557 1667 1650 1554 1559 1584 1567 1631 1654 1672 1676 1667 1588 1672 1637 1648 1662 1369 1655 1681 1667 1663 1654 1667 1655 1633 1476 1465 1645 1650 1646 1678 1665 1606 1657 1561 1531 1567 1490 1665 1670 1680 1645 1662 1661 1620 1573 1482 1469 1555 1670 1655 1633 1678 1647 1444 1675 1358 1540 1376 1636 1629 1557 1464 1677 1663 1660 1639 1377 1676 1460 1382 1582 1652 1673 1626 1660 1668 1674 1664 1680 1391 1585 1570 1386 1252 1653 1370 1369 1465 1174 1634 1368 1389 1655 1640 1351 1671 1373 1463 1460 1365 1579 1531 1653 1376 1675 1359 1468 1651 1636 1529 1622 1647 1177 1262 995 1275 1272 1284 1360 1367 1533 1434 1523 1647 1649 1669 1577 1564 1631 1551 1438 1548 1443 1091 1356 1539 1371 1268 1637 1549 1374 1624 1079 1270 1616 1159 1144 1661 982 1638 995 1081 1254 1637 1367 1656 1564 1307 1362 1529 1572 1345 1633 1649 1002 1579 1558 1370 1567 1256 1364 1331 1335 1542 1514 1442 1443 1528 1268 1311 1308 1525 1474 1670 1682 1629 1535 1469 1578 1373 1340 1368 1624 994 1000 1270 1015 1574 1662 1545 1561 1677 1443 1425 1322 1503 1535 1344 1273 1282 1579 1272 1660 890 880 1642 1651 1098 1673 1558 955 1479 1623 1633 1650 1625 1648 1403 1519 1660 1634 1541 1007 1671 1678 1098 1648 1368 1610 1631 1461 1637 1662 1473 1673 1479 1265 1424 1364 1398 1459 1619 1658 1379 1461 1620 1459 1637 1540 1674 1656 1561 1260 1180 1246 1106 1092 1576 1665 1654 1648 1444 1016 1674 972 993 1024 1543 1360 1506 1648 1164 1363 1622 1269 1446 1532 1185 1086 1560 1362 1364 1250 1142 1631 1367 1333 1093 1595 872 1600 1087 1261 1364 1433 1334 1377 1018 1019 889 1019 1079 1571 1463 1465 1427 1558

Tree=0
num_leaves=16
num_cat=0
split_feature=27 27 27 7 31 37 17 25 7 7 30 27 7 27 25
split_gain=233 46.0411 25.1225 15.3409 13.2506 7.402 6.64432 6.2296 5.64514 4.37465 4.1527 3.82415 2.56779 2.35658 1.66354
threshold=0.35737937559129612 0.5335585585585586 0.24918300653594774 1.4107834994462904 3.1516504329004333 14.500000000000002 0.95000000000000007 0.29285714285714287 1.1433463796477497 1.4822061803444784 3.2817460317460321 0.14337101747173689 1.0228578892371998 0.32701294033069733 0.38750000000000007
decision_type=2 2 2 2 2 2 2 2 2 2 2 2 2 2 2
left_child=2 4 5 10 12 7 -5 -1 14 -6 -3 -7 -2 -10 -4
right_child=1 3 8 6 9 11 -8 -9 13 -11 -12 -13 -14 -15 -16
leaf_value=0.2101800979360034 0.21018995020892728 0.21141436165027469 0.20999321552693553 0.21360212507010501 0.211655645409356 0.20930011778063864 0.21530864408258268 0.21154125430846221 0.21076787825253548 0.21220928382054666 0.21280282158686359 0.20989417161471549 0.21122654872855573 0.21122762732337452 0.21076732250529512
leaf_weight=7605 1800 1423 4258 6665 9179 5791 1088 1622 15300 15563 2268 18642 2006 6259 1559
leaf_count=7605 1800 1423 4258 6665 9179 5791 1088 1622 15300 15563 2268 18642 2006 6259 1559
internal_value=0.211079 0.212266 0.210302 0.213338 0.211835 0.209936 0.213844 0.210421 0.210752 0.212004 0.212271 0.209753 0.210739 0.210902 0.210199
internal_weight=101028 39992 61036 11444 28548 33660 7753 9227 27376 24742 3691 24433 3806 21559 5817
internal_count=101028 39992 61036 11444 28548 33660 7753 9227 27376 24742 3691 24433 3806 21559 5817
is_linear=0
shrinkage=1


Tree=1
num_leaves=16
num_cat=0
split_feature=26 26 26 11 31 7 6 10 11 13 29 11 26 31 35
split_gain=191.316 36.2503 30.5772 13.1579 9.04667 8.88908 8.51256 6.52764 4.04915 3.85869 3.68903 3.023 2.79222 2.76996 2.55564
threshold=0.39444444444444454 0.54772727272727284 0.23303167420814477 0.29181873479318737 3.4669099756691 1.3754432624113477 1.1464285714285716 1.0000000180025095e-35 0.22845894263217098 0.95000000000000007 1.0000000180025095e-35 0.093854865771812054 0.10263157894736842 3.7224014336917564 0.0085107924090974518
decision_type=2 2 2 2 2 2 2 2 2 2 2 2 2 2 2
left_child=2 6 5 7 11 10 13 -3 -6 -8 -1 -4 -7 -2 -5
right_child=1 3 4 14 8 12 9 -9 -10 -11 -12 -13 -14 -15 -16
leaf_value=0.00064520121948964757 -0.00026211875348624805 0.00043601453667733731 -0.00084862123759426656 0.0023838959908305249 -2.117840570128801e-05 -0.0010900471766974497 0.0007892786127045436 0.001938739261195541 0.0008906812422591337 0.0018445469288580671 -0.0013857217917158553 -0.00024467821355003336 -0.0004968767333747928 0.0011390628748976983 0.0043705148355049246
leaf_weight=357 4117 1310 7800 395 17026 4730 14403 11238 2195 1553 18331 5867 10037 651 1018
leaf_count=357 4117 1310 7800 395 17026 4730 14403 11238 2195 1553 18331 5867 10037 651 1018
internal_value=-7.92197e-07 0.00120275 -0.000630188 0.00199082 -0.000196739 -0.00105595 0.000671233 0.00178275 8.25158e-05 0.000892833 -0.00134632 -0.000590165 -0.000687673 -6.83143e-05 0.00382638
internal_weight=101028 34685 66343 13961 32888 33455 20724 12548 19221 15956 18688 13667 14767 4768 1413
internal_count=101028 34685 66343 13961 32888 33455 20724 12548 19221 15956 18688 13667 14767 4768 1413
is_linear=0
shrinkage=0.02


Tree=2
num_leaves=16
num_cat=0
split_feature=26 26 26 11 6 29 7 2 31 11 29 11 11 26 23
split_gain=183.751 34.9796 29.3659 10.3194 9.95449 8.74084 8.53531 4.72028 4.34516 3.95746 3.54453 3.32683 3.2515 2.68104 2.48988
threshold=0.39444444444444454 0.59411764705882364 0.23303167420814477 0.25082781456953646 1.4641025641025645 3.3875000000000006 1.3754432624113477 0.63397129186602885 3.1433982683982689 0.24292389853137511 1.0000000180025095e-35 0.065633600574368761 0.27961545471113541 0.10263157894736842 1.0668903803131993
decision_type=2 2 2 2 2 2 2 2 2 2 2 2 2 2 2
left_child=2 4 6 7 8 11 10 -3 -2 -7 -1 -4 -6 -8 -5
right_child=1 3 5 14 12 9 13 -9 -10 -11 -12 -13 -14 -15 -16
leaf_value=0.00063236925595318045 -0.00028926686719011967 0.00060098090872778202 -0.001067571159085309 0.0027800027420197631 0.0010475804691364944 -4.440475633437875e-05 -0.0010682554884372077 0.0020529453753593743 0.0005810817417189637 0.00091301315798842763 -0.0013580103656413713 -0.00035764499470146731 0.0021063221509431311 -0.00048694122813115834 0.0043270007047395741
leaf_weight=357 3104 1049 4557 935 11576 20014 4730 7168 8650 1887 18331 6430 1316 10037 887
leaf_count=357 3104 1049 4557 935 11576 20014 4730 7168 8650 1887 18331 6430 1316 10037 887
internal_value=-7.66442e-07 0.00117874 -0.000617595 0.00217437 0.000772642 -0.000192811 -0.00103484 0.00186899 0.000350379 3.77061e-05 -0.00131939 -0.000653147 0.00115674 -0.000673938 0.00354253
internal_weight=101028 34685 66343 10039 24646 32888 33455 8217 11754 21901 18688 10987 12892 14767 1822
internal_count=101028 34685 66343 10039 24646 32888 33455 8217 11754 21901 18688 10987 12892 14767 1822
is_linear=0
shrinkage=0.02


Tree=3
num_leaves=16
num_cat=0
split_feature=26 26 26 30 30 7 7 6 9 23 29 7 26 26 31
split_gain=176.485 33.7135 28.2025 10.3084 10.0225 9.17757 8.1956 6.67045 4.11516 3.88144 3.40571 2.87033 2.57427 2.1537 1.60274
threshold=0.39444444444444454 0.54772727272727284 0.23303167420814477 3.7247474747474754 3.2052631578947373 2.2510504201680677 1.3754432624113477 1.0871212121212122 0.21111111111111114 0.96930926216640512 1.0000000180025095e-35 1.1502212389380533 0.10263157894736842 0.25657894736842107 3.1088032716315115
decision_type=2 2 2 2 2 2 2 2 2 2 2 2 2 2 2
left_child=2 4 6 11 14 7 10 -3 -6 -7 -1 -4 -8 -5 -2
right_child=1 5 3 13 8 9 12 -9 -10 -11 -12 -13 -14 -15 -16
leaf_value=0.00061979224754907301 -0.00054365328215758653 0.00069503236300079158 -0.00079599964094453316 -9.8058335165051232e-05 0.00070401449781287554 0.0023448703398704532 -0.001046899353812936 0.0019511862588020791 0.0014841805275789127 0.0045998325505547154 -0.0013308531270410544 -0.00029384010133849388 -0.00047720435437173861 0.00044886302794370391 0.00022393528356591698
leaf_weight=357 2460 2046 7036 4379 12866 623 4730 10621 3472 671 18331 13211 10037 8262 1926
leaf_count=357 2460 2046 7036 4379 12866 623 4730 10621 3472 671 18331 13211 10037 8262 1926
internal_value=-7.41044e-07 0.00115521 -0.000605254 -0.000188962 0.000642602 0.00191521 -0.00101416 0.00174922 0.000870582 0.00352718 -0.00129299 -0.0004689 -0.000660477 0.000258626 -0.000204359
internal_weight=101028 34685 66343 32888 20724 13961 33455 12667 16338 1294 18688 20247 14767 12641 4386
internal_count=101028 34685 66343 32888 20724 13961 33455 12667 16338 1294 18688 20247 14767 12641 4386
is_linear=0
shrinkage=0.02


Tree=4
num_leaves=16
num_cat=0
split_feature=26 26 26 11 19 11 11 19 8 10 28 28 26 26 10
split_gain=169.508 32.7459 26.8419 9.66284 8.71828 7.93633 7.74142 4.24169 4.21561 4.03176 3.16813 2.637 2.63105 1.83957 1.29264
threshold=0.36602870813397131 0.59411764705882364 0.23303167420814477 0.25082781456953646 0.55078604765413919 0.080145985401459854 0.10819418144258906 0.49561369757599077 0.36666666666666675 1.0000000180025095e-35 1.0000000180025095e-35 2.5500000000000003 0.13809523809523808 0.73508771929824568 1.0000000180025095e-35
decision_type=2 2 2 2 2 2 2 2 2 2 2 2 2 2 2
left_child=2 4 6 9 11 14 10 -7 -6 -3 -1 -2 -8 -5 -4
right_child=1 3 5 13 8 7 12 -9 -10 -11 -12 -13 -14 -15 -16
leaf_value=0.00060746554212649882 -0.00049198024832516267 0.00054226638990290024 -0.00090425725130139148 0.0027766043799264091 0.00096609740030598819 -0.00024272696971568253 -0.0010302262278827075 0.00031565671414621633 0.0019441537037056819 0.0019555181011275346 -0.0012718310437680555 0.00051519957252990059 -0.00041747096540943894 0.0041257513771303092 -0.00045192782105951202
leaf_weight=357 1110 933 4209 971 7077 11000 4155 10757 2396 7284 20005 14244 8938 851 6741
leaf_count=357 1110 933 4209 971 7077 11000 4155 10757 2396 7284 20005 14244 8938 851 6741
internal_value=-7.1693e-07 0.00112766 -0.000595517 0.00209201 0.000737184 -0.000187701 -0.000993881 3.28907e-05 0.00121489 0.00179644 -0.00123833 0.000441681 -0.000612817 0.00341606 -0.000626842
internal_weight=101028 34866 66162 10039 24827 32707 33455 21757 9473 8217 20362 15354 13093 1822 10950
internal_count=101028 34866 66162 10039 24827 32707 33455 21757 9473 8217 20362 15354 13093 1822 10950
is_linear=0
shrinkage=0.02


Tree=5
num_leaves=16
num_cat=0
split_feature=27 27 26 11 27 31 31 37 27 14 6 37 30 23 31
split_gain=188.418 33.9661 19.3338 11.632 10.8001 8.2901 6.16001 5.5705 3.77324 3.50905 3.32952 4.06788 3.28341 1.57691 0.654067
threshold=0.36236747398113028 0.53873431533006011 0.324561403508772 0.12539308176100628 0.24333214793741106 3.1581140350877197 3.9209579704657331 44.500000000000007 0.43403539564136323 0.28991596638655465 1.1464285714285716 13.500000000000002 3.1464285714285718 0.63667496886674979 3.862193903048476
decision_type=2 2 2 2 2 2 2 2 2 2 2 2 2 2 2
left_child=2 5 4 12 6 13 -1 -5 -7 -6 14 -12 -3 -2 -4
right_child=1 3 10 7 9 8 -8 -9 -10 -11 11 -13 -14 -15 -16
leaf_value=-0.0011871987999372486 -0.00091075026863577345 0.00026934787808078351 -0.00059943849356569362 0.0019568451573677603 -0.00094506036141561267 0.00063222150919284401 -0.00034525788317612291 0.003165019769080517 0.0011352721703061636 -0.00030830650058465538 0.0011932990271906827 4.1479387786981156e-05 0.0015707989809404985 8.3130964912085168e-05 0.00048751489954744362
leaf_weight=26342 806 1008 3059 2896 4614 12402 4047 3432 11769 14235 1446 8159 3681 2986 227
leaf_count=26342 806 1008 3059 2896 4614 12402 4047 3432 11769 14235 1446 8159 3681 2986 227
internal_value=2.23782e-05 0.00111243 -0.000661378 0.00205344 -0.000841902 0.000741208 -0.00107543 0.00261447 0.000877647 -0.00046479 2.73924e-05 0.000216135 0.00129339 -0.000125854 -0.000521058
internal_weight=101109 38980 62129 11017 49238 27963 30389 6328 24171 18849 12891 9605 4689 3792 3286
internal_count=101109 38980 62129 11017 49238 27963 30389 6328 24171 18849 12891 9605 4689 3792 3286
is_linear=0
shrinkage=0.02


Tree=6
num_leaves=16
num_cat=0
split_feature=27 27 26 37 27 27 31 30 31 13 14 10 37 37 23
split_gain=180.964 32.6236 18.5703 10.6716 10.3714 8.70508 7.96201 5.91693 5.915 4.20523 3.36971 3.15876 2.18202 1.93598 1.51473
threshold=0.36236747398113028 0.53873431533006011 0.324561403508772 47.500000000000007 0.24333214793741106 0.66770833333333346 3.1581140350877197 3.0250000000000004 3.9209579704657331 0.68333333333333346 0.28991596638655465 0.16228070175438594 20.500000000000004 11.500000000000002 0.63667496886674979
decision_type=2 2 2 2 2 2 2 2 2 2 2 2 2 2 2
left_child=2 6 4 7 8 -5 14 -3 -1 -8 -6 13 -13 -4 -2
right_child=1 3 11 5 10 -7 9 -9 -10 -11 -12 12 -14 -15 -16
leaf_value=-0.0011634566304108455 -0.00089258036954273097 2.3455078151658618e-05 0.00048148084879708893 0.0022323690174398205 -0.00092616734093303689 0.0042591549096872528 0.00069667287072825118 0.0017434191276691361 -0.00033835613129903837 0.0012913681067310381 -0.00030214125257936044 0.001528766855152369 0.00028199253922714916 -0.00029909164552358296 8.1469430083251865e-05
leaf_weight=26342 806 946 1512 3252 4614 1176 17549 5643 4047 6622 14235 701 2971 7707 2986
leaf_count=26342 806 946 1512 3252 4614 1176 17549 5643 4047 6622 14235 701 2971 7707 2986
internal_value=2.1939e-05 0.00109022 -0.000648155 0.00201246 -0.000825079 0.00277459 0.000726392 0.00149808 -0.00105393 0.000860105 -0.000455508 2.68635e-05 0.000523431 -0.000169909 -0.000123293
internal_weight=101109 38980 62129 11017 49238 4428 27963 6589 30389 24171 18849 12891 3672 9219 3792
internal_count=101109 38980 62129 11017 49238 4428 27963 6589 30389 24171 18849 12891 3672 9219 3792
is_linear=0
shrinkage=0.02


Tree=7
num_leaves=16
num_cat=0
split_feature=27 27 26 7 27 7 37 30 7 27 10 30 37 14 37
split_gain=173.806 31.3422 17.8371 11.0415 9.95977 8.19505 5.64754 3.96462 3.70903 3.14145 3.03416 2.62275 2.09539 1.96503 1.85955
threshold=0.36236747398113028 0.5335585585585586 0.324561403508772 1.4006578947368424 0.24333214793741106 1.3227076454152911 20.500000000000004 3.4580419580419588 1.1502212389380533 0.43403539564136323 0.16228070175438594 3.1464285714285718 20.500000000000004 0.56696428571428581 11.500000000000002
decision_type=2 2 2 2 2 2 2 2 2 2 2 2 2 2 2
left_child=2 5 4 11 7 13 -5 -1 -6 -7 14 -3 -12 -2 -4
right_child=1 3 10 6 8 9 -8 -9 -10 -11 12 -13 -14 -15 -16
leaf_value=-0.0012369397673821702 5.2702551666256552e-05 0.0001639313328751298 0.00047186395805452112 0.0014668483603333371 -0.00095083352094105429 0.00067883209852050922 0.0026994439171099337 -0.00077361712617592593 -0.00028902500749761298 0.0011873960016291719 0.0014982785011083946 0.0013702470094289973 0.00027635646525994722 0.0012037195155253778 -0.00029311135973752837
leaf_weight=16978 7112 1030 1512 2076 4465 10484 5736 13411 14384 9324 701 2570 2971 648 7707
leaf_count=16978 7112 1030 1512 2076 4465 10484 5736 13411 14384 9324 701 2570 2971 648 7707
internal_value=2.15096e-05 0.00106845 -0.000635196 0.00195032 -0.000808592 0.00070291 0.00237363 -0.00103286 -0.000446411 0.000918823 2.63479e-05 0.00102817 0.000513037 0.000150392 -0.000166489
internal_weight=101109 38980 62129 11412 49238 27568 7812 30389 18849 19808 12891 3600 3672 7760 9219
internal_count=101109 38980 62129 11412 49238 27568 7812 30389 18849 19808 12891 3600 3672 7760 9219
is_linear=0
shrinkage=0.02


Tree=8
num_leaves=16
num_cat=0
split_feature=26 26 26 30 30 30 26 9 6 26 15 28 10 2 6
split_gain=144.925 25.4218 19.9793 10.1604 7.46413 7.31608 6.98761 4.02314 3.85576 2.95293 2.4875 1.56805 1.46717 1.33466 1.16867
threshold=0.39444444444444454 0.53137254901960795 0.17156862745098037 3.4472222222222229 3.0801282051282057 3.2052631578947373 0.70294117647058829 0.21111111111111114 1.4330357142857146 0.28991596638655465 0.53583099906629328 1.0000000180025095e-35 0.26969696969696971 0.68990384615384626 1.1143790849673205
decision_type=2 2 2 2 2 2 2 2 2 2 2 2 2 2 2
left_child=2 5 8 9 13 14 -6 -7 11 -4 -5 -1 -10 -3 -2
right_child=1 4 3 10 6 7 -8 -9 12 -11 -12 -13 -14 -15 -16
leaf_value=6.114585970489073e-05 -0.00038815042217179104 -0.00011601952749540349 -0.00089060920495810409 -0.00018674418202192176 0.0016210593295674775 0.00065117524343931909 0.0027415767277875198 0.0014272237755521752 -0.00076893891809748957 -0.00035954086892904448 0.0002098891029279389 -0.0012623776952918981 8.5373014313369077e-05 0.0010388659523182481 0.0002768282247025792
leaf_weight=353 2523 839 9776 17111 9536 12895 2963 3415 7495 7478 10018 13288 877 740 1802
leaf_count=353 2523 839 9776 17111 9536 12895 2963 3415 7495 7478 10018 13288 877 740 1802
internal_value=2.10923e-05 0.00106836 -0.000526302 -0.000281636 0.00172398 0.000620456 0.00188788 0.000814433 -0.00101908 -0.000661088 -3.99051e-05 -0.00122739 -0.000678253 0.000419523 -0.000108778
internal_weight=101109 34713 66396 44383 14078 20635 12499 16310 22013 17254 27129 13641 8372 1579 4325
internal_count=101109 34713 66396 44383 14078 20635 12499 16310 22013 17254 27129 13641 8372 1579 4325
is_linear=0
shrinkage=0.02


Tree=9
num_leaves=16
num_cat=0
split_feature=27 27 27 11 7 26 11 27 12 37 27 6 31 2 7
split_gain=162.124 29.2544 16.5762 10.4881 7.88896 6.77454 5.70973 5.23336 4.38266 3.36268 3.12436 2.96887 2.89098 2.83864 2.35821
threshold=0.36236747398113028 0.53873431533006011 0.27167203435319381 0.12539308176100628 1.3227076454152911 0.39444444444444454 0.16169043374925726 0.62643982523500608 0.29166666666666669 9.5000000000000018 0.43403539564136323 0.64495798319327746 3.3774547554871011 0.72474747474747481 2.382847386393486
decision_type=2 2 2 2 2 2 2 2 2 2 2 2 2 2 2
left_child=2 4 5 13 11 6 -1 -5 12 -7 -6 -2 -4 -3 -10
right_child=1 3 8 7 10 9 -8 -9 14 -11 -12 -13 -14 -15 -16
leaf_value=-0.0010297842356792126 -0.0011405593992009828 0.00042568038795130254 -0.00092089831745013212 0.0018002586175805957 0.00065584615375985172 0.0012101487292651436 -0.00038658377640361715 0.002971004706669742 2.4290404505180978e-05 -0.00045359803678153397 0.0011586495004474442 0.00026609546501680555 -0.00020147342655121221 0.0015086201623920124 0.0019462249493690288
leaf_weight=31279 651 1419 3898 2894 10484 876 6773 3434 12625 1076 9631 7197 5343 3270 259
leaf_count=31279 651 1419 3898 2894 10484 876 6773 3434 12625 1076 9631 7197 5343 3270 259
internal_value=2.06741e-05 0.00103182 -0.000613574 0.00190517 0.000687263 -0.000856578 -0.000915588 0.0024379 -0.000173711 0.000288399 0.000897175 0.000147877 -0.000506154 0.00118335 6.39981e-05
internal_weight=101109 38980 62129 11017 27963 40004 38052 6328 22125 1952 20115 7848 9241 4689 12884
internal_count=101109 38980 62129 11017 27963 40004 38052 6328 22125 1952 20115 7848 9241 4689 12884
is_linear=0
shrinkage=0.02


Tree=10
num_leaves=16
num_cat=0
split_feature=26 26 26 11 31 19 11 11 24 9 31 7 31 22 26
split_gain=137.036 23.5926 21.0297 13.1022 10.5797 7.24245 5.02132 4.30192 3.58814 3.4695 3.21444 2.32278 2.13768 1.76521 1.43944
threshold=0.39444444444444454 0.53589743589743599 0.19375000000000003 0.25681874535085542 3.4566073262581312 0.54937316204921849 0.11272900561262307 0.16169043374925726 0.90000000000000013 0.2678571428571429 3.1762352941176473 1.1614143920595537 3.1516504329004333 1.0000000180025095e-35 0.13809523809523808
decision_type=2 2 2 2 2 2 2 2 2 2 2 2 2 2 2
left_child=2 5 6 10 11 12 13 -6 -5 -7 -3 -4 -2 -1 -8
right_child=1 3 4 8 7 9 14 -9 -10 -11 -12 -13 -14 -15 -16
leaf_value=-7.7599910910491351e-05 -0.00017599801453742903 0.00057589030746767775 -0.00086607303176465414 0.0025420161772232793 -0.0002015586346045701 0.0007993835220637725 -0.00088318678587675104 0.00035057895848661667 0.0043891842310555323 0.0017542282609780777 0.0015186959354573288 -0.00041598863171133326 0.00043326443433761594 -0.0012940987710418051 -0.00031809930735145724
leaf_weight=512 2962 1733 9593 1558 17418 5451 3798 8345 619 2160 10156 9038 10033 14302 3579
leaf_count=512 2962 1733 9593 1558 17418 5451 3798 8345 619 2160 10156 9038 10033 14302 3579
internal_value=-5.88721e-06 0.00101359 -0.000536911 0.00164539 -0.000285282 0.000581708 -0.00103978 -2.2312e-05 0.00307537 0.00107207 0.00138223 -0.000648339 0.000293618 -0.00125275 -0.000610547
internal_weight=101257 34672 66585 14066 44394 20606 22191 25763 2177 7611 11889 18631 12995 14814 7377
internal_count=101257 34672 66585 14066 44394 20606 22191 25763 2177 7611 11889 18631 12995 14814 7377
is_linear=0
shrinkage=0.02


Tree=11
num_leaves=16
num_cat=0
split_feature=27 27 27 11 7 37 26 6 6 37 11 6 11 25 22
split_gain=156.298 30.1068 18.2645 11.484 7.75669 5.63613 6.5694 4.73692 4.6772 4.53669 3.71231 3.71192 3.27369 2.67104 1.33334
threshold=0.3594260620915033 0.51526806526806535 0.24918300653594774 0.25463121783876502 1.4822061803444784 21.500000000000004 0.2264957264957265 1.2426470588235297 0.94868421052631591 91.500000000000014 0.07985507246376812 0.65833333333333344 0.21070533476548511 0.35416666666666669 0.87867647058823539
decision_type=2 2 2 2 2 2 2 2 2 2 2 2 2 2 2
left_child=2 4 5 7 11 6 -1 -3 14 -5 -7 -2 -10 -6 -4
right_child=1 3 8 9 13 10 -8 -9 12 -11 -12 -13 -14 -15 -16
leaf_value=-0.00086837056714354993 -0.001022527040509679 0.00078489139737584416 -0.0011971384968475344 0.002435219778190661 0.00054053941571078658 -0.0014599920048702897 0.00021712156591499344 0.0017449364322930359 -0.00023663440566349785 0.0043655810051050816 -0.00092380661183374252 0.00031200420756685249 0.00048530122167736683 0.0011008788913501012 -0.00045284358687879304
leaf_weight=8942 897 2906 2346 1740 5471 8838 2952 7460 20976 715 12947 11048 2845 9442 1732
leaf_count=8942 897 2906 2346 1740 5471 8838 2952 7460 20976 715 12947 11048 2845 9442 1732
internal_value=-5.76428e-06 0.000972983 -0.000636613 0.00177068 0.000591715 -0.00095021 -0.000598128 0.00147697 -0.000257646 0.00300459 -0.00114191 0.000210797 -0.000149959 0.000896083 -0.000883851
internal_weight=101257 39679 61578 12821 26858 33679 11894 10366 27899 2455 21785 11945 23821 14913 4078
internal_count=101257 39679 61578 12821 26858 33679 11894 10366 27899 2455 21785 11945 23821 14913 4078
is_linear=0
shrinkage=0.02


Tree=12
num_leaves=16
num_cat=0
split_feature=27 27 27 31 10 26 31 31 10 10 14 27 31 21 27
split_gain=150.118 28.917 17.5406 9.24259 9.04213 5.40294 4.25636 4.02818 3.53469 3.37711 3.35249 2.97888 2.64037 2.06124 2.01221
threshold=0.3594260620915033 0.51526806526806535 0.24918300653594774 3.5186577554998615 0.29705882352941176 0.324561403508772 3.1335958005249354 3.9245929180666845 0.15192307692307691 0.24264705882352941 0.39444444444444454 0.077296489917849112 3.3848752598752605 0.41428571428571431 0.60072463768115958
decision_type=2 2 2 2 2 2 2 2 2 2 2 2 2 2 2
left_child=2 3 5 10 6 7 -3 -1 12 -5 -2 -7 -4 -10 -6
right_child=1 4 8 9 14 11 -8 -9 13 -11 -12 -13 -14 -15 -16
leaf_value=-0.001092196501489706 -0.00029710962391290505 0.00054903403479749193 -0.00066972540438486026 0.00069771551998908197 0.0020990366065269496 0.00086952122206008218 0.0016619178813893141 -0.00041847837715084594 -0.0010682278737593233 0.0013596906879394699 0.00045447865770966198 -0.0005617733454206952 -0.00020402469468969273 0.00022053826987055835 0.0033824996579981436
leaf_weight=27033 4756 1662 8052 13294 869 917 8913 4149 532 4083 4725 1580 12555 6760 1377
leaf_count=27033 4756 1662 8052 13294 869 917 8913 4149 532 4083 4725 1580 12555 6760 1377
internal_value=-5.64077e-06 0.000953558 -0.000623893 0.00057989 0.00173534 -0.000931216 0.0014881 -0.00100291 -0.000252502 0.000853971 7.64181e-05 -3.18669e-05 -0.000386526 0.000124876 0.00289267
internal_weight=101257 39679 61578 26858 12821 33679 10575 31182 27899 17377 9481 2497 20607 7292 2246
internal_count=101257 39679 61578 26858 12821 33679 10575 31182 27899 17377 9481 2497 20607 7292 2246
is_linear=0
shrinkage=0.02


Tree=13
num_leaves=16
num_cat=0
split_feature=27 27 27 11 30 30 37 30 37 19 11 1 28 37 30
split_gain=144.308 24.3487 20.7733 10.7727 6.91246 5.38927 8.67627 4.36335 4.33649 3.86882 3.8444 2.49885 2.40937 1.83959 1.82268
threshold=0.37459677419354848 0.51526806526806535 0.27508389261744975 0.25463121783876502 3.0801282051282057 3.0513157894736849 21.500000000000004 3.0513157894736849 91.500000000000014 0.56194411648957121 0.21070533476548511 0.64583333333333337 1.0000000180025095e-35 36.500000000000007 3.4058823529411768
decision_type=2 2 2 2 2 2 2 2 2 2 2 2 2 2 2
left_child=2 4 5 7 13 12 -7 -3 -5 -6 11 -4 -1 -2 -12
right_child=1 3 10 8 9 6 -8 -9 -10 -11 14 -13 -14 -15 -16
leaf_value=0.00036057608526038088 -0.00076949252055229483 0.00025894729286255326 -0.00056400420837797926 0.0023391435845369038 0.00052930782694954781 -0.0001488533929317723 -0.00091497131876082762 0.0015632406094688777 0.0042264273380302154 0.0010921688429803489 -0.00047069516614519594 -6.1992388854735668e-05 -0.0012658462685425536 0.00022436025186667536 0.00089352981934269667
leaf_weight=366 1522 1177 5326 1740 12799 8237 21266 9189 715 8030 472 15752 11174 1434 2058
leaf_count=366 1522 1177 5326 1740 12799 8237 21266 9189 715 8030 472 15752 11174 1434 2058
internal_value=-5.51927e-06 0.00099775 -0.000573748 0.00170071 0.000618298 -0.000845667 -0.000701441 0.00141619 0.00289586 0.000746866 -0.000100554 -0.000189357 -0.00121334 -0.000284153 0.000634898
internal_weight=101257 36606 64651 12821 23785 41043 29503 10366 2455 20829 23608 21078 11540 2956 2530
internal_count=101257 36606 64651 12821 23785 41043 29503 10366 2455 20829 23608 21078 11540 2956 2530
is_linear=0
shrinkage=0.02


Tree=14
num_leaves=16
num_cat=0
split_feature=27 27 27 11 31 37 6 6 6 37 11 6 10 11 21
split_gain=138.606 26.6467 16.3083 10.3468 8.65336 5.15955 4.9967 4.41176 4.3171 4.16278 3.5366 3.39147 3.2091 2.97749 1.88221
threshold=0.3594260620915033 0.51526806526806535 0.24918300653594774 0.25463121783876502 3.5186577554998615 21.500000000000004 1.0954545454545457 1.2426470588235297 0.94868421052631591 91.500000000000014 0.07985507246376812 0.65833333333333344 0.24264705882352941 0.21070533476548511 0.47222222222222227
decision_type=2 2 2 2 2 2 2 2 2 2 2 2 2 2 2
left_child=2 4 5 7 11 6 -1 -3 14 -5 -7 -2 -6 -10 -4
right_child=1 3 8 9 12 10 -8 -9 13 -11 -12 -13 -14 -15 -16
leaf_value=-0.0010123395816841268 -0.0011483904102505616 0.00071995963512867312 -0.0019485303343218915 0.0022924144210210488 0.00067041430230085452 -0.0013896548539669806 -0.00018607779118913804 0.0016464771765289982 -0.00022055858779378612 0.0041421345736691144 -0.00086637230782593913 0.00018853782126664948 0.0013157611445522657 0.00046793328593561933 -0.0006696730073796213
leaf_weight=5353 829 2906 542 1740 13294 8838 6541 7460 20976 715 12947 8652 4083 2845 3536
leaf_count=5353 829 2906 542 1740 13294 8838 6541 7460 20976 715 12947 8652 4083 2845 3536
internal_value=-5.40008e-06 0.000916281 -0.000599477 0.00166677 0.000557558 -0.00089581 -0.000558893 0.00138789 -0.000241352 0.00283813 -0.00107923 7.03674e-05 0.000822758 -0.000137878 -0.000842967
internal_weight=101257 39679 61578 12821 26858 33679 11894 10366 27899 2455 21785 9481 17377 23821 4078
internal_count=101257 39679 61578 12821 26858 33679 11894 10366 27899 2455 21785 9481 17377 23821 4078
is_linear=0
shrinkage=0.02


Tree=15
num_leaves=16
num_cat=0
split_feature=25 25 30 30 11 11 25 10 11 11 37 28 25 23 10
split_gain=95.1587 22.0557 13.5126 9.76642 8.62632 8.22531 5.27146 4.1759 3.78931 3.67744 2.96343 1.6782 1.5799 1.13954 1.02598
threshold=0.35416666666666669 0.61250000000000016 3.4686274509803927 3.0954545454545461 0.33436853002070394 0.24101764199655762 0.13392857142857142 0.080128205128205107 0.10819418144258906 0.18695387888458317 17.500000000000004 1.0000000180025095e-35 1.0000000180025095e-35 0.87545620437956218 1.0000000180025095e-35
decision_type=2 2 2 2 2 2 2 2 2 2 2 2 2 2 2
left_child=2 3 8 14 7 -5 13 -3 11 -8 -6 -1 -10 -4 -2
right_child=1 4 6 5 10 -7 9 -9 12 -11 -12 -13 -14 -15 -16
leaf_value=0.00034730329338146488 -0.00082428352103207283 0.0006801871678719085 -0.00074964817609876253 0.00051834491585510878 0.0017984786768651378 0.0016000862407106612 -0.00018106053430454934 0.0017146487584526896 -0.0012044971057431615 0.00044501375396173627 0.0049465812658086236 -0.00099991740925191828 -0.0003510078699472564 -0.00034635352558356764 -0.00015412203787137826
leaf_weight=365 1279 2120 6408 22981 191 3217 16831 6374 1003 4824 403 19316 7117 5216 3384
leaf_count=365 1279 2120 6408 22981 191 3217 16831 6374 1003 4824 403 19316 7117 5216 3384
internal_value=-1.86574e-06 0.000756989 -0.000498362 0.000501443 0.00162337 0.000651672 -0.000226035 0.00145786 -0.00082395 -4.11024e-05 0.00396052 -0.000974391 -0.000457935 -0.00056963 -0.000340357
internal_weight=101029 39949 61080 30861 9088 26198 33279 8494 27801 21655 594 19681 8120 11624 4663
internal_count=101029 39949 61080 30861 9088 26198 33279 8494 27801 21655 594 19681 8120 11624 4663
is_linear=0
shrinkage=0.02


Tree=16
num_leaves=16
num_cat=0
split_feature=27 27 27 7 26 26 30 30 6 8 2 35 27 26 23
split_gain=130.024 27.2262 11.3573 9.88692 5.0149 4.57295 4.25777 4.2323 3.51109 3.37009 2.66081 2.44801 2.22247 1.69336 0.897302
threshold=0.34384952229299365 0.51526806526806535 0.27167203435319381 1.4107834994462904 0.39444444444444454 0.84807692307692317 3.7947368421052636 3.0954545454545461 0.97500000000000009 0.45000000000000007 0.67543859649122817 0.013937451437451351 0.31153480636730818 0.46410256410256417 0.64724736048265474
decision_type=2 2 2 2 2 2 2 2 2 2 2 2 2 2 2
left_child=2 7 4 10 6 -5 -1 13 14 -9 -3 -6 -10 -2 -4
right_child=1 3 8 5 11 -7 -8 9 12 -11 -12 -13 -14 -15 -16
leaf_value=-0.00098456646545075767 -0.00036539047194712634 0.00011980457431882795 -0.001469433193056904 0.0018025504814479412 0.00085625986160891069 0.0031865221741890991 -0.00049704847604366514 0.00054206721094218161 -0.00029307455261828094 0.0016143907263467087 0.0011793700829062026 -0.0005576641046427151 0.00019697820572196626 0.0005634409280455843 -0.00062831322389344374
leaf_weight=28203 2854 1531 682 7634 1019 1122 9746 25015 8379 1240 2589 933 6608 1076 2398
leaf_count=28203 2854 1531 682 7634 1019 1122 9746 25015 8379 1240 2589 933 6608 1076 2398
internal_value=-1.82359e-06 0.000830531 -0.00062031 0.00160082 -0.000808764 0.00198172 -0.000859659 0.000501534 -0.000203513 0.000593212 0.000788309 0.000175448 -7.63381e-05 -0.000108384 -0.000818639
internal_weight=101029 43061 57968 12876 39901 8756 37949 30185 18067 26255 4120 1952 14987 3930 3080
internal_count=101029 43061 57968 12876 39901 8756 37949 30185 18067 26255 4120 1952 14987 3930 3080
is_linear=0
shrinkage=0.02


Tree=17
num_leaves=16
num_cat=0
split_feature=27 27 7 27 25 11 37 27 25 10 11 6 6 11 37
split_gain=124.89 27.5437 9.49357 9.27472 5.27787 5.03107 4.83893 5.12465 4.08531 3.82695 3.08899 2.95766 2.05897 1.66195 0.602006
threshold=0.33438818565400846 0.51526806526806535 1.4107834994462904 0.27167203435319381 0.86607142857142871 0.062718531468531472 16.500000000000004 0.18469899665551839 0.47222222222222227 0.10818713450292396 0.21631706333198866 0.8377192982456142 0.97500000000000009 0.21070533476548511 94.500000000000014
decision_type=2 2 2 2 2 2 2 2 2 2 2 2 2 2 2
left_child=3 5 12 6 -4 9 8 -8 -1 -2 -7 14 -3 -13 -5
right_child=1 2 4 11 -6 10 7 -9 -10 -11 -12 13 -14 -15 -16
leaf_value=-0.00051624570381582759 -0.00019018907520065918 6.4395140725901604e-05 0.0017126130140681342 -0.000852375516678368 0.0030210778913991637 0.00048717884461859268 -0.0012715733032498181 -0.00071954782710445823 0.001386467436356331 0.0021991486815696069 0.0010615189484870363 -0.00021374885888592095 0.0010586215795023509 0.00044719717188226442 -0.0019684234934468424
leaf_weight=10570 5354 1196 7232 1430 1524 21553 10935 17929 467 280 4587 13090 2924 1712 246
leaf_count=10570 5354 1196 7232 1430 1524 21553 10935 17929 467 280 4587 13090 2924 1712 246
internal_value=-1.77909e-06 0.00078827 0.00156887 -0.000627651 0.00194213 0.00047155 -0.000792595 -0.0009291 -0.000434595 -6.89306e-05 0.000588419 -0.000227589 0.000772604 -0.000136578 -0.0010243
internal_weight=101029 44650 12876 56379 8756 31774 39901 28864 11037 5634 26140 16478 4120 14802 1676
internal_count=101029 44650 12876 56379 8756 31774 39901 28864 11037 5634 26140 16478 4120 14802 1676
is_linear=0
shrinkage=0.02


Tree=18
num_leaves=16
num_cat=0
split_feature=27 27 27 7 26 11 11 11 10 6 11 2 37 27 12
split_gain=120.023 25.0985 10.4796 9.11585 5.61644 4.81307 4.36764 3.93822 3.65048 2.97005 2.91024 2.5009 2.4184 1.80384 0.791527
threshold=0.34384952229299365 0.51526806526806535 0.27798663324979117 1.4107834994462904 0.39444444444444454 0.062718531468531472 0.33436853002070394 0.10819418144258906 0.10818713450292396 0.97500000000000009 0.21631706333198866 0.67543859649122817 4.5000000000000009 0.31153480636730818 0.36666666666666675
decision_type=2 2 2 2 2 2 2 2 2 2 2 2 2 2 2
left_child=2 5 4 11 7 8 -5 -1 -2 14 -7 -3 -6 -11 -4
right_child=1 3 9 6 12 10 -8 -9 -10 13 -12 -13 -14 -15 -16
leaf_value=-0.00097736727160535673 -0.00018004300439497458 0.0001089394574684795 -0.00098710369828825667 0.0017465262285175714 0.001201089119017983 0.00049749273058529971 0.003219812120414891 -0.00056457370464739042 0.0021884725509333787 -0.0002684497574979484 0.0010650923680798599 0.0011363255118412754 -0.00022931330058871479 0.0001930141169436941 -0.0002419046588327693
leaf_weight=24283 5118 1531 1926 7835 692 20345 921 15198 272 6933 4450 2589 1460 6608 868
leaf_count=24283 5118 1531 1926 7835 692 20345 921 15198 272 6933 4450 2589 1460 6608 868
internal_value=-1.73531e-06 0.000797964 -0.000595964 0.00153756 -0.000764467 0.000482065 0.00190334 -0.000818755 -5.78966e-05 -0.000165849 0.000599842 0.000757211 0.000226694 -4.2522e-05 -0.000759511
internal_weight=101029 43061 57968 12876 41633 30185 8756 39481 5390 16335 24795 4120 2152 13541 2794
internal_count=101029 43061 57968 12876 41633 30185 8756 39481 5390 16335 24795 4120 2152 13541 2794
is_linear=0
shrinkage=0.02


Tree=19
num_leaves=16
num_cat=0
split_feature=24 19 19 11 23 11 2 29 11 24 24 28 8 29 3
split_gain=56.5293 19.2598 15.0594 6.35583 5.5971 5.59084 3.9539 3.22298 2.69951 2.66183 2.63214 2.37554 2.3029 2.30074 1.08846
threshold=0.55000000000000016 0.45797959620460871 0.53135926573426584 0.25463121783876502 1.0488657683779639 0.21631706333198866 0.69615384615384623 3.3166666666666669 0.061313999283924052 0.70833333333333337 1.0000000180025095e-35 3.4500000000000006 0.55000000000000016 2.8166666666666669 0.98418947631546061
decision_type=2 2 2 2 2 2 2 2 2 2 2 2 2 2 2
left_child=1 4 6 8 7 10 14 -1 -4 -8 -3 -7 -5 -6 -2
right_child=2 5 3 12 13 11 9 -9 -10 -11 -12 -13 -14 -15 -16
leaf_value=-0.00085956918521926345 -0.00025670229219922834 -0.00037219582395489566 0.00014129501245142091 0.0019429635496514375 -0.00094083419495951184 -0.0001186416746361486 0.0003113627271961686 -0.00046197167659807318 0.0012525827174141924 0.0010180190473309666 5.9617734808549431e-05 0.00076893307086371243 0.0034632556618697571 6.541617639065516e-05 0.0023441250782746535
leaf_weight=17746 3364 7595 1009 1957 1051 1519 5468 15401 7771 3560 21907 5517 537 6564 63
leaf_count=17746 3364 7595 1009 1957 1051 1519 5468 15401 7771 3560 21907 5517 537 6564 63
internal_value=-1.69153e-06 -0.000263909 0.000852041 0.00138188 -0.000562814 6.92907e-05 0.00037149 -0.000675175 0.00112607 0.000591289 -5.12272e-05 0.000575915 0.00227683 -7.23613e-05 -0.000204635
internal_weight=101029 77300 23729 11274 40762 36538 12455 33147 8780 9028 29502 7036 2494 7615 3427
internal_count=101029 77300 23729 11274 40762 36538 12455 33147 8780 9028 29502 7036 2494 7615 3427
is_linear=0
shrinkage=0.02


Tree=20
num_leaves=16
num_cat=0
split_feature=27 26 27 26 11 11 37 11 11 23 2 14 8 11 7
split_gain=110.264 27.4371 7.72031 6.87715 6.65597 6.22576 4.67499 4.23544 3.74722 3.3167 2.99517 2.54416 2.21778 1.91797 1.42506
threshold=0.31153480636730818 0.48684210526315791 0.52649122807017557 0.16228070175438594 0.14461620065166322 0.20993827160493828 7.5000000000000009 0.073606811145510764 0.063914893617021268 0.89299345692475474 0.74342105263157909 1.2287581699346408 0.55000000000000016 0.13804446460980038 1.2964240102171141
decision_type=2 2 2 2 2 2 2 2 2 2 2 2 2 2 2
left_child=3 5 12 9 -4 8 10 -8 -2 13 -5 -7 -3 -1 -11
right_child=1 2 4 6 -6 11 7 -9 -10 14 -12 -13 -14 -15 -16
leaf_value=-0.0012333739775684156 -0.00019819876381662392 0.00080195211281443356 0.0011144798780006872 -0.00045701605777969881 0.0022017726703969084 0.00090133933224635946 -0.0009380299620025005 -0.00038647786988425369 0.00033345713507269701 -0.000900184217981808 0.00073645953315230992 0.0043488468648342606 0.0022623097903258062 -0.0005544855703274018 -0.00031061730298075828
leaf_weight=11225 7152 8960 4314 1453 4856 4869 8075 18340 20291 3081 1974 87 444 2028 3667
leaf_count=11225 7152 8960 4314 1453 4856 4869 8075 18340 20291 3081 1974 87 444 2028 3667
internal_value=1.04765e-05 0.000664616 0.00127758 -0.000658292 0.0016917 0.000312842 -0.000465251 -0.000555523 0.000194532 -0.000945739 0.000227555 0.000965605 0.000872431 -0.00113034 -0.00058147
internal_weight=100816 50973 18574 49843 9170 32399 29842 26415 27443 20001 3427 4956 9404 13253 6748
internal_count=100816 50973 18574 49843 9170 32399 29842 26415 27443 20001 3427 4956 9404 13253 6748
is_linear=0
shrinkage=0.02


Tree=21
num_leaves=16
num_cat=0
split_feature=26 26 26 6 29 11 11 11 26 26 8 26 1 29 29
split_gain=93.4375 14.6651 14.5679 8.32638 7.30259 6.23672 3.42795 3.18404 2.95422 2.4036 2.10876 2.08201 1.93038 1.72651 1.63872
threshold=0.36602870813397131 0.19375000000000003 0.64852941176470602 1.3141447368421055 3.4722222222222228 0.14461620065166322 0.10726270373921376 0.22845894263217098 0.48684210526315791 0.29705882352941176 0.55000000000000016 0.46410256410256417 0.31666666666666671 3.7888888888888892 1.0000000180025095e-35
decision_type=2 2 2 2 2 2 2 2 2 2 2 2 2 2 2
left_child=1 6 3 11 9 12 14 -6 -5 -3 -7 -2 -4 -8 -1
right_child=2 4 5 8 7 10 13 -9 -10 -11 -12 -13 -14 -15 -16
leaf_value=0.00028530312628395816 -7.325917387228564e-05 -0.00073442223536595891 -0.00099915371094336063 0.00065956633630537384 -8.0849313362179668e-05 0.0020189720508203193 -0.00079509627733606592 0.00064077122811426971 0.0011789068581464126 -0.00026670688627621108 0.0034705142018976154 0.0005106065905130364 0.001115830828435399 -0.00019859914553207019 -0.0010730399548374194
leaf_weight=352 5636 10083 177 9580 23184 3390 4183 2732 8321 7949 485 4277 2907 3725 13835
leaf_count=352 5636 10083 177 9580 23184 3390 4183 2732 8321 7949 485 4277 2907 3725 13835
internal_value=1.0268e-05 -0.000431437 0.000849445 0.000644013 -0.000219794 0.00166867 -0.000851895 -4.34847e-06 0.000901637 -0.000528847 0.00220492 0.000177695 0.000990636 -0.000515507 -0.0010386
internal_weight=100816 66043 34773 27814 43948 6959 22095 25916 17901 18032 3875 9913 3084 7908 14187
internal_count=100816 66043 34773 27814 43948 6959 22095 25916 17901 18032 3875 9913 3084 7908 14187
is_linear=0
shrinkage=0.02


Tree=22
num_leaves=16
num_cat=0
split_feature=27 27 37 31 31 27 27 10 11 37 29 21 37 25 11
split_gain=102.892 25.0699 8.13512 8.13362 6.02631 5.98885 5.54053 5.33112 4.46147 4.17611 2.67843 2.5473 1.59412 1.74178 1.25273
threshold=0.31153480636730818 0.53873431533006011 62.500000000000007 3.4007299270072999 3.9209579704657331 0.21960458240946049 0.73097601323407779 1.0000000180025095e-35 0.21452540747842758 14.500000000000002 2.2361111111111116 0.47222222222222227 42.500000000000007 0.18333333333333332 0.19732366630862866
decision_type=2 2 2 2 2 2 2 2 2 2 2 2 2 2 2
left_child=4 3 7 10 5 9 -4 -3 -5 -1 -2 -7 13 -6 -14
right_child=1 2 6 8 12 11 -8 -9 -10 -11 -12 -13 14 -15 -16
leaf_value=-0.00053158647443281239 -0.0014981456450474115 -0.00021650523237499547 0.0019417897422932835 0.00046936142466936332 -0.00031828055905803592 -0.0010961001896298598 0.0041788026795928929 0.0013270791000110341 0.0011175549917135351 -0.0011177824941049374 1.9036764202153292e-05 -0.00037714529411871263 -0.00056231122719231034 0.00053770383525130567 0.00054769586609757458
leaf_weight=7030 484 1025 2940 23492 1645 2256 535 6487 5227 16393 10783 16762 3077 2222 458
leaf_count=7030 484 1025 2940 23492 1645 2256 535 6487 5227 16393 10783 16762 3077 2222 458
internal_value=1.00629e-05 0.00064196 0.00148838 0.000409075 -0.000635959 -0.000727838 0.00229127 0.00111513 0.000587754 -0.000942333 -4.55042e-05 -0.000463063 -0.000107749 0.000171012 -0.000415441
internal_weight=100816 50973 10987 39986 49843 42441 3475 7512 28719 23423 11267 19018 7402 3867 3535
internal_count=100816 50973 10987 39986 49843 42441 3475 7512 28719 23423 11267 19018 7402 3867 3535
is_linear=0
shrinkage=0.02


Tree=23
num_leaves=16
num_cat=0
split_feature=27 26 11 31 26 11 31 31 27 26 31 29 27 29 21
split_gain=98.8224 24.5346 7.05561 6.59369 6.10681 4.60674 4.11078 3.89519 3.25569 3.07464 2.47237 1.82015 1.72591 1.48655 1.05013
threshold=0.31153480636730818 0.48684210526315791 0.25082781456953646 3.2731157731157734 0.16228070175438594 0.21452540747842758 3.1266714209306472 3.8533908045977019 0.61569230769230787 0.39444444444444454 3.4355637176620895 1.0000000180025095e-35 0.10033557046979867 2.2928571428571431 0.78888888888888908
decision_type=2 2 2 2 2 2 2 2 2 2 2 2 2 2 2
left_child=4 3 6 13 10 -5 -3 9 -4 -6 11 -1 -9 -2 -12
right_child=1 2 8 5 7 -7 -8 12 -10 -11 14 -13 -14 -15 -16
leaf_value=0.00029020102515732503 -0.0013844738075151132 0.00017061650691158612 0.0014387566096742044 0.00032716732270722971 -0.00064333862896370731 0.0010527378029578569 0.0011634250591768276 0.00093615953977397421 0.0028273472917411772 8.0772093481214596e-05 -0.00092766198078608037 -0.0011481996364023197 -0.00012043668330229384 -0.00016168599731955101 -0.00047938325941750289
leaf_weight=352 424 1925 1406 20949 20735 4226 13844 690 1399 2617 3467 10466 5800 6800 5716
leaf_count=352 424 1925 1406 20949 20735 4226 13844 690 1399 2617 3467 10466 5800 6800 5716
internal_value=9.86144e-06 0.000629138 0.00120879 0.000296469 -0.000623254 0.000449436 0.0010429 -0.000441306 0.0021364 -0.000561761 -0.000894156 -0.00110043 -6.30795e-06 -0.000235203 -0.000649883
internal_weight=100816 50973 18574 32399 49843 25175 15769 29842 2805 23352 20001 10818 6490 7224 9183
internal_count=100816 50973 18574 32399 49843 25175 15769 29842 2805 23352 20001 10818 6490 7224 9183
is_linear=0
shrinkage=0.02


Tree=24
num_leaves=16
num_cat=0
split_feature=26 26 26 30 29 11 23 26 11 11 30 11 37 29 22
split_gain=83.6854 13.2011 13.0569 7.88318 6.48474 5.70526 3.44027 3.43706 2.83129 2.37958 2.28251 2.18468 2.13103 2.01118 1.83226
threshold=0.36602870813397131 0.64852941176470602 0.16228070175438594 3.2052631578947373 3.4722222222222228 0.14461620065166322 0.89299345692475474 0.45804195804195807 0.22845894263217098 0.073606811145510764 4.0250000000000012 0.13962038303693566 4.5000000000000009 3.5857142857142867 0.31414473684210531
decision_type=2 2 2 2 2 2 2 2 2 2 2 2 2 2 2
left_child=2 3 6 13 9 14 11 -5 -6 -4 -8 -1 -7 -2 -3
right_child=1 5 4 7 8 12 10 -9 -10 -11 -12 -13 -14 -15 -16
leaf_value=-0.0011012029994654877 -0.00011712782533086908 -0.0014466534296343151 -0.00074768351632776479 0.00054506545389525532 -8.0273496835459217e-05 -0.0003036471135424872 -0.00060925988223009965 0.0010472662622742039 0.00059757433182874853 -0.00028754847801921584 0.00035960513815888232 -0.00040636245427750782 0.0021861215329214831 0.0024771420657634735 0.0010348942496176314
leaf_weight=11985 5501 119 8417 11934 23292 135 6394 10259 2754 9876 1132 2193 3740 120 2965
leaf_count=11985 5501 119 8417 11934 23292 135 6394 10259 2754 9876 1132 2193 3740 120 2965
internal_value=9.66755e-06 0.000803851 -0.000408347 0.000608267 -0.000211275 0.00158373 -0.000810427 0.000777738 -8.17629e-06 -0.000499872 -0.000462146 -0.000994505 0.00209669 -5.91042e-05 0.000935025
internal_weight=100816 34773 66043 27814 44339 6959 21704 22193 26046 18293 7526 14178 3875 5621 3084
internal_count=100816 34773 66043 27814 44339 6959 21704 22193 26046 18293 7526 14178 3875 5621 3084
is_linear=0
shrinkage=0.02


Tree=25
num_leaves=16
num_cat=0
split_feature=27 26 27 31 11 26 31 37 27 31 37 27 31 11 4
split_gain=95.5804 18.2235 14.5603 7.34414 6.82782 5.15525 4.39034 3.75371 3.46184 3.10147 2.7313 2.69623 2.46755 1.61445 1.06327
threshold=0.37459677419354848 0.53589743589743599 0.27167203435319381 3.5480110642781879 0.25082781456953646 0.38675213675213677 3.4951918631530288 6.5000000000000009 0.65636927480916041 3.3531623175586032 80.500000000000014 0.5335585585585586 2.9567554932211317 0.20747728860936407 1.5500000000000003
decision_type=2 2 2 2 2 2 2 2 2 2 2 2 2 2 2
left_child=2 3 5 12 8 6 -1 -7 -3 14 -6 -5 -2 -11 -4
right_child=1 4 9 11 10 7 -8 -9 -10 13 -12 -13 -14 -15 -16
leaf_value=-0.00093182821782490037 -0.00058863089653490418 0.0010092976881943916 -0.00054897812956867761 0.00067445665974695686 0.001916998609173324 0.0013339998704014404 -0.00049737829919175322 -0.00041308960123504602 0.0018365969508886337 2.4538642809687291e-06 0.003445262801616303 0.0014736883941000114 0.00022663547282526631 0.00056154715043636662 -2.1442524251797361e-05
leaf_weight=21183 1840 7812 5512 12179 1371 823 16858 1205 2802 14443 770 1994 7607 2416 2170
leaf_count=21183 1840 7812 5512 12179 1371 823 16858 1205 2802 14443 770 1994 7607 2416 2170
internal_value=9.41212e-06 0.000829521 -0.000452161 0.000499841 0.00143907 -0.000687146 -0.000739599 0.000291601 0.00122894 -6.8059e-05 0.002474 0.000787798 6.66961e-05 8.32256e-05 -0.000401306
internal_weight=100985 36375 64610 23620 12755 40069 38041 2028 10614 24541 2141 14173 9447 16859 7682
internal_count=100985 36375 64610 23620 12755 40069 38041 2028 10614 24541 2141 14173 9447 16859 7682
is_linear=0
shrinkage=0.02


Tree=26
num_leaves=16
num_cat=0
split_feature=27 26 27 30 37 26 27 37 26 27 7 14 10 24 28
split_gain=91.8762 18.9764 11.4589 7.67259 4.99036 5.31591 4.3577 5.83133 4.09318 3.46551 2.94438 2.43648 2.30377 1.37313 1.27714
threshold=0.3594260620915033 0.59411764705882364 0.27167203435319381 3.5477272727272733 13.500000000000002 0.38675213675213677 0.63497856563550004 41.500000000000007 0.48684210526315791 0.19157801418439713 1.5233101499673987 0.31414473684210531 0.46862745098039221 0.55000000000000016 2.5500000000000003
decision_type=2 2 2 2 2 2 2 2 2 2 2 2 2 2 2
left_child=2 3 4 11 5 -1 12 -8 -5 -6 14 -2 -3 -12 -4
right_child=1 6 10 8 9 -7 7 -9 -10 -11 13 -13 -14 -15 -16
leaf_value=-0.00043370714951592815 -0.00026610713180169577 0.001130402891398555 -0.00092498149054642104 0.00058612007230570567 -0.001047800561926262 0.0011273913600676796 0.001449402900369184 0.0030610717771165303 0.0012650052779886868 -0.00061317489100419986 3.9254572643305212e-05 0.00034067763314215432 0.0048075624838681283 0.00063885849185628027 -0.0002381984402311336
leaf_weight=8783 4464 5523 1219 14214 13016 964 2439 1467 4797 17306 7573 6467 69 1926 10758
leaf_count=8783 4464 5523 1219 14214 13016 964 2439 1467 4797 17306 7573 6467 69 1926 10758
internal_value=9.23358e-06 0.000762892 -0.000473581 0.000515244 -0.000673409 -0.000278086 0.00154227 0.00205852 0.000758063 -0.000800129 -0.000100258 9.1961e-05 0.00117927 0.000161991 -0.000309076
internal_weight=100985 39440 61545 29942 40069 9747 9498 3906 19011 30322 21476 10931 5592 9499 11977
internal_count=100985 39440 61545 29942 40069 9747 9498 3906 19011 30322 21476 10931 5592 9499 11977
is_linear=0
shrinkage=0.02


Tree=27
num_leaves=16
num_cat=0
split_feature=27 26 27 31 27 37 37 26 6 27 14 27 14 29 27
split_gain=88.2799 16.8438 13.3982 6.87406 5.53289 6.4344 4.79268 5.18654 3.41226 3.32752 2.64087 2.57441 2.40987 1.53324 0.887303
threshold=0.37459677419354848 0.53589743589743599 0.27167203435319381 3.5480110642781879 0.65636927480916041 56.500000000000007 13.500000000000002 0.24264705882352941 1.6961538461538463 0.19157801418439713 0.28991596638655465 0.5335585585585586 0.31414473684210531 2.3166666666666669 0.31835016835016838
decision_type=2 2 2 2 2 2 2 2 2 2 2 2 2 2 2
left_child=2 3 6 12 10 -6 7 -1 13 -8 -3 -5 -2 -4 -10
right_child=1 4 8 11 5 -7 9 -9 14 -11 -12 -13 -14 -15 -16
leaf_value=-0.00059110120581433391 -0.00033782622678624929 0.00026134782089405314 -0.0012552272512669294 0.00064806740856084542 0.0015113227934324066 0.0033781888768650019 -0.0010268477629426622 0.00039464660932651981 4.1972963711881426e-05 -0.00060091281108694207 0.0012513441179263522 0.0014290713883174924 0.00031684809025231896 -0.00019371531747686181 0.00046677062054880248
leaf_weight=6607 3674 1285 566 12179 2720 1038 13016 3140 3717 17306 7712 1994 5773 15944 4314
leaf_count=6607 3674 1285 566 12179 2720 1038 13016 3140 3717 17306 7712 1994 5773 15944 4314
internal_value=9.05918e-06 0.00079723 -0.000434532 0.000480251 0.00138327 0.00203115 -0.000659946 -0.000272501 -6.60585e-05 -0.000784135 0.00111115 0.000758838 6.1165e-05 -0.00023086 0.000271465
internal_weight=100985 36375 64610 23620 12755 3758 40069 9747 24541 30322 8997 14173 9447 16510 8031
internal_count=100985 36375 64610 23620 12755 3758 40069 9747 24541 30322 8997 14173 9447 16510 8031
is_linear=0
shrinkage=0.02


Tree=28
num_leaves=16
num_cat=0
split_feature=27 27 27 31 11 26 31 31 5 31 7 30 7 24 21
split_gain=84.8051 17.7215 10.5544 7.11938 6.59296 4.66471 4.65355 4.2005 3.06517 2.95894 2.76383 2.61556 1.54471 1.31764 1.26465
threshold=0.3594260620915033 0.5504231562477776 0.27167203435319381 3.1581140350877197 0.17049859055673008 0.38675213675213677 3.4355637176620895 3.4951918631530288 2.4142857142857146 1.0000000180025095e-35 1.5233101499673987 3.0513157894736849 0.92337052260716401 0.55000000000000016 0.5634920634920636
decision_type=2 2 2 2 2 2 2 2 2 2 2 2 2 2 2
left_child=2 3 5 12 11 7 -6 -1 -5 -7 14 -3 -2 -12 -4
right_child=1 4 10 8 6 9 -8 -9 -10 -11 13 -13 -14 -15 -16
leaf_value=-0.00088466161316454563 -0.00083902941313531972 3.0189563676846768e-05 -0.00069595889397869402 0.00053218157529076777 0.00055665622693029714 0.0020901477791659242 0.0023920678914801014 -0.00045974498440998728 0.0012599653854971878 -3.3062092804300258e-05 3.7141168156866194e-05 0.0012091541318033183 -8.6558385337146147e-06 0.00062452538116715265 -0.00019068893785190603
leaf_weight=21183 1386 902 2545 22760 681 306 3354 16858 2605 1722 7573 5153 2599 1926 9432
leaf_count=21183 1386 902 2545 22760 681 306 3354 16858 2605 1722 7573 5153 2599 1926 9432
internal_value=8.88619e-06 0.000732965 -0.000454973 0.000483823 0.00145645 -0.000646754 0.00208521 -0.000696655 0.000607413 0.000284121 -9.66634e-05 0.00103525 -0.000300247 0.000157397 -0.000298987
internal_weight=100985 39440 61545 29350 10090 40069 4035 38041 25365 2028 21476 6055 3985 9499 11977
internal_count=100985 39440 61545 29350 10090 40069 4035 38041 25365 2028 21476 6055 3985 9499 11977
is_linear=0
shrinkage=0.02


Tree=29
num_leaves=16
num_cat=0
split_feature=27 26 27 5 27 37 37 26 30 27 14 14 29 35 21
split_gain=81.5463 15.824 12.3253 5.71296 5.16953 6.06281 4.5762 4.8896 4.48699 3.16815 2.94143 2.49668 1.77176 1.64946 1.02436
threshold=0.37459677419354848 0.53589743589743599 0.27167203435319381 2.4142857142857146 0.65636927480916041 56.500000000000007 13.500000000000002 0.24264705882352941 3.1622807017543866 0.19157801418439713 0.2817460317460318 0.28991596638655465 2.3166666666666669 0.17667066826730693 0.47222222222222227
decision_type=2 2 2 2 2 2 2 2 2 2 2 2 2 2 2
left_child=2 3 6 8 11 -6 7 -1 -2 -8 14 -3 -12 -5 -4
right_child=1 4 10 13 5 -7 9 -9 -10 -11 12 -13 -14 -15 -16
leaf_value=-0.00056459868562115114 -0.00026487732281881183 0.00024469437507482672 -0.001191540848877695 0.0016570073532177028 0.001455850516343975 0.003268319082661317 -0.00099200638948286862 0.00039252077827477898 0.00049384260778128177 -0.00057637325217480299 -0.0017052725522003508 0.0012074604268469031 7.0897841948538919e-05 -1.3828121096931369e-05 -0.0003694159865984858
leaf_weight=6607 3763 1285 718 1865 2720 1038 13016 3140 17735 17306 225 7712 19072 257 4526
leaf_count=6607 3763 1285 718 1865 2720 1038 13016 3140 17735 17306 225 7712 19072 257 4526
internal_value=8.71267e-06 0.000766232 -0.000417621 0.000458982 0.00133426 0.00196061 -0.000633823 -0.000255219 0.000360559 -0.000755171 -6.41901e-05 0.00107115 4.94952e-05 0.00145012 -0.000484298
internal_weight=100985 36375 64610 23620 12755 3758 40069 9747 21498 30322 24541 8997 19297 2122 5244
internal_count=100985 36375 64610 23620 12755 3758 40069 9747 21498 30322 24541 8997 19297 2122 5244
is_linear=0
shrinkage=0.02


Tree=30
num_leaves=16
num_cat=0
split_feature=27 27 27 37 27 37 4 7 29 7 31 28 37 14 1
split_gain=78.2793 11.0741 9.28386 8.28949 4.92563 4.80541 4.23176 3.8821 3.53911 2.71623 2.70264 2.04204 1.82483 1.32653 1.13061
threshold=0.37459677419354848 0.52649122807017557 0.24918300653594774 62.500000000000007 0.71490147783251246 14.500000000000002 2.5500000000000003 1.2669211195928756 3.1180555555555558 1.8662196106575761 3.9209579704657331 2.4500000000000006 77.500000000000014 0.91287878787878796 0.2678571428571429
decision_type=2 2 2 2 2 2 2 2 2 2 2 2 2 2 2
left_child=2 7 5 6 -5 8 -3 14 -1 -7 11 -4 -9 -12 -2
right_child=1 3 10 4 -6 9 -8 12 -10 -11 13 -13 -14 -15 -16
leaf_value=-0.00068843601979137043 -0.0012303867668248295 0.00069944256465563756 -0.00087381887994802596 0.0016931421931655199 0.0036788082112983191 -0.00085269862687465932 0.0020668296309138434 0.00045422591833989203 9.5015687118197759e-05 -2.9369789311009598e-05 0.00017134184774382079 -0.00019706109789506914 0.00085379574971165308 0.0015770184173401224 0.00010205921986091019
leaf_weight=4178 265 7055 1939 3266 605 22508 1050 10126 5103 1753 4902 23783 8619 285 5345
leaf_count=4178 265 7055 1939 3266 605 22508 1050 10126 5103 1753 4902 23783 8619 285 5345
internal_value=3.53184e-06 0.000746007 -0.000414856 0.00124449 0.0020078 -0.000645373 0.000878287 0.000500397 -0.000256664 -0.000793628 -0.000164353 -0.00024853 0.000638554 0.000251082 3.69204e-05
internal_weight=100782 36331 64451 11976 3871 33542 8105 24355 9281 24261 30909 25722 18745 5187 5610
internal_count=100782 36331 64451 11976 3871 33542 8105 24355 9281 24261 30909 25722 18745 5187 5610
is_linear=0
shrinkage=0.02


Tree=31
num_leaves=16
num_cat=0
split_feature=27 27 27 10 26 30 4 23 6 30 27 9 2 6 23
split_gain=75.1848 10.6368 8.91639 6.65926 3.73116 3.72287 3.64907 3.19721 3.03522 2.98601 2.20057 2.00252 1.83204 1.69744 1.26928
threshold=0.37459677419354848 0.52649122807017557 0.24918300653594774 0.12916666666666668 0.34166666666666673 3.1519230769230773 2.7750000000000004 0.82623792270531415 0.97500000000000009 3.0513157894736849 0.32534901510805131 0.21111111111111114 0.2817460317460318 1.1464285714285716 0.56871739521496678
decision_type=2 2 2 2 2 2 2 2 2 2 2 2 2 2 2
left_child=2 5 4 9 7 12 -5 -1 14 -3 -10 -7 -2 -6 -4
right_child=1 3 8 6 13 11 -8 -9 10 -11 -12 -13 -14 -15 -16
leaf_value=-0.00086930802894323123 -0.0025679944403338849 -0.00034517011531415282 -0.0013324897763635826 0.0014005551359747399 -0.00065887847089828359 0.00049667852455942873 0.0025931016604105635 -0.0004570174104084642 -0.00021678197138955631 0.00089874897770697375 0.00016393173718610833 0.00098954120728497698 2.2921230023105941e-06 0.00046287363150067048 -0.00046343697591846151
leaf_weight=17692 112 932 816 5557 781 16183 1297 13353 15938 4190 9783 4222 3838 1716 4372
leaf_count=17692 112 932 816 5557 781 16183 1297 13353 15938 4190 9783 4222 3838 1716 4372
internal_value=3.47014e-06 0.000731123 -0.000406562 0.00121968 -0.000632473 0.000490398 0.00162837 -0.000692338 -0.000161059 0.000670407 -7.1587e-05 0.000599234 -6.93192e-05 0.000107769 -0.000602514
internal_weight=100782 36331 64451 11976 33542 24355 6854 31045 30909 5122 25721 20405 3950 2497 5188
internal_count=100782 36331 64451 11976 33542 24355 6854 31045 30909 5122 25721 20405 3950 2497 5188
is_linear=0
shrinkage=0.02


Tree=32
num_leaves=16
num_cat=0
split_feature=27 26 26 12 23 30 27 7 9 7 7 27 27 22 23
split_gain=72.2116 10.3471 8.56868 6.16497 5.70127 5.24266 4.02549 3.20613 2.93187 2.82041 2.76324 2.47414 1.76011 1.0229 0.931632
threshold=0.37459677419354848 0.52786377708978338 0.25657894736842107 0.77500000000000013 0.98561076604554876 3.1519230769230773 0.66563146997929612 1.2831023543162468 0.21111111111111114 2.382847386393486 2.2510504201680677 0.31456143530264591 0.32534901510805131 0.94868421052631591 0.35751879699248118
decision_type=2 2 2 2 2 2 2 2 2 2 2 2 2 2 2
left_child=2 5 4 9 11 14 -5 -6 -7 -3 12 -1 -4 -12 -2
right_child=1 3 10 6 7 8 -8 -9 -10 -11 13 -13 -14 -15 -16
leaf_value=-0.00076937857128736467 0.00098041466444977058 0.00082740214704471048 -0.00026150055741874746 0.0014194870383999686 -0.0006073060604890665 0.0004712884504405013 0.0028859489287496147 8.7929803544379193e-05 0.0010788686533729688 0.0026783235456751681 0.0019029500800601684 -0.00014205928391485071 0.00010695296699823389 0.00028855298507598137 -0.00029463008287835711
leaf_weight=27588 240 8973 14093 2481 4325 15560 1113 6808 4044 346 360 2812 8157 308 3574
leaf_count=27588 240 8973 14093 2481 4325 15560 1113 6808 4044 346 360 2812 8157 308 3574
internal_value=3.39879e-06 0.000716521 -0.000398443 0.00117154 -0.000569783 0.000465113 0.00187776 -0.000181321 0.00059723 0.000897757 -8.74739e-05 -0.000711694 -0.000125976 0.0011766 -0.000211304
internal_weight=100782 36331 64451 12913 41533 23418 3594 11133 19604 9319 22918 30400 22250 668 3814
internal_count=100782 36331 64451 12913 41533 23418 3594 11133 19604 9319 22918 30400 22250 668 3814
is_linear=0
shrinkage=0.02


Tree=33
num_leaves=15
num_cat=0
split_feature=25 10 29 25 23 25 29 28 25 37 28 25 10 10
split_gain=47.6394 11.7078 8.1389 7.39176 4.37041 3.30024 2.92502 2.54884 2.31079 1.48615 1.44754 1.52101 1.2115 1.13984
threshold=0.35416666666666669 0.26969696969696971 3.1180555555555558 0.58571428571428574 0.98561076604554876 0.18333333333333332 3.0500000000000003 2.5500000000000003 0.84523809523809534 101.50000000000001 1.0000000180025095e-35 0.2678571428571429 0.54772727272727284 0.44722222222222224
decision_type=2 2 2 2 2 2 2 2 2 2 2 2 2 2
left_child=2 3 10 7 5 -4 -5 -2 12 -10 -1 -12 -3 -6
right_child=1 8 4 6 13 -7 -8 -9 9 -11 11 -13 -14 -15
leaf_value=0.00050829316165121818 -0.00063612016274803207 0.0012464713795228048 -0.00061521905374828487 0.00016339349909060954 5.1356931972245878e-05 -0.00018248856824859335 0.00093962926107766566 0.00024898170169456536 0.0019584126113715329 0.0042662704126401382 -0.00087494502002197618 -0.00041660295476415952 0.0035199700471232921 0.001475853569903228
leaf_weight=357 1381 3994 11385 2421 14426 18772 10543 20746 420 174 11870 3966 100 227
leaf_count=357 1381 3994 11385 2421 14426 18772 10543 20746 420 174 11870 3966 100 227
internal_value=3.34497e-06 0.000541908 -0.000347685 0.000416049 -0.000208484 -0.000346216 0.000795488 0.000193236 0.00148129 0.00266328 -0.000732198 -0.000760855 0.00130614 7.43056e-05
internal_weight=100782 39779 61003 35091 44810 30157 12964 22127 4688 594 16193 15836 4094 14653
internal_count=100782 39779 61003 35091 44810 30157 12964 22127 4688 594 16193 15836 4094 14653
is_linear=0
shrinkage=0.02


Tree=34
num_leaves=16
num_cat=0
split_feature=25 19 11 11 31 23 25 25 25 25 6 30 31 31 13
split_gain=45.7567 14.0236 9.17427 6.48388 3.91343 3.55138 3.4641 2.49976 2.18073 2.11971 2.07994 1.72268 1.71401 1.61164 0.743679
threshold=0.35416666666666669 0.53135926573426584 0.13962038303693566 0.27303030303030307 3.3344748858447493 0.98561076604554876 0.58571428571428574 0.68333333333333346 0.13392857142857142 0.81666666666666676 0.59411764705882364 2.8480769230769236 1.0000000180025095e-35 3.1088032716315115 0.15476190476190474
decision_type=2 2 2 2 2 2 2 2 2 2 2 2 2 2 2
left_child=2 6 4 7 12 -6 10 -3 14 -5 -2 -8 -1 -10 -4
right_child=1 3 8 9 5 -7 11 -9 13 -11 -12 -13 -14 -15 -16
leaf_value=7.1720319240573712e-05 -0.0012025772702338091 0.00061766808136520877 -0.001333831510309017 0.0015657189289055872 -0.00047819480741120819 8.4876935895325138e-05 -0.0004556038281825719 0.0011981211830537609 -0.00053397437398747878 0.0030499583586561874 6.5855125175560983e-05 0.00065973859122076136 -0.00075153507306035259 0.00024535802369527929 -0.00023757413805772861
leaf_weight=1045 534 10856 262 2360 16008 6182 595 4177 1159 486 14465 6306 18943 11646 5758
leaf_count=1045 534 10856 262 2360 16008 6182 595 4177 1159 486 14465 6306 18943 11646 5758
internal_value=3.29063e-06 0.000531107 -0.000340732 0.000946826 -0.000504594 -0.000320882 0.000191205 0.000779753 2.58898e-05 0.00182465 1.9875e-05 0.000562022 -0.000707991 0.000173966 -0.000287373
internal_weight=100782 39779 61003 17879 42178 22190 21900 15033 18825 2846 14999 6901 19988 12805 6020
internal_count=100782 39779 61003 17879 42178 22190 21900 15033 18825 2846 14999 6901 19988 12805 6020
is_linear=0
shrinkage=0.02


Tree=35
num_leaves=16
num_cat=0
split_feature=27 27 19 26 11 4 26 11 5 27 6 7 25 26 11
split_gain=64.4389 13.9635 8.06777 6.37781 4.34129 4.02206 3.84233 3.65005 3.56703 2.48344 2.04238 1.93278 1.36696 1.29091 0.362973
threshold=0.40065789473684216 0.27305428384565084 0.51954418130888735 0.78174603174603186 0.080145985401459854 2.5500000000000003 0.34166666666666673 0.16169043374925726 1.4722222222222225 0.17315263476680798 0.55277777777777792 2.0522063595068141 0.13392857142857142 0.44722222222222224 0.09466571834992886
decision_type=2 2 2 2 2 2 2 2 2 2 2 2 2 2 2
left_child=1 6 10 4 -4 -5 7 -1 13 -8 14 -10 -12 -3 -2
right_child=2 8 3 5 -6 -7 9 -9 11 -11 12 -13 -14 -15 -16
leaf_value=-0.00072240363303541731 -0.0011634253558376073 -0.00028658201856396798 5.320198792361294e-05 0.0016810663696521972 0.0010635903750196079 0.0040269962429697742 0.00083809979895076885 -0.0001940044628332136 0.00014942343105713558 -0.00028315758611355632 -0.00049858978421954848 0.00090401585582348943 0.00049458084495085917 0.00020368382369825811 0.00048131899149329578
leaf_weight=30211 380 13089 1969 1296 13569 392 1089 6392 12813 2858 570 1527 11841 2544 52
leaf_count=30211 380 13089 1969 1296 13569 392 1089 6392 12813 2858 570 1527 11841 2544 52
internal_value=5.8982e-06 -0.000324536 0.000781191 0.0010644 0.000936219 0.00223589 -0.00056648 -0.000630418 2.4699e-06 2.39393e-05 0.000400443 0.000230589 0.000448089 -0.000206144 -0.0009411
internal_weight=100592 70523 30069 17226 15538 1688 40550 36603 29973 3947 12843 14340 12411 15633 432
internal_count=100592 70523 30069 17226 15538 1688 40550 36603 29973 3947 12843 14340 12411 15633 432
is_linear=0
shrinkage=0.02


Tree=36
num_leaves=16
num_cat=0
split_feature=27 27 19 26 37 37 26 27 6 30 27 7 14 25 30
split_gain=61.8899 13.4115 7.74916 6.12652 4.31407 4.25006 4.01978 3.516 3.42895 2.56554 2.44059 2.099 2.00807 1.36329 0.849192
threshold=0.40065789473684216 0.27305428384565084 0.51954418130888735 0.78174603174603186 32.500000000000007 43.500000000000007 0.29705882352941176 0.14093535572408813 1.1464285714285716 3.0250000000000004 0.42905081495685521 1.963459141890689 0.38675213675213677 0.18333333333333332 3.897368421052632
decision_type=2 2 2 2 2 2 2 2 2 2 2 2 2 2 2
left_child=1 4 9 10 6 -5 -1 -6 14 12 -4 -10 -2 -11 -3
right_child=2 8 3 5 7 -7 -8 -9 11 13 -12 -13 -14 -15 -16
leaf_value=-0.00044929558804732617 -0.00063903157409053268 -0.00041246917107020672 0.0003397109249332788 0.00087616908484967849 -0.0013713253862995037 0.0029759199975336152 0.00038093017734470736 -0.00063854754463637988 5.5605546468503553e-05 -0.0004619822602988196 0.0010278354291446484 0.0006566118561450253 0.00066186060204429572 0.0005728087953318496 0.0006025022091950185
leaf_weight=14961 1506 7214 2507 637 3056 1051 2749 19784 19782 524 13031 2641 685 10128 336
leaf_count=14961 1506 7214 2507 637 3056 1051 2749 19784 19782 524 13031 2641 685 10128 336
internal_value=5.78888e-06 -0.000318042 0.000765595 0.00104316 -0.000555156 0.00219143 -0.000319832 -0.000737143 2.42847e-06 0.000392416 0.000917511 0.000126891 -0.000227525 0.000520889 -0.000365828
internal_weight=100592 70523 30069 17226 40550 1688 17710 22840 29973 12843 15538 22423 2191 10652 7550
internal_count=100592 70523 30069 17226 40550 1688 17710 22840 29973 12843 15538 22423 2191 10652 7550
is_linear=0
shrinkage=0.02


Tree=37
num_leaves=16
num_cat=0
split_feature=27 27 19 26 37 26 6 37 37 27 31 25 14 26 31
split_gain=59.4419 12.8911 7.44825 5.74361 4.1315 3.90062 3.17817 2.93453 2.82093 2.80748 2.12549 1.63118 1.41916 1.33749 1.31605
threshold=0.40065789473684216 0.28012738853503188 0.51271277741865984 0.78174603174603186 43.500000000000007 0.34166666666666673 1.1464285714285716 55.500000000000007 12.500000000000002 0.42905081495685521 3.0251050420168073 0.58571428571428574 0.39444444444444454 0.29705882352941176 3.862193903048476
decision_type=2 2 2 2 2 2 2 2 2 2 2 2 2 2 2
left_child=1 5 10 9 -5 7 14 -1 -7 -4 12 -8 -2 -12 -3
right_child=2 6 3 4 -6 8 11 -9 -10 -11 13 -13 -14 -15 -16
leaf_value=-0.00046093194949917675 -0.0005799269350312597 -0.0004148636063615652 0.00029234747058062843 0.00083127670690348403 0.0028853224102195121 0.00076940516940589331 7.9278008246901733e-05 -0.0008266674984486193 -0.00032026831038847644 0.0010122023903517676 -0.00022678133176956509 0.00065076551929521499 0.00049627188926386107 0.0005644487790754559 0.00073155040400368822
leaf_weight=23532 1388 6761 2638 647 1067 1409 19025 14234 2903 13370 921 2241 747 9291 418
leaf_count=23532 1388 6761 2638 647 1067 1409 19025 14234 2903 13370 921 2241 747 9291 418
internal_value=5.68073e-06 -0.000311679 0.000750311 0.00101336 0.00211766 -0.000534001 1.68601e-05 -0.000599079 3.36697e-05 0.000894252 0.000371829 0.000140027 -0.000198592 0.00049208 -0.000346535
internal_weight=100592 70523 30069 17722 1714 42078 28445 37766 4312 16008 12347 21266 2135 10212 7179
internal_count=100592 70523 30069 17722 1714 42078 28445 37766 4312 16008 12347 21266 2135 10212 7179
is_linear=0
shrinkage=0.02


Tree=38
num_leaves=16
num_cat=0
split_feature=27 27 11 27 31 31 5 11 14 7 10 11 28 2 25
split_gain=57.0906 12.3982 7.40167 8.488 3.41878 3.27786 3.27754 3.13591 2.35817 1.7968 1.75626 1.60268 1.21172 0.940506 0.873476
threshold=0.40065789473684216 0.27305428384565084 0.063914893617021268 0.62643982523500608 3.9209579704657331 1.0000000180025095e-35 1.4722222222222225 0.16399846311475408 1.341666666666667 2.0522063595068141 0.13809523809523808 0.18374849939975993 2.291666666666667 0.2817460317460318 0.29285714285714287
decision_type=2 2 2 2 2 2 2 2 2 2 2 2 2 2 2
left_child=1 4 10 8 5 -1 12 -5 -4 -8 13 -6 -3 -2 -12
right_child=2 6 3 7 11 -7 9 -9 -10 -11 14 -13 -14 -15 -16
leaf_value=0.00034529511510890767 -0.0015968332929830803 -0.0008996380785460113 0.00069795788486650887 0.00093647822449412482 -0.00026842085021517399 -0.00064853815493421784 0.00014306095459942143 0.002085956322509405 0.0044314290129620097 0.00087069418342227323 -0.0010545234895143352 0.00051231356284525947 -0.00015216282300056831 0 0.0014046667142967736
leaf_weight=1368 150 928 20173 1497 4506 33311 12813 2822 67 1527 59 1365 14705 4796 505
leaf_count=1368 150 928 20173 1497 4506 33311 12813 2822 67 1527 59 1365 14705 4796 505
internal_value=5.57526e-06 -0.000305442 0.000735331 0.000883986 -0.000533424 -0.000609028 2.67208e-06 0.00169047 0.000711247 0.000221351 7.08558e-05 -8.50857e-05 -0.000197283 -4.79553e-05 0.00112693
internal_weight=100592 70523 30069 24559 40550 34679 29973 4319 20240 14340 5510 5871 15633 4946 564
internal_count=100592 70523 30069 24559 40550 34679 29973 4319 20240 14340 5510 5871 15633 4946 564
is_linear=0
shrinkage=0.02


Tree=39
num_leaves=16
num_cat=0
split_feature=25 25 19 29 19 9 12 25 25 30 19 28 5 2 29
split_gain=36.9174 9.93373 7.0409 5.07381 4.99051 3.95188 3.0294 2.5158 2.3771 1.83386 1.69042 1.68227 1.61263 1.17746 1.14881
threshold=0.41428571428571431 0.29285714285714287 0.51954418130888735 3.683333333333334 0.53819628647214868 0.2678571428571429 0.70833333333333337 0.5634920634920636 0.61250000000000016 3.1143790849673203 0.42810150375939854 1.0000000180025095e-35 2.5857142857142867 0.64495798319327746 2.0500000000000003
decision_type=2 2 2 2 2 2 2 2 2 2 2 2 2 2 2
left_child=1 3 7 11 9 8 -7 14 -4 -3 -5 -1 -6 -9 -2
right_child=2 4 5 10 12 6 -8 13 -10 -11 -12 -13 -14 -15 -16
leaf_value=0.00075754282803371033 -0.0026246090188170924 -0.0004289777997625377 0.00049440783685123597 -0.00045541302728074466 0.00031775282138629674 0.00083673442572908155 0.0019674767929042901 2.6780272736159745e-05 0.0011414400877095101 -1.2408983321817706e-05 -4.2579767825897122e-05 -0.00063116691595437122 0.0010816220086836167 0.00071264318350284725 2.9449545542399089e-05
leaf_weight=346 64 5736 5918 5768 8742 1669 2337 1283 3785 16259 12908 23755 1283 5116 5623
leaf_count=346 64 5736 5918 5768 8742 1669 2337 1283 3785 16259 12908 23755 1283 5116 5623
internal_value=5.47152e-06 -0.000219433 0.000657975 -0.000418861 4.66885e-05 0.000968539 0.00149953 0.000304777 0.000748019 -0.000121528 -0.000170652 -0.000610754 0.000416706 0.000576741 0
internal_weight=100592 74797 25795 42777 32020 13709 4006 12086 9703 21995 18676 24101 10025 6399 5687
internal_count=100592 74797 25795 42777 32020 13709 4006 12086 9703 21995 18676 24101 10025 6399 5687
is_linear=0
shrinkage=0.02


Tree=40
num_leaves=16
num_cat=0
split_feature=27 27 8 26 26 12 12 30 37 35 3 30 26 27 3
split_gain=51.6739 12.1428 5.96992 4.83231 4.21833 3.18264 2.7996 2.51274 2.3031 2.24664 2.19391 1.99595 1.8855 1.2872 0.592061
threshold=0.4232172936552499 0.28526220614828218 0.55000000000000016 0.53137254901960795 0.38675213675213677 0.36666666666666675 0.36666666666666675 3.4580419580419588 37.500000000000007 0.016194597429845251 0.85115174960436091 3.2752525252525255 0.84807692307692317 0.34384952229299365 1.0801459854014601
decision_type=2 2 2 2 2 2 2 2 2 2 2 2 2 2 2
left_child=1 4 3 11 7 -5 10 -1 14 -6 -3 -2 -10 -8 -4
right_child=2 6 8 5 9 -7 13 -9 12 -11 -12 -13 -14 -15 -16
leaf_value=-0.00071944975389239853 -6.2826955916193096e-05 -0.00048795758014331475 4.5823364406244307e-05 0.00053283810184246902 0.00095306722947987178 0.0012417983895243879 -2.5286258283340104e-05 -0.00040191693562458816 0.0021487704549459801 -0.00027957857423593305 3.1989981659355293e-05 0.00053118423088504836 0.0048311134439248306 0.00030656878866650532 0.0016976158393846525
leaf_weight=21129 2810 6519 255 4144 1114 6796 8619 19300 892 1239 6396 11019 128 10083 141
leaf_count=21129 2810 6519 255 4144 1114 6796 8619 19300 892 1239 6396 11019 128 10083 141
internal_value=-3.14695e-05 -0.000300498 0.0007325 0.000659578 -0.000520144 0.000974309 -2.95854e-06 -0.000568141 0.00199829 0.00030007 -0.00022972 0.000409769 0.00250396 0.000153109 0.000664662
internal_weight=100584 74399 26185 24769 42782 10940 31617 40429 1416 2353 12915 13829 1020 18702 396
internal_count=100584 74399 26185 24769 42782 10940 31617 40429 1416 2353 12915 13829 1020 18702 396
is_linear=0
shrinkage=0.02


Tree=41
num_leaves=16
num_cat=0
split_feature=27 27 8 27 37 25 14 28 37 37 37 11 11 15 29
split_gain=49.6333 11.6621 5.73858 4.39742 4.9701 3.86849 2.61461 2.52114 2.20937 2.13992 2.13781 1.51911 1.37841 1.25872 0.852159
threshold=0.4232172936552499 0.28526220614828218 0.55000000000000016 0.63497856563550004 17.500000000000004 0.29285714285714287 0.38675213675213677 3.1000000000000005 37.500000000000007 16.500000000000004 92.500000000000014 0.22845894263217098 0.20640040962621609 0.51865775549986093 3.3166666666666669
decision_type=2 2 2 2 2 2 2 2 2 2 2 2 2 2 2
left_child=1 5 3 10 -5 7 13 -1 14 -7 -2 -10 -8 -3 -4
right_child=2 6 8 4 -6 9 12 -9 11 -11 -12 -13 -14 -15 -16
leaf_value=-0.00089263234703823471 0.00038225225152486666 -0.00029547117120292581 -0.00082579117790560863 0.00054865477082436677 0.0017850180516659456 0.00033474854811039447 5.431069634757687e-05 -0.00050253010464404425 0.0015344104223314363 -0.00033707684890138539 0.0008640289285285458 0.0031609148858932029 0.00047369491955777686 0.00046292159908256164 0.0012214141229720653
leaf_weight=9993 14480 11085 105 2670 2597 2324 15650 20459 452 10006 5022 568 3943 939 291
leaf_count=9993 14480 11085 105 2670 2597 2324 15650 20459 452 10006 5022 568 3943 939 291
internal_value=-3.0826e-05 -0.000294491 0.000717905 0.000646398 0.00116061 -0.000509746 -2.89327e-06 -0.000630923 0.001959 -0.000209604 0.000506904 0.00245435 0.00013926 -0.000235347 0.000652047
internal_weight=100584 74399 26185 24769 5267 42782 31617 30452 1416 12330 19502 1020 19593 12024 396
internal_count=100584 74399 26185 24769 5267 42782 31617 30452 1416 12330 19502 1020 19593 12024 396
is_linear=0
shrinkage=0.02


Tree=42
num_leaves=16
num_cat=0
split_feature=27 27 8 27 37 37 31 29 27 27 19 37 19 2 29
split_gain=47.6726 11.2247 5.51282 4.22321 4.7723 4.00665 3.38679 3.02797 2.43813 2.36094 2.26049 2.12208 1.79732 1.07397 0.819428
threshold=0.4232172936552499 0.24171245421245419 0.55000000000000016 0.63497856563550004 17.500000000000004 21.500000000000004 3.2731157731157734 3.5857142857142867 0.14337101747173689 0.32701294033069733 0.51271277741865984 37.500000000000007 0.60883500557413617 1.1291666666666669 3.3166666666666669
decision_type=2 2 2 2 2 2 2 2 2 2 2 2 2 2 2
left_child=1 5 3 10 -5 7 13 -1 -7 -8 -2 14 -13 -3 -4
right_child=2 6 11 4 -6 8 9 -9 -10 -11 -12 12 -14 -15 -16
leaf_value=-0.00049899028783409656 0.00024495125899572431 -0.00041159753264965662 -0.00080958404552156679 0.00053768989055634974 0.0017493451547512598 -0.0011510763509101508 -0.00015261869478492367 0.00018160160766704102 -0.00062135050458920723 0.00019414718315911522 0.0006828281349676986 0.0013456250152417593 0.0031182156350241593 0.00094948407406459051 0.0011971525710597381
leaf_weight=7955 8311 10472 105 2670 2597 4544 14840 3867 15835 16655 11191 418 602 231 291
leaf_count=7955 8311 10472 105 2670 2597 4544 14840 3867 15835 16655 11191 418 602 231 291
internal_value=-3.01924e-05 -0.000288599 0.000703599 0.0006335 0.00113746 -0.000569853 -7.37227e-05 -0.000275529 -0.000740058 3.04392e-05 0.000496779 0.0019201 0.00240564 -0.000381116 0.000638543
internal_weight=100584 74399 26185 24769 5267 32201 42198 11822 20379 31495 19502 1416 1020 10703 396
internal_count=100584 74399 26185 24769 5267 32201 42198 11822 20379 31495 19502 1416 1020 10703 396
is_linear=0
shrinkage=0.02


Tree=43
num_leaves=16
num_cat=0
split_feature=27 27 30 27 37 37 7 12 18 3 24 27 30 37 21
split_gain=45.7899 10.792 5.0051 6.4969 3.65694 2.85172 3.22505 2.62137 2.39766 2.04261 1.24625 1.2 1.02157 0.843768 0.827249
threshold=0.4232172936552499 0.28526220614828218 3.0801282051282057 0.66770833333333346 17.500000000000004 1.0000000180025095e-35 1.2831023543162468 0.36666666666666675 0.71825396825396837 0.85115174960436091 0.63333333333333341 0.34384952229299365 3.4868421052631584 86.500000000000014 0.23611111111111113
decision_type=2 2 2 2 2 2 2 2 2 2 2 2 2 2 2
left_child=1 5 10 8 -5 12 -7 9 -4 -3 13 -9 -1 -2 -12
right_child=2 7 3 4 -6 6 -8 11 -10 -11 14 -13 -14 -15 -16
leaf_value=2.5549549687357625e-05 -0.00052355869813153981 -0.00047092337003059134 0.00053544899094486902 0.00085100474241394666 0.002156951333626362 -0.000712059474295112 -0.00035634260194102659 -2.3509077351851884e-05 0.0010980619888788885 3.072661994285381e-05 -0.0012743305992544368 0.00029686940712212454 0.0012139659149864518 0.00072439275465565603 0.00072435312351938023
leaf_weight=954 1768 6519 15908 1588 1964 18995 22408 8619 3807 6396 87 10083 425 239 824
leaf_count=954 1768 6519 15908 1588 1964 18995 22408 8619 3807 6396 87 10083 425 239 824
internal_value=-2.9576e-05 -0.000282831 0.000689577 0.000787536 0.00157672 -0.000489899 -0.000519808 -2.3102e-06 0.000644698 -0.000221747 -8.8089e-05 0.000148698 0.000400282 -0.000369398 0.000520154
internal_weight=100584 74399 26185 23267 3552 42782 41403 31617 19715 12915 2918 18702 1379 2007 911
internal_count=100584 74399 26185 23267 3552 42782 41403 31617 19715 12915 2918 18702 1379 2007 911
is_linear=0
shrinkage=0.02


Tree=44
num_leaves=16
num_cat=0
split_feature=27 27 6 27 11 26 11 11 6 6 6 6 30 18 24
split_gain=43.9791 10.4525 4.90054 5.0223 3.24629 2.75245 2.22694 2.2108 1.90799 1.88377 1.76553 1.52338 1.35949 1.14172 1.01881
threshold=0.4232172936552499 0.24171245421245419 1.297058823529412 0.66563146997929612 0.14330357142857142 0.34166666666666673 0.16399846311475408 0.12146194926568755 0.97500000000000009 1.1464285714285716 2.7071428571428577 1.1464285714285716 3.0250000000000004 0.324561403508772 0.63333333333333341
decision_type=2 2 2 2 2 2 2 2 2 2 2 2 2 2 2
left_child=1 5 12 10 8 7 -5 -1 -3 -7 -4 -6 14 -14 -2
right_child=2 4 3 6 11 9 -8 -9 -10 -11 -12 -13 13 -15 -16
leaf_value=-0.00070998944241438644 -0.00049907440183825436 -0.00050563673227128631 0.00065336465943757803 0.00088478282105508457 -0.00060895630597564176 -0.00072985486245491136 0.0019621830413915514 -0.00032872697610610626 -0.0001076918529907847 0.00051024850393636533 0.0018473074659136415 0.00021785789562666581 0.00086367751715238849 0.00022749273523706205 0.00050427805183204358
leaf_weight=21233 1383 6312 14598 1293 944 708 2079 8697 20826 1563 522 14116 1585 4163 562
leaf_count=21233 1383 6312 14598 1293 944 708 2079 8697 20826 1563 522 14116 1585 4163 562
internal_value=-2.89728e-05 -0.000277171 0.000675815 0.000852504 -6.98093e-05 -0.000548579 0.00155279 -0.000599566 -0.000200648 0.000118936 0.000695484 0.000165293 0.000249689 0.000404898 -0.000203803
internal_weight=100584 74399 26185 18492 42198 32201 3372 29930 27138 2271 15120 15060 7693 5748 1945
internal_count=100584 74399 26185 18492 42198 32201 3372 29930 27138 2271 15120 15060 7693 5748 1945
is_linear=0
shrinkage=0.02


Tree=45
num_leaves=16
num_cat=0
split_feature=25 30 25 25 8 11 10 11 30 14 22 28 12 15 17
split_gain=33.9586 9.23335 5.76713 5.0247 3.42485 3.29379 2.88716 2.57908 2.01392 1.84509 1.72791 2.21418 1.67081 1.23906 1.23477
threshold=0.43650793650793651 3.1519230769230773 0.64583333333333337 0.31666666666666671 0.55000000000000016 0.10819418144258906 0.36602870813397131 0.30032679738562096 2.9198717948717952 0.94590643274853814 0.65833333333333344 1.0000000180025095e-35 0.36666666666666675 0.60063291139240516 0.43650793650793651
decision_type=2 2 2 2 2 2 2 2 2 2 2 2 2 2 2
left_child=1 10 4 5 12 -3 8 -5 -4 -6 11 -1 -2 -8 -12
right_child=2 3 6 7 9 -7 13 -9 -10 -11 14 -13 -14 -15 -16
leaf_value=0.00071603173278068585 0.00011934274251743625 -0.00034547950256088417 -0.00019756263724583035 0.00024850425204247259 0.0012136487239883061 1.3863334652743126e-06 0 0.0017691197227209044 0.0010475547210380589 0.0037431133880555258 -0.00052027737553065137 -0.00086294123902191488 0.00053753779398698286 0.0028002816367292118 -3.3864714178367642e-05
leaf_weight=364 6469 20268 542 11014 523 23693 72 466 7758 157 9094 7701 9597 499 2768
leaf_count=364 6469 20268 542 11014 523 23693 72 466 7758 157 9094 7701 9597 499 2768
internal_value=1.99287e-05 -0.00019379 0.000649069 -6.08652e-05 0.000429568 -0.000158315 0.00106211 0.000311398 0.000965015 0.00182158 -0.00056307 -0.000790278 0.000369809 0.00244771 -0.000407641
internal_weight=100985 75368 25617 55441 16746 43961 8871 11480 8300 680 19927 8065 16066 571 11862
internal_count=100985 75368 25617 55441 16746 43961 8871 11480 8300 680 19927 8065 16066 571 11862
is_linear=0
shrinkage=0.02


Tree=46
num_leaves=16
num_cat=0
split_feature=27 27 37 8 27 30 29 25 37 37 27 37 10 31 5
split_gain=45.7744 13.3553 5.15312 4.84592 3.64977 3.28975 3.17862 2.94021 2.52735 2.43595 2.21151 2.05605 1.81593 1.60624 0.669842
threshold=0.43403539564136323 0.22956891317547054 21.500000000000004 0.36666666666666675 0.65636927480916041 3.4580419580419588 2.8166666666666669 0.61250000000000016 92.500000000000014 44.500000000000007 0.31153480636730818 60.500000000000007 1.0000000180025095e-35 3.8892496392496398 1.5857142857142861
decision_type=2 2 2 2 2 2 2 2 2 2 2 2 2 2 2
left_child=1 2 5 7 11 -1 14 8 -2 -6 -8 -5 -9 -4 -3
right_child=3 6 13 4 9 -7 10 12 -10 -11 -12 -13 -14 -15 -16
leaf_value=-0.00047774608755806055 0.00034719565582970414 -0.00055404083405225912 -0.00083384158921732997 0.00052923189368203421 0.0014724733114712808 0.0002266532446135502 -0.00012217435744699265 6.4953815085547315e-05 0.0010003124858428206 0.0035472494025417813 0.00017055805628168541 0.0015128656273891007 0.0011717607248420557 -0.00027308927776404621 0.00034843633077011777
leaf_weight=7140 11181 4607 15869 1603 505 4195 17952 698 3044 456 24227 1919 4838 2412 339
leaf_count=7140 11181 4607 15869 1603 505 4195 17952 698 3044 456 24227 1919 4838 2412 339
internal_value=1.9542e-05 -0.000219691 -0.0005525 0.000777169 0.00137276 -0.000216177 -1.03088e-05 0.000641422 0.00048778 0.00247267 4.57299e-05 0.00106857 0.00103409 -0.000760441 -0.000490048
internal_weight=100985 76741 29616 24244 4483 11335 47125 19761 14225 961 42179 3522 5536 18281 4946
internal_count=100985 76741 29616 24244 4483 11335 47125 19761 14225 961 42179 3522 5536 18281 4946
is_linear=0
shrinkage=0.02


Tree=47
num_leaves=16
num_cat=0
split_feature=27 27 27 12 12 3 23 30 30 15 10 18 27 24 6
split_gain=43.9687 12.8269 4.45392 3.6051 3.23185 2.85759 2.34646 2.21018 2.17325 2.01916 1.8968 1.61199 1.3587 1.25444 1.02318
threshold=0.43403539564136323 0.22956891317547054 0.60072463768115958 0.77500000000000013 0.36666666666666675 1.0000000180025095e-35 0.82623792270531415 3.0954545454545461 2.6961538461538468 0.52649122807017557 0.29705882352941176 0.62828947368421062 0.27508389261744975 0.77500000000000013 0.55277777777777792
decision_type=2 2 2 2 2 2 2 2 2 2 2 2 2 2 2
left_child=1 5 7 8 9 11 -7 14 -4 -3 -5 -1 -6 -9 -2
right_child=2 4 3 10 12 6 -8 13 -10 -11 -12 -13 -14 -15 -16
leaf_value=-4.5694075659017124e-06 -0.0013971069891278336 -0.000300457649615465 -0.00098689795841816735 0.0014304740670214536 -0.00012292041457265295 -0.00075981639410415834 -0.00038487438261756681 0.00057489409866012114 0.00098988557390958113 0.00024167640603182529 0.0027484602205980861 0.001934790930008506 0.00020629649040814629 0.0010295419909789329 9.955917336206384e-05
leaf_weight=1941 203 16132 227 1285 6528 15462 12028 12391 4662 3290 721 185 21175 3124 1631
leaf_count=1941 203 16132 227 1285 6528 15462 12028 12391 4662 3290 721 185 21175 3124 1631
internal_value=1.91643e-05 -0.000215301 0.0007617 0.00119313 -1.00986e-05 -0.000541458 -0.000596168 0.000589544 0.000895691 -0.000208092 0.00191143 0.00016115 0.000128355 0.000667204 -6.19972e-05
internal_weight=100985 76741 24244 6895 47125 29616 27490 17349 4889 19422 2006 2126 27703 15515 1834
internal_count=100985 76741 24244 6895 47125 29616 27490 17349 4889 19422 2006 2126 27703 15515 1834
is_linear=0
shrinkage=0.02


Tree=48
num_leaves=16
num_cat=0
split_feature=27 27 27 11 14 7 11 27 2 17 18 35 9 7 4
split_gain=42.2306 12.3192 4.2774 4.06306 3.10616 2.77174 2.78408 2.66873 2.23783 2.02623 1.4594 1.44127 1.09584 0.873453 0.54909
threshold=0.43403539564136323 0.22956891317547054 0.60072463768115958 0.080145985401459854 0.23303167420814477 0.25657894736842107 0.19367341835458868 0.31595925297113753 0.97500000000000009 0.95000000000000007 0.69615384615384623 0.1035759897828863 0.58571428571428574 1.3134960789273971 2.1000000000000005
decision_type=2 2 2 2 2 2 2 2 2 2 2 2 2 2 2
left_child=1 5 8 13 14 10 -7 -6 11 -5 -1 -2 -10 -4 -3
right_child=2 4 3 9 7 6 -8 -9 12 -11 -12 -13 -14 -15 -16
leaf_value=6.5697964940442244e-07 0.00052862166503201357 -0.00045850403846444418 0.00063878874534385028 0.0013033826663560852 -0.00012517726410948886 -0.00065828609661193168 -9.8442969924191704e-06 0.00019974492086725378 0.00082323667721537295 0.0024849813170466865 0.0021628976361195845 -8.0071895107957041e-06 0.0025341169647872448 -0.00031855132838129761 0.00057419378437646999
leaf_weight=2195 8048 6094 1442 4249 18325 24282 3008 22503 6527 703 131 2616 158 501 203
leaf_count=2195 8048 6094 1442 4249 18325 24282 3008 22503 6527 703 131 2616 158 501 203
internal_value=1.87851e-05 -0.000210997 0.000746498 0.00116932 -9.89232e-06 -0.000530635 -0.000587185 5.36648e-05 0.000577766 0.00147408 0.000128483 0.000396066 0.000865915 0.000386725 -0.000423453
internal_weight=100985 76741 24244 6895 47125 29616 27290 40828 17349 4952 2326 10664 6685 1943 6297
internal_count=100985 76741 24244 6895 47125 29616 27290 40828 17349 4952 2326 10664 6685 1943 6297
is_linear=0
shrinkage=0.02


Tree=49
num_leaves=16
num_cat=0
split_feature=27 27 37 8 27 5 35 26 2 26 37 22 31 11 37
split_gain=40.5613 11.8309 4.80952 4.49183 3.31966 2.98979 3.08745 2.73615 2.92397 2.63767 2.19332 2.17778 2.06894 2.01835 1.87004
threshold=0.43403539564136323 0.22956891317547054 21.500000000000004 0.36666666666666675 0.68360888659261188 1.4365079365079367 0.052805855698849755 0.48684210526315791 1.0741758241758244 0.29705882352941176 109.50000000000001 0.28991596638655465 3.4256372445755221 0.089197312588401675 60.500000000000007
decision_type=2 2 2 2 2 2 2 2 2 2 2 2 2 2 2
left_child=1 2 9 7 14 12 -7 8 -2 -1 -6 -9 -3 -4 -5
right_child=3 5 13 4 10 6 -8 11 -10 -11 -12 -13 -14 -15 -16
leaf_value=-0.00032745141362909395 0.00011475037891431835 -0.00035687063326339655 -0.00093201377054973132 0.00055119651105839417 0.0019677691511446383 0.00038541017920748532 -8.1980404155752279e-05 -0.0013666020217869019 0.0010436497237275822 0.00050896639544443676 0.0048208829632827221 0.00083166799114191509 1.0096132410903271e-05 -0.00050775836665798064 0.0014674669361678452
leaf_weight=9554 6342 11583 9157 1706 654 11523 11040 178 1734 1781 138 11507 12979 9124 1985
leaf_count=9554 6342 11583 9157 1706 654 11523 11040 178 1734 1781 138 11507 12979 9124 1985
internal_value=1.84191e-05 -0.000206774 -0.000520013 0.000731606 0.00130503 -9.69007e-06 0.000156287 0.000600892 0.000315642 -0.000195081 0.00248839 0.000797098 -0.000162567 -0.000720895 0.0010472
internal_weight=100985 76741 29616 24244 4483 47125 22563 19761 8076 11335 792 11685 24562 18281 3691
internal_count=100985 76741 29616 24244 4483 47125 22563 19761 8076 11335 792 11685 24562 18281 3691
is_linear=0
shrinkage=0.02


Tree=50
num_leaves=16
num_cat=0
split_feature=27 27 37 27 37 26 30 27 6 7 26 22 27 10 31
split_gain=42.5514 11.2393 6.26401 7.29425 4.02496 4.17023 3.27738 2.81552 2.7266 2.44221 2.40668 1.7067 1.51393 1.08759 0.911619
threshold=0.42905081495685521 0.24918300653594774 77.500000000000014 0.66770833333333346 21.500000000000004 0.2264957264957265 3.0250000000000004 0.66770833333333346 0.94868421052631591 2.3449801647848649 0.39444444444444454 1.0954545454545457 0.14777667984189721 1.0000000180025095e-35 3.0802298850574714
decision_type=2 2 2 2 2 2 2 2 2 2 2 2 2 2 2
left_child=1 4 6 9 5 -1 14 -8 13 -4 -10 -5 -6 -3 -2
right_child=2 8 3 11 12 -7 7 -9 10 -11 -12 -13 -14 -15 -16
leaf_value=-0.00043931258068493446 -0.00046327108383606495 -0.00070224667506030281 0.00090079537767917463 0.0040614149476352491 -0.0009954147757769503 0.00043063730787871389 0.00045104322242980546 0.001139684754633856 -7.8799639707853166e-05 0.0028076595995392833 0.00026982081340391442 0.0019779925375449947 -0.00059203471487090018 -0.00014329255894708211 0.00062607927177403425
leaf_weight=8911 1670 2996 6865 378 4924 2916 11932 3004 25070 284 11566 326 16843 2702 368
leaf_count=8911 1670 2996 6865 378 4924 2916 11932 3004 25070 284 11566 326 16843 2702 368
internal_value=-1.39527e-05 -0.000249077 0.000704683 0.00117261 -0.000522242 -0.000223941 0.000487494 0.00059035 -3.20573e-05 0.00097871 3.09958e-05 0.00311915 -0.000683827 -0.000439087 -0.000261245
internal_weight=100755 75928 24827 7853 33594 11827 16974 14936 42334 7149 36636 704 21767 5698 2038
internal_count=100755 75928 24827 7853 33594 11827 16974 14936 42334 7149 36636 704 21767 5698 2038
is_linear=0
shrinkage=0.02


Tree=51
num_leaves=16
num_cat=0
split_feature=31 10 29 7 21 35 21 37 10 4 29 28 31 35 15
split_gain=15.5593 7.22846 3.62095 2.72448 2.4896 2.84669 1.86562 1.54027 1.52972 1.42507 1.25258 1.14433 1.06463 0.918165 0.730624
threshold=3.4566073262581312 0.31414473684210531 2.8166666666666669 2.2296189632255214 0.2678571428571429 0.053631351869606859 0.38750000000000007 44.500000000000007 0.057189542483660101 1.2916666666666667 3.9500000000000006 1.0000000180025095e-35 3.1433982683982689 0.017316341829085403 0.73931311655096832
decision_type=2 2 2 2 2 2 2 2 2 2 2 2 2 2 2
left_child=2 4 9 10 13 -6 14 -5 -8 11 -3 -1 -11 -2 -4
right_child=1 3 6 7 5 -7 8 -9 -10 12 -12 -13 -14 -15 -16
leaf_value=0.00037735810595981324 -0.0015090582860419685 0.00097024794249032974 -0.00089863210950385435 0.0010099438805329173 0.00029912620590599916 9.5592443576520762e-06 -0.00032314960125107503 0.0024670850460399791 -1.6439077819614152e-05 -0.00036636441919562238 0 -0.00075183501745312636 0.00068877383674445904 -0.00035243664451092637 0.00082188092999988145
leaf_weight=360 407 1652 1758 568 27746 26741 11247 679 15597 2250 807 9445 454 947 97
leaf_count=360 407 1652 1758 568 27746 26741 11247 679 15597 2250 807 9445 454 947 97
internal_value=-1.3664e-05 0.000192984 -0.000312515 0.0010485 0.000135991 0.000157202 -0.000188208 0.00181405 -0.000145331 -0.000596831 0.000655056 -0.000709287 -0.000185134 -0.000709194 -0.000802491
internal_weight=100755 59547 41208 3706 55841 54487 28699 1247 26844 12509 2459 9805 2704 1354 1855
internal_count=100755 59547 41208 3706 55841 54487 28699 1247 26844 12509 2459 9805 2704 1354 1855
is_linear=0
shrinkage=0.02


Tree=52
num_leaves=16
num_cat=0
split_feature=27 27 27 11 11 31 31 31 31 11 3 6 30 30 3
split_gain=40.591 8.72452 5.87746 4.87157 3.18266 2.86799 2.6358 2.59109 2.25782 1.96923 1.88006 1.75126 1.49401 1.38689 1.25678
threshold=0.40065789473684216 0.24918300653594774 0.60072463768115958 0.17153518123667377 0.20640040962621609 3.9209579704657331 3.0871675812579151 3.4407690905777297 1.0000000180025095e-35 0.32315462315462323 2.1000000000000005 0.92582417582417598 3.3660287081339719 3.5941176470588241 0.267479674796748
decision_type=2 2 2 2 2 2 2 2 2 2 2 2 2 2 2
left_child=1 5 6 12 11 8 14 -5 -1 -8 -7 -3 -4 -6 -2
right_child=2 4 3 7 13 10 9 -9 -10 -11 -12 -13 -14 -15 -16
leaf_value=0.00019315418126233781 -0.001942572534843615 -0.00047472064864441193 9.2190349909029441e-05 0.00049127115916883072 -9.7653730742044425e-05 -9.7328353896542903e-05 0.00048008877560503624 0.001992754595380434 -0.00062350427963644886 0.0016051170536633096 0.0032750845489217272 -6.9956560394702816e-05 0.00092472592756092796 0.00065427329208030073 -7.5925892911481315e-05
leaf_weight=1404 155 5091 1357 589 1377 4602 20432 2483 27523 649 65 27298 2508 3231 1991
leaf_count=1404 155 5091 1357 589 1377 4602 20432 2483 27523 649 65 27298 2508 3231 1991
internal_value=-1.33844e-05 -0.000275892 0.000600592 0.00111236 -6.37035e-05 -0.000509259 0.000447232 0.00170863 -0.000583511 0.000515347 -4.68342e-05 -0.000133913 0.000635208 0.000427462 -0.000217088
internal_weight=100755 70591 30164 6937 36997 33594 23227 3072 28927 21081 4667 32389 3865 4608 2146
internal_count=100755 70591 30164 6937 36997 33594 23227 3072 28927 21081 4667 32389 3865 4608 2146
is_linear=0
shrinkage=0.02


Tree=53
num_leaves=16
num_cat=0
split_feature=26 26 26 8 30 30 22 13 2 11 7 28 24 10 0
split_gain=37.4006 6.84624 6.71917 4.26569 2.97662 2.90082 2.65711 2.52629 2.52211 2.06299 1.44755 1.07521 1.0382 0.973765 0.585098
threshold=0.39444444444444454 0.59411764705882364 0.15587044534412953 0.55000000000000016 2.7817460317460321 3.0954545454545461 0.54772727272727284 1.0500000000000003 1.0250000000000001 0.22845894263217098 2.2510504201680677 1.0000000180025095e-35 0.36666666666666675 0.23303167420814477 0.77500000000000013
decision_type=2 2 2 2 2 2 2 2 2 2 2 2 2 2 2
left_child=2 4 8 6 14 12 -3 -6 11 -7 -5 -1 -4 -10 -2
right_child=1 3 5 10 7 9 -8 -9 13 -11 -12 -13 -14 -15 -16
leaf_value=0.00036601117632007076 -0.00085743650761705673 -0.00012218949327776199 -0.00065209302446546467 0.0017288419370140348 0.00034304437369682151 -0.00011851374886875434 0.00096386952430045365 0.0012952128025023519 -0.00032200429482008726 0.00040720740233911383 0.0037444410587959137 -0.00071913052873975717 -0.00020143382961973312 0.00037133088634519153 2.7704029841330447e-05
leaf_weight=360 920 991 5327 418 22014 32365 8388 1182 3844 3281 251 16544 3447 1013 410
leaf_count=360 920 991 5327 418 22014 32365 8388 1182 3844 3281 251 16544 3447 1013 410
internal_value=-1.31082e-05 0.000519894 -0.000291715 0.000960098 0.000339076 -0.000150349 0.000848047 0.000392103 -0.000579781 -6.98236e-05 0.00250888 -0.000695388 -0.00047627 -0.000175248 -0.000577434
internal_weight=100755 34574 66181 10048 24526 44420 9379 23196 21761 35646 669 16904 8774 4857 1330
internal_count=100755 34574 66181 10048 24526 44420 9379 23196 21761 35646 669 16904 8774 4857 1330
is_linear=0
shrinkage=0.02


Tree=54
num_leaves=16
num_cat=0
split_feature=25 11 8 31 25 28 31 25 18 11 6 7 30 25 28
split_gain=29.1693 8.48781 5.25831 4.80002 4.16841 3.04936 2.44956 2.11993 1.97806 1.65878 1.48281 1.41879 1.40769 1.07614 1.04779
threshold=0.31666666666666671 0.21631706333198866 0.55000000000000016 3.2731157731157734 0.58571428571428574 2.5500000000000003 3.1821499668215001 0.11805555555555557 0.37980769230769235 0.22845894263217098 3.0250000000000004 2.2296189632255214 2.7947368421052636 0.21111111111111114 1.0000000180025095e-35
decision_type=2 2 2 2 2 2 2 2 2 2 2 2 2 2 2
left_child=3 4 6 8 5 -2 -3 10 14 -9 -5 -4 -6 -10 -1
right_child=1 2 11 7 12 -7 -8 9 13 -11 -12 -13 -14 -15 -16
leaf_value=0.00035873120660939929 -0.00080926837879497404 -0.000854542762219549 0.0016253209264972543 -0.00037351604702127284 -0.00040158132107825104 0.00016450852877467528 0.00089530858587371905 -0.00010678873858683109 -0.0004360049538050853 0.00042231659426131995 0.0024112907679457412 0.0031260889424030002 0.00061643283879273762 7.4776025871968661e-05 -0.00071564346451652666
leaf_weight=360 1372 332 630 14031 557 19652 5601 23132 5314 2634 74 491 11446 2347 12782
leaf_count=360 1372 332 630 14031 557 19652 5601 23132 5314 2634 74 491 11446 2347 12782
internal_value=-1.28376e-05 0.000405736 0.00103591 -0.000289515 0.000270785 0.000100415 0.00079545 -0.000160648 -0.000535981 -5.22828e-05 -0.000357857 0.00229596 0.0005683 -0.00027824 -0.000685402
internal_weight=100755 40081 7054 60674 33027 21024 5933 39871 20803 25766 14105 1121 12003 7661 13142
internal_count=100755 40081 7054 60674 33027 21024 5933 39871 20803 25766 14105 1121 12003 7661 13142
is_linear=0
shrinkage=0.02


Tree=55
num_leaves=15
num_cat=0
split_feature=27 27 31 11 26 35 37 30 11 29 11 6 11 26
split_gain=37.9679 7.33121 5.33483 4.62056 4.18537 3.88017 3.10451 3.62662 2.64443 2.16034 2.09528 2.04157 1.58822 1.16282
threshold=0.32701294033069733 0.60072463768115958 3.5480110642781879 0.16399846311475408 0.15587044534412953 0.020478054235392753 12.500000000000002 3.0954545454545461 0.076018161805173359 1.0000000180025095e-35 0.26161035226455792 0.45227272727272733 0.13898086828550407 0.90454545454545465
decision_type=2 2 2 2 2 2 2 2 2 2 2 2 2 2
left_child=4 2 11 13 9 -5 7 -6 -8 -1 -4 -2 -11 -3
right_child=1 3 10 5 6 -7 8 -9 -10 12 -12 -13 -14 -15
leaf_value=0.00092459239757777562 -0.0014876020082771608 0.00061580027116972167 0.00043533744885124924 0.00064834630633554163 -0.00054731025829303579 0.0020743164305666605 -0.000602259787583961 0.00058828293728889166 -0.00017595461562411649 -0.00071259753605912215 0.0010836988990111042 5.8628640344367742e-05 -0.00028358838436501479 -0.00076192446919374688
leaf_weight=364 347 3412 22629 1238 1641 2107 8442 3531 19096 15543 2214 15597 4553 256
leaf_count=364 347 3412 22629 1238 1641 2107 8442 3531 19096 15543 2214 15597 4553 256
internal_value=4.31861e-06 0.000413443 0.000310353 0.00101133 -0.0003633 0.00155025 -0.000222447 0.000225971 -0.000307039 -0.000587952 0.000493604 2.41675e-05 -0.000615936 0.000516557
internal_weight=100970 47800 40787 7013 53170 3345 32710 5172 27538 20460 24843 15944 20096 3668
internal_count=100970 47800 40787 7013 53170 3345 32710 5172 27538 20460 24843 15944 20096 3668
is_linear=0
shrinkage=0.02


Tree=56
num_leaves=15
num_cat=0
split_feature=27 27 31 11 37 31 24 3 28 11 6 11 11 31
split_gain=36.4666 7.04128 5.12386 4.43791 3.64173 3.41613 2.67885 2.30714 2.2291 2.01194 1.96119 1.3185 1.15772 0.794604
threshold=0.32701294033069733 0.60072463768115958 3.5480110642781879 0.16399846311475408 33.500000000000007 3.9245929180666845 1.0000000180025095e-35 2.1000000000000005 1.0000000180025095e-35 0.26161035226455792 0.45227272727272733 0.076018161805173359 0.076018161805173359 3.8724118235042129
decision_type=2 2 2 2 2 2 2 2 2 2 2 2 2 2
left_child=5 2 10 13 -5 6 8 12 -1 -4 -2 -8 -7 -3
right_child=1 3 9 4 -6 7 11 -9 -10 -11 -12 -13 -14 -15
leaf_value=0.00090620184205268911 -0.0014580204664465348 0.00061147065487642004 0.00042663146913417694 0.00074982772641821681 0.0020971976542435255 -0.00036989578221596542 -0.00047430455323852551 0.0040708764802132339 -0.00066174829989778584 0.0010620444812660613 5.7456217230004418e-05 -0.00019528335540235694 0.00015703757547828084 -0.00030744856508978962
leaf_weight=364 347 3259 22629 1444 1901 2394 11314 54 16172 2214 15597 17388 5484 409
leaf_count=364 347 3259 22629 1444 1901 2394 11314 54 16172 2214 15597 17388 5484 409
internal_value=4.23298e-06 0.000405189 0.000304151 0.000991142 0.00151934 -0.000356042 -0.00042318 2.56122e-05 -0.000626524 0.000483743 2.3668e-05 -0.000305644 -1.87337e-06 0.00050617
internal_weight=100970 47800 40787 7013 3345 53170 45238 7932 16536 24843 15944 28702 7878 3668
internal_count=100970 47800 40787 7013 3345 53170 45238 7932 16536 24843 15944 28702 7878 3668
is_linear=0
shrinkage=0.02


Tree=57
num_leaves=16
num_cat=0
split_feature=26 26 31 12 11 37 25 19 25 11 2 10 5 2 26
split_gain=26.3287 10.5057 4.93676 3.62902 3.24359 3.84087 2.44519 2.15355 1.89077 1.72355 1.67042 1.3397 1.30103 1.14023 1.02195
threshold=0.45804195804195807 0.15587044534412953 3.3003759398496242 0.77500000000000013 0.25681874535085542 99.500000000000014 0.5634920634920636 0.55590277777777797 0.47222222222222227 0.13898086828550407 1.1715686274509807 1.0000000180025095e-35 0.29285714285714287 1.0000000180025095e-35 0.13809523809523808
decision_type=2 2 2 2 2 2 2 2 2 2 2 2 2 2 2
left_child=1 9 8 6 10 -6 12 -4 -3 13 -5 -8 -2 -1 -11
right_child=3 2 7 4 5 -7 11 -9 -10 14 -12 -13 -14 -15 -16
leaf_value=0.00022564813164673632 -0.0024290057818094892 -0.00038005108367668755 1.7998252689979118e-06 0.0010115314305365957 0.0013608010282823398 0.00392632834757528 4.3268821816788144e-05 0.00030917542139478416 0.0001970683596957781 -0.00048232785127695329 -1.1191620749811972e-05 0.00080752429298195456 0.00021307788685845226 -0.00066001648980772935 8.4599902978049817e-05
leaf_weight=585 73 15292 27956 3215 1070 308 1080 13576 2641 2573 773 7370 5833 16162 2463
leaf_count=585 73 15292 27956 3215 1070 308 1080 13576 2641 2573 773 7370 5833 16162 2463
internal_value=4.15492e-06 -0.000154866 -1.70405e-05 0.000659723 0.00110495 0.00194633 0.000492479 0.000102526 -0.000294488 -0.000530618 0.000810883 0.000711061 0.000177917 -0.000628458 -0.000203147
internal_weight=100970 81248 59465 19722 5366 1378 14356 41532 17933 21783 3988 8450 5906 16747 5036
internal_count=100970 81248 59465 19722 5366 1378 14356 41532 17933 21783 3988 8450 5906 16747 5036
is_linear=0
shrinkage=0.02


Tree=58
num_leaves=15
num_cat=0
split_feature=26 26 31 12 11 19 8 28 11 31 3 13 21 10
split_gain=25.2882 10.0897 4.74114 3.48553 3.11598 2.06818 2.05021 1.85939 1.92949 1.62869 1.5 1.35899 1.2727 1.19938
threshold=0.45804195804195807 0.15587044534412953 3.3003759398496242 0.77500000000000013 0.25681874535085542 0.55590277777777797 0.55000000000000016 1.0000000180025095e-35 0.13898086828550407 3.4407690905777297 0.9566781357522679 0.18333333333333332 1.8660714285714286 0.14642857142857144
decision_type=2 2 2 2 2 2 2 2 2 2 2 2 2 2
left_child=1 7 13 9 10 -4 -6 -1 -9 11 -5 -2 -11 -3
right_child=3 2 5 4 6 -7 -8 8 -10 12 -12 -13 -14 -15
leaf_value=0.0008836883273932451 -0.00045858661212230334 -0.00038846890400019132 1.7638311991407444e-06 0.0011696349754390946 0.0012327349767272855 0.00030299282066072978 0.0028393668233306258 -0.00064991012765825025 -0.00019904769285655581 0.00060292884116495732 0.00038266147635041518 0.00035885628891287383 0.0030782236401424852 -1.8495011870510107e-05
leaf_weight=364 1061 13064 27956 2073 808 13576 570 16383 5036 9832 1915 3379 84 4869
leaf_count=364 1061 13064 27956 2073 808 13576 570 16383 5036 9832 1915 3379 84 4869
internal_value=4.0834e-06 -0.000151762 -1.66895e-05 0.000646569 0.00108293 0.00010048 0.00190771 -0.000519998 -0.000544399 0.00048264 0.000794625 0.000161147 0.000625522 -0.000288588
internal_weight=100970 81248 59465 19722 5366 41532 1378 21783 21419 14356 3988 4440 9916 17933
internal_count=100970 81248 59465 19722 5366 41532 1378 21783 21419 14356 3988 4440 9916 17933
is_linear=0
shrinkage=0.02


Tree=59
num_leaves=13
num_cat=0
split_feature=27 25 8 3 27 4 28 22 2 28 22 14
split_gain=33.2 6.87644 3.3529 2.59783 2.58442 2.33538 2.3109 2.05749 1.85551 1.67589 1.65623 0.9216
threshold=0.32701294033069733 0.5634920634920636 0.55000000000000016 2.1000000000000005 0.22956891317547054 2.3666666666666667 3.7750000000000004 0.28991596638655465 0.26491228070175438 1.0000000180025095e-35 0.3550420168067227 1.2287581699346408
decision_type=2 2 2 2 2 2 2 2 2 2 2 2
left_child=3 5 7 4 9 8 -4 -3 -2 -1 -6 -7
right_child=1 2 6 -5 10 11 -8 -9 -10 -11 -12 -13
leaf_value=0.00086611128488525019 -0.0018446362569280292 -0.001354208671984895 0.0010592902704262832 0.0037061324526393227 -0.0010662624436932114 0.00055344845092694574 0.0032564373905288762 0.00070985571612142671 0.00016639496390929696 -0.00048657851749404744 -0.00015512745930352262 0.0024754317516372318
leaf_weight=364 182 191 476 61 830 5899 346 13115 27488 29185 22730 103
leaf_count=364 182 191 476 61 830 5899 346 13115 27488 29185 22730 103
internal_value=4.01327e-06 0.000386595 0.000757211 -0.000339742 -0.000344717 0.00023076 0.00200192 0.000679277 0.000152674 -0.000469519 -0.000187738 0.000588911
internal_weight=100970 47800 14128 53170 53109 33672 822 13306 27670 29549 23560 6002
internal_count=100970 47800 14128 53170 53109 33672 822 13306 27670 29549 23560 6002
is_linear=0
shrinkage=0.02


Tree=60
num_leaves=15
num_cat=0
split_feature=27 27 26 12 19 6 6 8 10 30 30 22 35 26
split_gain=29.4333 7.19996 4.45461 4.28364 3.39633 2.98114 2.97688 2.73412 2.64502 2.51519 1.09212 1.59507 1.06561 0.540928
threshold=0.3594260620915033 0.51526806526806535 0.15587044534412953 0.77500000000000013 0.77815063385533201 0.97500000000000009 0.64495798319327746 0.55000000000000016 0.29705882352941176 3.0954545454545461 1.0833333333333337 0.62019230769230782 0.16720430107526876 0.26969696969696971
decision_type=2 2 2 2 2 2 2 2 2 2 2 2 2 2
left_child=2 6 10 9 5 -4 13 -8 -5 -3 -1 -12 -6 -2
right_child=1 3 4 8 12 -7 7 -9 -10 -11 11 -13 -14 -15
leaf_value=0.00049531621798392267 -0.0023638161658136934 -0.00026901477591154425 -0.00050994869518970211 0.001043774401593032 0.0014493347091592236 -7.1489760255863248e-05 0.00025345119166511512 0.0012638972808158631 0.0022199602269185755 0.00073404192395376002 -0.00078127729180492433 -0.00039235426862066589 0.00010334470697368185 -0.00075051095608054408
leaf_weight=432 106 1126 7736 2432 691 31689 24829 1124 1164 7996 6082 14530 382 602
leaf_count=432 106 1126 7736 2432 691 31689 24829 1124 1164 7996 6082 14530 382 602
internal_value=2.27592e-05 0.000449822 -0.000250349 0.000841701 -0.000127345 -0.0001578 0.000262461 0.000297692 0.0014283 0.000609099 -0.000486554 -0.000507664 0.000980533 -0.00101211
internal_weight=100921 39379 61542 12718 40498 39425 26661 25953 3596 9122 21044 20612 1073 708
internal_count=100921 39379 61542 12718 40498 39425 26661 25953 3596 9122 21044 20612 1073 708
is_linear=0
shrinkage=0.02


Tree=61
num_leaves=16
num_cat=0
split_feature=27 27 26 12 19 23 6 6 8 11 23 26 5 27 23
split_gain=28.2684 6.91531 4.27813 4.11434 3.26341 3.09658 2.86296 2.86132 2.6258 2.32343 1.8178 1.22731 1.11405 0.791517 0.523976
threshold=0.3594260620915033 0.51526806526806535 0.15587044534412953 0.77500000000000013 0.77815063385533201 1.0456030897207371 0.97500000000000009 0.64495798319327746 0.55000000000000016 0.040134228187919459 0.82373653686826853 1.0000000180025095e-35 0.95000000000000007 0.16611479028697568 0.63667496886674979
decision_type=2 2 2 2 2 2 2 2 2 2 2 2 2 2 2
left_child=2 7 10 9 6 -5 -4 14 -9 -3 11 -1 -6 -12 -2
right_child=1 3 4 5 12 -7 -8 8 -10 -11 13 -13 -14 -15 -16
leaf_value=-8.9698084075041492e-05 -0.0022163946590115949 -2.0703363104870446e-05 -0.00049975235626567517 0.0010016936016044586 -0.0012423655169981496 0.0022906896285374671 -7.0060054716324072e-05 0.00024838257826587774 0.001238664222441177 0.00076050723049405082 -0.00044516912879920506 -0.00071183193886908882 0.0011484794884201992 -6.5081152516162401e-05 -0.00071381016247937473
leaf_weight=1483 122 1898 7736 2496 79 1100 31689 24829 1124 7224 4492 10652 994 4417 586
leaf_count=1483 122 1898 7736 2496 79 1100 31689 24829 1124 7224 4492 10652 994 4417 586
internal_value=2.2305e-05 0.000440833 -0.000245342 0.000824895 -0.000124793 0.00139983 -0.000154649 0.000257202 0.000291748 0.000596897 -0.000476824 -0.000636653 0.000961166 -0.000257904 -0.000992329
internal_weight=100921 39379 61542 12718 40498 3596 39425 26661 25953 9122 21044 12135 1073 8909 708
internal_count=100921 39379 61542 12718 40498 3596 39425 26661 25953 9122 21044 12135 1073 8909 708
is_linear=0
shrinkage=0.02


Tree=62
num_leaves=15
num_cat=0
split_feature=27 26 31 5 27 3 13 27 22 31 30 26 15 18
split_gain=27.1668 6.63666 4.29601 4.06672 3.3011 3.16564 3.12787 2.92667 2.56186 2.28023 2.12711 1.85197 1.54794 1.24815
threshold=0.37459677419354848 0.53589743589743599 3.9209579704657331 2.4365079365079372 0.19785943223443223 2.1000000000000005 0.23611111111111113 0.66563146997929612 0.51315789473684215 1.0000000180025095e-35 3.9258241758241765 0.13809523809523808 0.53871128871128882 0.64495798319327746
decision_type=2 2 2 2 2 2 2 2 2 2 2 2 2 2
left_child=2 3 4 10 9 11 12 -8 -6 -1 -2 -4 -3 -5
right_child=1 6 5 13 8 -7 7 -9 -10 -11 -12 -13 -14 -15
leaf_value=0.00026833323651938133 7.9630496000709507e-05 0.00039480073273867025 -0.00048083278896012932 0.00038839786036031231 -0.00061308937967074865 0.0045285797209450697 0.00076449627060528008 0.0015176688631375632 -0.0001130966850933125 -0.00056863675941475089 0.00059309397500882134 0.00025217628148554419 -0.0010200865716574578 0.0014370282823115252
leaf_weight=1388 17408 2173 1649 713 4742 64 7331 2944 30962 17602 3980 8187 356 1422
leaf_count=1388 17408 2173 1649 713 4742 64 7331 2944 30962 17602 3980 8187 356 1422
internal_value=2.18492e-05 0.000459487 -0.000224126 0.000259388 -0.000293581 0.000158564 0.000826222 0.000981522 -0.000179814 -0.000506913 0.000175693 0.000128198 0.000191031 0.0010922
internal_weight=100921 36327 64594 23523 54694 9900 12804 10275 35704 18990 21388 9836 2529 2135
internal_count=100921 36327 64594 23523 54694 9900 12804 10275 35704 18990 21388 9836 2529 2135
is_linear=0
shrinkage=0.02


Tree=63
num_leaves=15
num_cat=0
split_feature=27 27 26 31 2 6 9 8 7 6 29 22 6 29
split_gain=26.1195 6.43917 3.9984 3.66896 3.58191 2.73323 2.72565 2.47963 2.35378 2.16513 1.09196 1.4986 0.968069 0.664763
threshold=0.3594260620915033 0.51526806526806535 0.15587044534412953 3.9169540229885063 0.67543859649122817 0.64495798319327746 0.29285714285714287 0.55000000000000016 2.2861692447679713 1.0513157894736844 1.267857142857143 0.62019230769230782 0.37980769230769235 3.4722222222222228
decision_type=2 2 2 2 2 2 2 2 2 2 2 2 2 2
left_child=2 5 10 9 12 13 -6 -7 -5 -4 -1 -12 -3 -2
right_child=1 4 3 8 6 7 -8 -9 -10 -11 11 -13 -14 -15
leaf_value=0.00050144015887452012 -0.0011731557052876149 -0.0016917484754421673 -0.00045110653714758596 0.00019120976533241945 0.00074807717551000886 0.00023813762396332778 0.001480853779832296 0.0012005060662384779 0.0015361823149376513 -9.976242966632075e-05 -0.00074693397738891901 -0.0003695380448162921 0.00014275880777058923 0.00087682469074542701
leaf_weight=451 645 120 10016 6122 7826 24829 2810 1124 571 23789 6064 14529 1962 63
leaf_count=451 645 120 10016 6122 7826 24829 2810 1124 571 23789 6064 14529 1962 63
internal_value=2.14231e-05 0.000423733 -0.000235847 -0.000119295 0.000794347 0.000246519 0.000942857 0.000280291 0.000307872 -0.000204178 -0.000459636 -0.000481217 3.0703e-05 -0.000974702
internal_weight=100921 39379 61542 40498 12718 26661 10636 25953 6693 33805 21044 20593 2082 708
internal_count=100921 39379 61542 40498 12718 26661 10636 25953 6693 33805 21044 20593 2082 708
is_linear=0
shrinkage=0.02


Tree=64
num_leaves=15
num_cat=0
split_feature=27 26 12 26 5 11 27 35 6 30 2 29 23 23
split_gain=25.087 6.24517 4.47191 3.90006 3.84187 3.18376 2.84662 2.68358 2.23713 2.02977 1.61468 1.28999 1.42777 1.25328
threshold=0.37459677419354848 0.53589743589743599 0.77500000000000013 0.13809523809523808 2.4365079365079372 0.19367341835458868 0.60072463768115958 0.18594360979625432 0.97500000000000009 3.9258241758241765 0.2817460317460318 1.267857142857143 0.89574275362318856 1.3715549936788878
decision_type=2 2 2 2 2 2 2 2 2 2 2 2 2 2
left_child=3 4 10 11 9 8 -4 -6 -5 -2 -3 -1 -13 -7
right_child=1 2 6 5 7 13 -8 -9 -10 -11 -12 12 -14 -15
leaf_value=0.00050763599227643061 7.2225001712834133e-05 -0.0018726225956430976 0.0008958842636020652 -0.0004645285905124765 0.0012995186395239695 0.00019105220472667952 0.0020424434860674338 -0.0010026682591116106 -0.00012440712267363613 0.00057379145379164655 0.00058974006408213939 -0.00072328410378324755 -0.00025636217928627452 0.0013184613129671883
leaf_weight=449 17408 104 2063 9970 1915 6424 1563 220 35198 3980 9074 8151 3979 423
leaf_count=449 17408 104 2063 9970 1915 6424 1563 220 35198 3980 9074 8151 3979 423
internal_value=2.09995e-05 0.000441555 0.000797314 -0.000215368 0.000247433 -0.000138673 0.00139372 0.0010569 -0.000199721 0.000166072 0.000560347 -0.000531641 -0.000571012 0.000262527
internal_weight=100921 36327 12804 64594 23523 52015 3626 2135 45168 21388 9178 12579 12130 6847
internal_count=100921 36327 12804 64594 23523 52015 3626 2135 45168 21388 9178 12579 12130 6847
is_linear=0
shrinkage=0.02


Tree=65
num_leaves=15
num_cat=0
split_feature=25 26 11 30 30 31 11 11 25 25 26 4 23 18
split_gain=19.3345 7.16318 4.22984 2.72851 2.7282 2.40655 2.13395 2.05143 1.99668 1.32466 1.30736 0.969212 0.703438 0.387693
threshold=0.5634920634920636 0.324561403508772 0.10726270373921376 2.6754385964912282 3.1464285714285718 4.3357843137254912 0.23100961538461537 0.21452540747842758 0.73214285714285732 1.2250000000000003 0.13809523809523808 0.36666666666666675 0.84050262102991069 0.37980769230769235
decision_type=2 2 2 2 2 2 2 2 2 2 2 2 2 2
left_child=1 2 5 12 11 -1 9 -6 -8 -5 -4 -3 13 -2
right_child=3 4 10 6 7 -7 8 -9 -10 -11 -12 -13 -14 -15
leaf_value=-0.00041947330060488572 0.00038815073027516047 -0.0010067915291627966 -0.00037712890665642161 0.00059855226094852258 0.000136744396366937 0.0014224981023392208 0.00074289156286391409 0.00061600396040507725 0.0018283405751868668 -0.0020941241375274128 1.2780856847588482e-05 -0.00017861143486712879 -0.0020054508922131438 -0.0010578924570890035
leaf_weight=31239 149 661 4122 11909 20079 282 1707 4373 1185 70 20483 4272 150 134
leaf_count=31239 149 661 4122 11909 20079 282 1707 4373 1185 70 20483 4272 150 134
internal_value=4.38256e-07 -0.000116639 -0.000249149 0.000655189 0.000136118 -0.000402588 0.000701165 0.000222908 0.00119207 0.000581636 -5.21585e-05 -0.000291973 -0.000896761 -0.000264079
internal_weight=100815 85511 56126 15304 29385 31521 14871 24452 2892 11979 24605 4933 433 283
internal_count=100815 85511 56126 15304 29385 31521 14871 24452 2892 11979 24605 4933 433 283
is_linear=0
shrinkage=0.02


Tree=66
num_leaves=16
num_cat=0
split_feature=26 7 26 7 37 35 23 8 14 23 26 32 35 21 7
split_gain=18.356 4.57322 3.47983 3.47255 2.57999 2.24962 2.21429 1.91397 1.83663 1.68498 1.79223 1.38983 1.3688 1.13931 0.80205
threshold=0.39444444444444454 1.4425504134629337 0.84807692307692317 1.3183501683501684 43.500000000000007 0.05574980574980571 0.33469945355191261 0.36666666666666675 1.0000000180025095e-35 0.67658115877930125 0.28991596638655465 0.55000000000000016 0.0085107924090974518 1.0000000180025095e-35 3.0294117647058827
decision_type=2 2 2 2 2 2 2 2 2 2 2 2 2 2 2
left_child=3 5 7 9 -4 8 14 -3 -2 13 -11 -7 -8 -1 -5
right_child=1 2 4 6 -6 11 12 -9 -10 10 -12 -13 -14 -15 -16
leaf_value=0.00034889800940599312 -0.0013999156458456008 0.000384532468021496 0.00016420940616040467 -0.0010283807471571631 0.002285765398317768 -0.00030611976920176005 0.00018209638275079029 0.00084337179758989743 0.00035643006211282614 -0.00036195197398156197 7.5347899714731464e-05 0.0011976171506103128 -0.00010578156876450805 -0.0005963421307695506 0.00089021848158889942
leaf_weight=521 242 15412 341 1176 773 5129 8735 4842 7454 13106 5201 254 26952 10590 87
leaf_count=521 242 15412 341 1176 773 5129 8735 4842 7454 13106 5201 254 26952 10590 87
internal_value=4.28937e-07 0.000375109 0.000555464 -0.000193896 0.00164677 7.96462e-05 -6.44745e-05 0.000494791 0.000299554 -0.000356098 -0.000237175 -0.00023289 -3.50321e-05 -0.000551065 -0.000887117
internal_weight=100815 34447 21368 66368 1114 13079 36950 20254 7696 29418 18307 5383 35687 11111 1263
internal_count=100815 34447 21368 66368 1114 13079 36950 20254 7696 29418 18307 5383 35687 11111 1263
is_linear=0
shrinkage=0.02


Tree=67
num_leaves=15
num_cat=0
split_feature=27 27 37 31 37 27 3 13 11 8 25 30 28 11
split_gain=21.0459 5.43808 5.25186 3.53177 3.35663 3.17939 2.51973 2.24021 2.06214 1.67946 1.62648 1.59568 1.44675 1.17389
threshold=0.35737937559129612 0.66770833333333346 17.500000000000004 3.9209579704657331 92.500000000000014 0.23345498783454988 2.1000000000000005 1.0500000000000003 0.33213429256594723 0.36666666666666675 0.5277777777777779 3.0250000000000004 2.4500000000000006 0.18210405946255001
decision_type=2 2 2 2 2 2 2 2 2 2 2 2 2 2
left_child=3 4 11 5 7 10 13 -2 -6 -4 -1 -3 -7 -5
right_child=1 2 9 6 8 12 -8 -9 -10 -11 -12 -13 -14 -15
leaf_value=-0.00046851978902768876 0.00011733419817566462 -0.00067926015245153544 0.0013826690367906471 -2.9486973579524279e-05 0.00054985193839034532 -0.00065323003857232847 0.0040209913479559347 0.0010158289321590512 0.0025146799527847015 0.0026810669758740593 0.001064690234868423 0.00063367386288622814 -9.346323662437184e-05 0.0004938766317784043
leaf_weight=25883 24514 468 1462 7138 9497 2012 64 1165 220 593 274 1661 23622 2242
leaf_count=25883 24514 468 1462 7138 9497 2012 64 1165 220 593 274 1661 23622 2242
internal_value=4.27471e-07 0.000359945 0.00104253 -0.000231792 0.000278924 -0.000296707 0.000123132 0.000158562 0.000595874 0.00176444 -0.000451997 0.000340003 -0.000137837 9.46197e-05
internal_weight=100815 39580 4184 61235 35396 51791 9444 25679 9717 2055 26157 2129 25634 9380
internal_count=100815 39580 4184 61235 35396 51791 9444 25679 9717 2055 26157 2129 25634 9380
is_linear=0
shrinkage=0.02


Tree=68
num_leaves=15
num_cat=0
split_feature=25 11 24 30 6 21 35 4 23 31 4 24 22 19
split_gain=17.5879 6.13996 2.82882 2.55362 2.4885 2.14169 2.08302 2.55012 1.89944 1.82124 1.59197 1.24526 0.863646 0.563393
threshold=0.5634920634920636 0.10819418144258906 0.29166666666666669 2.6754385964912282 1.4868421052631582 0.41428571428571431 0.16720430107526876 3.2250000000000005 1.2754362614611063 3.9649736228683596 1.2916666666666667 0.55000000000000016 0.82085561497326209 0.5052088985349974
decision_type=2 2 2 2 2 2 2 2 2 2 2 2 2 2
left_child=1 2 8 12 -4 9 7 -5 -1 -3 -7 -8 13 -2
right_child=3 5 4 6 -6 10 11 -9 -10 -11 -12 -13 -14 -15
leaf_value=-0.00042686353650499265 0.00019651312143244642 -0.00062038056479865708 -0.00019849866094001897 0.00070035617344647448 0.00041357372839251588 -6.8896478788473738e-05 -0.00083601498488704534 0.0020694391962160102 0.0003540257300451502 0.00084575537230399027 0.000197017866246396 0.00034240128332144252 -0.0021250727067928057 -0.0020150867423840931
leaf_weight=27750 233 2771 10812 12292 3516 14009 464 577 1289 379 24985 1538 146 54
leaf_count=27750 233 2771 10812 12292 3516 14009 464 577 1289 379 24985 1538 146 54
internal_value=4.31838e-07 -0.000111227 -0.00027833 0.000624913 -4.75654e-05 6.0492e-05 0.000669408 0.00076283 -0.000391835 -0.000440382 0.00010123 6.373e-05 -0.000876264 -0.00019607
internal_weight=100815 85511 43367 15304 14328 42144 14871 12869 29039 3150 38994 2002 433 287
internal_count=100815 85511 43367 15304 14328 42144 14871 12869 29039 3150 38994 2002 433 287
is_linear=0
shrinkage=0.02


Tree=69
num_leaves=16
num_cat=0
split_feature=27 27 37 37 27 37 30 24 11 26 12 35 10 11 23
split_gain=19.7795 5.12528 5.01909 3.20157 2.94139 2.75056 3.47518 2.04776 1.95843 1.83588 1.62479 1.61375 1.5156 1.28126 1.24802
threshold=0.35737937559129612 0.66770833333333346 17.500000000000004 92.500000000000014 0.23345498783454988 32.500000000000007 3.6961538461538468 0.77500000000000013 0.33213429256594723 0.97500000000000009 0.22500000000000003 0.19855548602419687 0.23303167420814477 0.12146194926568755 1.1406828703703706
decision_type=2 2 2 2 2 2 2 2 2 2 2 2 2 2 2
left_child=4 3 9 7 5 6 -1 -2 -5 -3 12 -4 -6 -7 -12
right_child=1 2 11 8 10 13 -8 -9 -10 -11 14 -13 -14 -15 -16
leaf_value=-0.00034248397299769173 7.181571690662711e-05 0.00054490915244096892 0.0018684272257656776 0.0005349543097395937 -0.00031080864456084403 -0.00067113032072319261 0.00036860898913151967 0.00054993709746123745 0.0024500695058891366 -0.0012527898547705263 -3.0722882601317025e-05 -0.00030617436340876986 0.00062289579214704028 -0.00027475857604970588 0.00044707296909797322
leaf_weight=11225 21356 1875 1917 9497 12183 10806 3627 4323 220 254 15297 138 729 4823 2545
leaf_count=11225 21356 1875 1917 9497 12183 10806 3627 4323 220 254 15297 138 729 4823 2545
internal_value=4.22736e-07 0.000348959 0.00101164 0.000270291 -0.000224699 -0.000364028 -0.000168129 0.000152732 0.000579838 0.000324768 -8.62661e-05 0.00171738 -0.00025723 -0.000549503 3.69124e-05
internal_weight=100815 39580 4184 35396 61235 30481 14852 25679 9717 2129 30754 2055 12912 15629 17842
internal_count=100815 39580 4184 35396 61235 30481 14852 25679 9717 2129 30754 2055 12912 15629 17842
is_linear=0
shrinkage=0.02


Tree=70
num_leaves=16
num_cat=0
split_feature=26 26 8 22 4 31 26 23 24 30 24 14 34 15 18
split_gain=16.5691 5.68942 4.63466 2.4153 2.37708 2.07152 1.97696 1.85716 1.69411 1.55229 1.39581 1.32449 1.30875 0.513642 0.43597
threshold=0.45804195804195807 0.25657894736842107 0.55000000000000016 0.28991596638655465 1.1000000000000003 3.0802298850574714 0.10818713450292396 0.95017730496453912 0.77500000000000013 1.0833333333333337 0.77500000000000013 0.76696832579185525 0.054093567251461951 0.78736702127659586 0.46862745098039221
decision_type=2 2 2 2 2 2 2 2 2 2 2 2 2 2 2
left_child=1 4 3 14 9 10 -6 13 -5 -1 -3 -7 -9 -4 -2
right_child=2 5 7 8 6 11 -8 12 -10 -11 -12 -13 -14 -15 -16
leaf_value=0.00077040775242635015 -0.00017072487850578464 -0.00038212674762871403 0.0012202523733085056 0.00034150512967247244 -0.0004460428744412829 9.0398759233973594e-05 -3.775805608417972e-05 0.0032826759858791263 0.00074767370524554504 -0.00045925108070024416 0.00071761490042466104 0.00052194649289394248 0.0012262753923551752 -0.00023551490347264179 -0.0019659606228162956
leaf_weight=412 96 5108 369 11714 6308 27599 19387 381 6471 18983 500 3188 216 116 180
leaf_count=412 96 5108 369 11714 6308 27599 19387 381 6471 18983 500 3188 216 116 180
internal_value=1.0362e-05 -0.000114974 0.000533423 0.00045801 -0.000265159 7.08212e-05 -0.000138406 0.00180767 0.000486653 -0.000432538 -0.000282072 0.000135441 0.00256192 0.000851998 -0.00138322
internal_weight=101028 81485 19543 18461 45090 36395 25695 1082 18185 19395 5608 30787 597 485 276
internal_count=101028 81485 19543 18461 45090 36395 25695 1082 18185 19395 5608 30787 597 485 276
is_linear=0
shrinkage=0.02


Tree=71
num_leaves=16
num_cat=0
split_feature=26 11 11 26 21 26 11 11 13 10 2 30 14 22 25
split_gain=15.9138 5.54168 3.14456 2.89397 2.433 2.41424 1.7772 1.68224 1.64934 1.49829 1.47204 1.35325 1.02998 0.641057 0.579927
threshold=0.45804195804195807 0.12365342291208152 0.33436853002070394 0.25657894736842107 0.29285714285714287 0.13809523809523808 0.48913043478260876 0.20993827160493828 0.78888888888888908 0.095454545454545472 1.4472222222222224 1.0833333333333337 0.8377192982456142 0.28991596638655465 0.5634920634920636
decision_type=2 2 2 2 2 2 2 2 2 2 2 2 2 2 2
left_child=1 3 4 11 13 12 10 -7 -6 -5 -4 -1 -3 -2 -8
right_child=2 5 6 9 8 7 14 -9 -10 -11 -12 -13 -14 -15 -16
leaf_value=0.00075507403715797093 -0.0017808715459229291 -0.00055072490301009654 0.0017701804759882971 -0.00020994660658188311 0.00040933017506988807 4.9691821720352267e-05 -0.0012604406611485916 0.00038666122488287486 0.00090901752552244731 0.00015470865999871257 0.0050863664207004364 -0.00038878160694941677 0.0005851429786000933 -0.00025561365602691543 0.00084854748100042347
leaf_weight=412 205 2955 731 10439 14779 22006 86 8155 3278 7904 61 29266 348 277 126
leaf_count=412 205 2955 731 10439 14779 22006 86 8155 3278 7904 61 29266 348 277 126
internal_value=1.01588e-05 -0.000112672 0.000522774 -0.000250405 0.000462862 8.46806e-05 0.00161598 0.000141154 0.000500686 -5.22718e-05 0.00205036 -0.000372515 -0.000427744 -0.000929662 0
internal_weight=101028 81485 19543 48021 18539 33464 1004 30161 18057 18343 792 29678 3303 482 212
internal_count=101028 81485 19543 48021 18539 33464 1004 30161 18057 18343 792 29678 3303 482 212
is_linear=0
shrinkage=0.02


Tree=72
num_leaves=16
num_cat=0
split_feature=26 26 8 30 21 6 8 22 34 24 30 3 6 6 22
split_gain=15.2844 5.32353 4.38156 3.6097 2.33926 1.97801 1.84208 1.73194 2.08291 1.64151 1.56528 1.17988 1.056 0.612966 0.592095
threshold=0.45804195804195807 0.15587044534412953 0.55000000000000016 3.0954545454545461 0.29285714285714287 1.7735042735042736 1.0000000180025095e-35 1.1464285714285716 1.0000000180025095e-35 0.77500000000000013 1.0833333333333337 0.90031055900621137 0.87867647058823539 3.0634615384615391 0.28991596638655465
decision_type=2 2 2 2 2 2 2 2 2 2 2 2 2 2 2
left_child=1 5 4 12 14 10 -5 11 -9 -6 -1 -4 -3 -7 -2
right_child=2 3 7 6 9 13 -8 8 -10 -11 -12 -13 -14 -15 -16
leaf_value=0.00074004555525987047 -0.001730490440214184 -0.00057623923206266215 -0.00016711987047032876 -5.5033209068847846e-05 0.00033235441776029954 -1.3720882236647433e-06 0.00019096220049141276 0.0051879550314555736 0.001617256231032885 0.000734442688465342 -0.00049529288090527086 0.0016471527623625453 -0.00017308388191648739 0.0019851259201292006 -0.0002563781644168653
leaf_weight=412 211 4530 174 25753 11589 3842 23021 116 180 6397 17531 612 6335 61 264
leaf_count=412 211 4530 174 25753 11589 3842 23021 116 180 6397 17531 612 6335 61 264
internal_value=9.96414e-06 -0.00011041 0.00051234 -1.23943e-05 0.000438998 -0.000377508 6.0873e-05 0.00175135 0.00307557 0.000475985 -0.000466291 0.00123342 -0.000342169 2.81149e-05 -0.000936669
internal_weight=101028 81485 19543 59639 18461 21846 48774 1082 296 17986 17943 786 10865 3903 475
internal_count=101028 81485 19543 59639 18461 21846 48774 1082 296 17986 17943 786 10865 3903 475
is_linear=0
shrinkage=0.02


Tree=73
num_leaves=15
num_cat=0
split_feature=27 27 37 12 30 37 27 10 6 35 29 25 12 10
split_gain=16.4949 4.72769 5.00524 4.4762 2.67569 4.65567 2.59729 2.16769 2.12079 1.71475 1.70366 1.68134 1.04246 0.462577
threshold=0.32701294033069733 0.5504231562477776 92.500000000000014 0.77500000000000013 3.0250000000000004 21.500000000000004 0.17083593912862202 1.0000000180025095e-35 0.55277777777777792 0.052015692640692605 1.3166666666666669 0.58571428571428574 0.77500000000000013 1.0000000180025095e-35
decision_type=2 2 2 2 2 2 2 2 2 2 2 2 2 2
left_child=4 8 7 -4 10 11 -7 -3 13 -10 -1 -6 -12 -2
right_child=1 2 3 -5 5 6 -8 -9 9 -11 12 -13 -14 -15
leaf_value=0.00070413454739323212 -0.0011096646087925609 -0.00041592813752867007 0.0008305394913609601 0.0028907651246287101 0.00019206834018369555 -0.00066514327758043063 -0.00018767752636449341 0.00057051735385787246 0.00033014130139804698 5.6089811095281824e-05 -0.00060528406685372014 0.0021343782625563158 0 0.00010077652796893052
leaf_weight=449 613 999 1149 686 9424 5564 25907 7430 18859 17906 10462 181 1259 140
leaf_count=449 613 999 1149 686 9424 5564 25907 7430 18859 17906 10462 181 1259 140
internal_value=9.76643e-06 0.000279626 0.00066029 0.00160849 -0.000232214 -0.000154674 -0.000272447 0.000452347 0.00017519 0.00019695 -0.000493038 0.000230148 -0.000539864 -0.0008717
internal_weight=101028 47782 10264 1835 53246 41076 31471 8429 37518 36765 12170 9605 11721 753
internal_count=101028 47782 10264 1835 53246 41076 31471 8429 37518 36765 12170 9605 11721 753
is_linear=0
shrinkage=0.02


Tree=74
num_leaves=16
num_cat=0
split_feature=26 11 8 26 26 23 37 31 11 25 13 6 30 6 15
split_gain=14.2433 5.09699 4.15786 2.62612 2.22513 1.7227 1.83535 1.68247 1.5763 1.45656 1.3942 1.32572 1.21136 0.620972 0.495449
threshold=0.45804195804195807 0.12365342291208152 0.55000000000000016 0.25657894736842107 0.13809523809523808 0.95017730496453912 92.500000000000014 3.5521610696517416 0.20993827160493828 1.0500000000000003 0.18333333333333332 1.1464285714285716 1.0833333333333337 1.7735042735042736 0.78736702127659586
decision_type=2 2 2 2 2 2 2 2 2 2 2 2 2 2 2
left_child=1 3 7 12 13 14 -7 10 -6 -9 -2 -5 -1 -3 -4
right_child=2 4 5 11 8 6 -8 9 -10 -11 -12 -13 -14 -15 -16
leaf_value=0.00071130144639291624 -0.00042113704309772383 -0.00063172521296297243 0.0011435870372381494 -0.00025669152779100781 4.8313998024448921e-05 0.001529630140995416 0.0039158283390782096 0.0005420037105636369 0.00037452479115855945 0.0020058869144372773 0.00031186303394186847 8.9418938884947981e-05 -0.00037044011735600071 -6.1886086036230776e-05 -0.0002886290570436898
leaf_weight=412 1233 1995 369 7414 22006 379 218 10705 8155 283 6240 10929 29266 1308 116
leaf_count=412 1233 1995 369 7414 22006 379 218 10705 8155 283 6240 10929 29266 1308 116
internal_value=9.57992e-06 -0.000106619 0.000494548 -0.000238714 8.26411e-05 0.00170155 0.00242783 0.000423087 0.000136866 0.000580975 0.000189504 -4.9942e-05 -0.000355039 -0.000409267 0.000780724
internal_weight=101028 81485 19543 48021 33464 1082 597 18461 30161 10988 7473 18343 29678 3303 485
internal_count=101028 81485 19543 48021 33464 1082 597 18461 30161 10988 7473 18343 29678 3303 485
is_linear=0
shrinkage=0.02


Tree=75
num_leaves=15
num_cat=0
split_feature=26 24 31 30 24 4 2 12 6 22 19 24 31 30
split_gain=15.9223 4.06362 4.00741 3.08478 2.71258 2.66761 2.14046 1.90591 1.88547 1.7847 1.36509 0.873081 1.18339 0.937465
threshold=0.36602870813397131 0.77500000000000013 3.0944139058089442 3.1937500000000005 1.0000000180025095e-35 4.1000000000000005 0.72474747474747481 0.22500000000000003 1.0871212121212122 0.34166666666666673 0.78596059113300509 0.29166666666666669 1.9344086021505378 1.0833333333333337
decision_type=2 2 2 2 2 2 2 2 2 2 2 2 2 2
left_child=2 3 11 6 10 8 -2 -6 -3 -5 -4 13 -13 -1
right_child=1 5 4 9 7 -7 -8 -9 -10 -11 -12 12 -14 -15
leaf_value=0.00038045703490380847 -0.00056426957513510962 -1.4436572462647827e-06 -0.00033698931886324434 -0.0010660309639663908 -0.00017510915139317949 0.0041241459937199302 0.00036325081739277252 0.00012865210225920443 0.00079831987019171342 0.00034613034973651524 0.00077902410129260594 0.00095751360012363428 -0.00030274855681133552 -0.00058084728798751817
leaf_weight=407 2991 1363 15660 359 13644 90 1476 20928 7694 20840 444 319 3725 11205
leaf_count=407 2991 1363 15660 359 13644 90 1476 20928 7694 20840 444 319 3725 11205
internal_value=3.918e-06 0.000350382 -0.000177771 0.00022079 -9.11112e-05 0.000712791 -0.000255532 8.47889e-06 0.000676885 0.000321646 -0.000305506 -0.000457589 -0.00020044 -0.000546233
internal_weight=101145 34813 66332 25666 50676 9147 4467 34572 9057 21199 16104 15656 4044 11612
internal_count=101145 34813 66332 25666 50676 9147 4467 34572 9057 21199 16104 15656 4044 11612
is_linear=0
shrinkage=0.02


Tree=76
num_leaves=16
num_cat=0
split_feature=27 27 37 27 10 12 28 37 30 27 2 23 24 29 21
split_gain=19.4661 5.44412 3.71401 3.31008 2.17531 2.15382 2.13273 2.57376 2.54574 2.21032 1.88798 1.66911 1.16745 1.36379 0.619785
threshold=0.31153480636730818 0.52280154486036856 67.500000000000014 0.73097601323407779 1.0000000180025095e-35 1.2916666666666667 2.7750000000000004 21.500000000000004 3.4641025641025647 0.20067114093959734 0.62019230769230782 1.2508992805755399 0.36666666666666675 1.267857142857143 1.1833333333333336
decision_type=2 2 2 2 2 2 2 2 2 2 2 2 2 2 2
left_child=6 5 4 -4 -3 10 12 8 -8 -9 -2 -7 13 -1 -14
right_child=1 2 3 -5 -6 11 7 9 -10 -11 -12 -13 14 -15 -16
leaf_value=0.00034887454133429287 -0.00020673122372305612 -0.00040174026005602612 0.00093815647563889827 0.0027217908395579986 0.00053928647343481028 0.00070994004536000541 -0.00025988309566222183 -0.00054585541639217111 0.00034184381432287225 -0.00019017901744593801 0.00019140818600307691 0.0034188956707715992 -0.00023598514479413022 -0.00080105130846933688 0.0011852851146050083
leaf_weight=432 5587 1117 3213 487 7490 1463 5638 10748 5599 20396 31543 98 1666 5539 129
leaf_count=432 5587 1117 3213 487 7490 1463 5638 10748 5599 20396 31543 98 1666 5539 129
internal_value=3.84156e-06 0.000279067 0.0006457 0.00117697 0.000415935 0.000162161 -0.000275855 -0.000219623 3.90539e-05 -0.000313274 0.000131222 0.000890564 -0.000581303 -0.000716091 -0.000127073
internal_weight=101145 50998 12307 3700 8607 38691 50147 42381 11237 31144 37130 1561 7766 5971 1795
internal_count=101145 50998 12307 3700 8607 38691 50147 42381 11237 31144 37130 1561 7766 5971 1795
is_linear=0
shrinkage=0.02


Tree=77
num_leaves=16
num_cat=0
split_feature=26 31 6 26 23 22 19 26 31 30 23 1 8 1 28
split_gain=14.7795 3.74063 3.73296 3.30349 2.12518 1.92692 1.36395 1.28581 1.27843 1.27221 1.2611 0.851517 0.779144 1.13334 0.883175
threshold=0.36602870813397131 3.0944139058089442 1.0250000000000001 0.53589743589743599 0.65123929008567949 0.37980769230769235 0.51672259507829998 0.05131578947368421 3.8282039141414144 3.5941176470588241 1.0118347338935576 0.2678571428571429 1.0000000180025095e-35 1.0500000000000003 1.0000000180025095e-35
decision_type=2 2 2 2 2 2 2 2 2 2 2 2 2 2 2
left_child=1 12 8 9 6 -5 -3 -6 11 -4 -10 -2 14 -14 -1
right_child=2 4 3 5 7 -7 -8 -9 10 -11 -12 -13 13 -15 -16
leaf_value=0.00043007526002573161 -0.0010975284070979955 -0.00047727543570266659 2.3111374051473094e-05 -0.00069015400934462024 -0.00046574830336310508 0.00072149095617557132 2.8072575871922239e-05 8.1166046858785056e-06 8.0692474251595615e-05 0.0003792921863961704 0.0027207098200789882 -0.00015060940559397747 -0.00010510340404901725 -0.0010632303951068321 -0.00056804992516580545
leaf_weight=354 419 7746 6507 391 2435 11922 2899 37596 212 10724 115 4523 4142 565 10595
leaf_count=354 419 7746 6507 391 2435 11922 2899 37596 212 10724 115 4523 4142 565 10595
internal_value=3.76977e-06 -0.000171274 0.000337572 0.000425118 -8.754e-05 0.000675747 -0.000338733 -2.04796e-05 -0.00015139 0.000245385 0.00105043 -0.000233327 -0.000441622 -0.000222638 -0.000534793
internal_weight=101145 66332 34813 29544 50676 12313 10645 40031 5269 17231 327 4942 15656 4707 10949
internal_count=101145 66332 34813 29544 50676 12313 10645 40031 5269 17231 327 4942 15656 4707 10949
is_linear=0
shrinkage=0.02


Tree=78
num_leaves=15
num_cat=0
split_feature=27 27 10 6 21 12 35 2 11 15 27 29 2 21
split_gain=18.2228 5.09221 2.58866 2.53962 1.95287 1.92447 1.61686 1.53519 1.75948 1.45663 1.01162 0.950579 1.12325 0.600541
threshold=0.31153480636730818 0.52280154486036856 1.0000000180025095e-35 0.55277777777777792 0.43650793650793651 1.2916666666666667 0.15410428497676817 0.67543859649122817 0.020067114093959702 0.61563932755985751 0.21283459162663007 1.0000000180025095e-35 0.97500000000000009 0.64583333333333337
decision_type=2 2 2 2 2 2 2 2 2 2 2 2 2 2
left_child=4 3 9 13 11 -5 -4 10 -9 -3 -6 -1 -13 -2
right_child=1 2 6 5 7 -7 -8 8 -10 -11 -12 12 -14 -15
leaf_value=0.00042152227645509701 -0.0018694049888606527 -3.5707462941192917e-05 0.00082236903190082572 0.00015067782328885928 -0.00056906365252239795 0.00086910814199398824 0.00013215833628104509 0.00023503869505990218 -0.00020149589977387536 -0.00268836510181427 -0.00018538291347306848 -0.00081171828853526459 -0.00027031891724723289 -0.00059053751852201377
leaf_weight=354 219 1150 9441 36338 6823 1561 1628 4256 27029 88 4766 4488 2431 573
leaf_count=354 219 1150 9441 36338 6823 1561 1628 4256 27029 88 4766 4488 2431 573
internal_value=3.69231e-06 0.000269987 0.00062458 0.000156911 -0.000266921 0.000180577 0.0007218 -0.000215123 -0.000141779 -0.000236361 -0.000412196 -0.000570755 -0.000623075 -0.000960576
internal_weight=101145 50998 12307 38691 50147 37899 11069 42874 31285 1238 11589 7273 6919 792
internal_count=101145 50998 12307 38691 50147 37899 11069 42874 31285 1238 11589 7273 6919 792
is_linear=0
shrinkage=0.02


Tree=79
num_leaves=16
num_cat=0
split_feature=26 24 31 30 24 2 6 12 26 37 19 19 24 31 29
split_gain=13.7327 3.75706 3.51871 2.77472 2.51322 1.99606 1.88197 1.80353 1.58963 1.3545 1.33675 1.28752 0.793556 1.13748 0.875109
threshold=0.36602870813397131 0.77500000000000013 3.0944139058089442 3.1937500000000005 1.0000000180025095e-35 0.72474747474747481 1.0871212121212122 0.22500000000000003 0.71008403361344552 153.50000000000003 0.56014184397163136 0.78596059113300509 0.29166666666666669 1.9344086021505378 1.267857142857143
decision_type=2 2 2 2 2 2 2 2 2 2 2 2 2 2 2
left_child=2 3 12 5 11 -2 10 -6 -5 -8 -3 -4 14 -14 -1
right_child=1 6 4 8 7 -7 9 -9 -10 -11 -12 -13 13 -15 -16
leaf_value=0.00035517826984668601 -0.00054913093194967921 0.00029486267541800566 -0.00032086737454888953 0.00025599379566300297 -0.00016661813500932842 0.00034641475856546139 0.00081748399516280842 0.00012885605635337721 0.0010540636854279614 -0.0022086347588177384 -0.0012869675508085288 0.00076292107792178617 0.00095340866723164601 -0.00028244300841133685 -0.00054637115587649544
leaf_weight=433 2991 1100 15660 20140 13644 1476 7728 20928 1059 56 263 444 319 3725 11179
leaf_count=433 2991 1100 15660 20140 13644 1476 7728 20928 1059 56 263 444 319 3725 11179
internal_value=3.60874e-06 0.000325377 -0.000165118 0.000200757 -8.38998e-05 -0.000250962 0.000673838 1.19537e-05 0.000296429 0.000793867 -4.47453e-06 -0.000290275 -0.000427328 -0.000182062 -0.000511837
internal_weight=101145 34813 66332 25666 50676 4467 9147 34572 21199 7784 1363 16104 15656 4044 11612
internal_count=101145 34813 66332 25666 50676 4467 9147 34572 21199 7784 1363 16104 15656 4044 11612
is_linear=0
shrinkage=0.02


Tree=80
num_leaves=16
num_cat=0
split_feature=27 27 30 11 37 27 30 37 35 5 37 28 37 15 23
split_gain=14.2867 3.93471 3.62092 2.70862 2.6496 2.12519 2.11888 1.81132 1.67066 2.2064 1.43485 1.03442 0.606926 1.24948 0.614961
threshold=0.43403539564136323 0.31153480636730818 3.0250000000000004 0.33436853002070394 37.500000000000007 0.20887321633590292 3.1519230769230773 46.500000000000007 0.16720430107526876 1.4142857142857144 92.500000000000014 4.1000000000000005 63.500000000000007 0.36393738711619505 0.76013698630136994
decision_type=2 2 2 2 2 2 2 2 2 2 2 2 2 2 2
left_child=1 4 12 10 6 -6 -1 -5 9 -3 -4 -10 14 -14 -2
right_child=2 8 3 7 5 -7 -8 -9 11 -11 -12 -13 13 -15 -16
leaf_value=-0.00029403797221437387 -7.2727116159579727e-05 -5.2509999879651821e-05 0.0003659342423541212 0.0006155165209126781 -0.00058486139224612848 -0.0002221496119224296 0.00010148237127390003 0.002264184629958537 -0.00012429526435156537 0.00033821030218538747 0.00075750701892492557 -0.00089644107915259701 0.0018229942593798543 -0.00057364668863922803 -0.00081313490690571239
leaf_weight=9305 866 11851 15845 539 10353 17586 12917 574 2957 11216 5007 923 147 199 1008
leaf_count=9305 866 11851 15845 539 10353 17586 12917 574 2957 11216 5007 923 147 199 1008
internal_value=1.04456e-05 -0.000122479 0.00043463 0.000512609 -0.000227239 -0.000356945 -6.36951e-05 0.00147728 7.21602e-05 0.000137052 0.000460502 -0.000310922 -0.000332165 0.000420469 -0.000476756
internal_weight=101293 77108 24185 21965 50161 27939 22222 1113 26947 23067 20852 3880 2220 346 1874
internal_count=101293 77108 24185 21965 50161 27939 22222 1113 26947 23067 20852 3880 2220 346 1874
is_linear=0
shrinkage=0.02


Tree=81
num_leaves=15
num_cat=0
split_feature=26 30 30 11 18 26 3 8 35 26 31 31 3 29
split_gain=11.5944 3.05215 2.98913 2.76971 2.12541 1.85649 2.15974 1.83501 1.78142 1.93772 1.93764 1.22134 0.910174 0.823011
threshold=0.45804195804195807 3.1519230769230773 3.5131578947368425 0.29181873479318737 1.0250000000000001 0.19375000000000003 0.52198067632850254 0.55000000000000016 0.17099640125955912 0.70294117647058829 3.6101161923035927 4.2277854367715264 1.7596153846153848 1.267857142857143
decision_type=2 2 2 2 2 2 2 2 2 2 2 2 2 2
left_child=1 12 8 4 -4 11 -7 -5 9 -2 -10 -3 13 -1
right_child=2 5 3 7 -6 6 -8 -9 10 -11 -12 -13 -14 -15
leaf_value=0.00054643908239625119 9.2100146324804936e-05 -0.00025663466717640857 0.00060574642660459106 0.0010945680722033776 -0.0012574885857682076 0.00079243386630598999 1.4917807566631568e-05 0.0029851452430089314 -0.001096919616090394 0.00085570255678246818 0.0015206169991092827 0.00071289920528358388 0.0017012272289629732 -0.00032745444799538116
leaf_weight=430 6057 13874 9747 769 246 1476 44381 298 735 1716 129 533 87 20815
leaf_count=430 6057 13874 9747 769 246 1476 44381 298 735 1716 129 533 87 20815
internal_value=1.02318e-05 -9.48001e-05 0.000445806 0.000663806 0.000558636 -2.18423e-05 4.01953e-05 0.00163653 0.000165401 0.000262139 -0.00069195 -0.000219978 -0.000300419 -0.000309246
internal_weight=101293 81596 19697 11060 9993 60264 45857 1067 8637 7773 864 14407 21332 21245
internal_count=101293 81596 19697 11060 9993 60264 45857 1067 8637 7773 864 14407 21332 21245
is_linear=0
shrinkage=0.02


Tree=82
num_leaves=16
num_cat=0
split_feature=27 8 27 37 30 27 30 23 2 37 17 5 5 30 37
split_gain=13.3631 4.07613 3.71384 2.53915 2.46789 2.01607 2.00773 1.91946 1.42891 1.41856 1.21882 1.66728 1.59679 1.1572 0.583337
threshold=0.43403539564136323 0.36666666666666675 0.31153480636730818 37.500000000000007 3.0250000000000004 0.20887321633590292 3.5941176470588241 0.65471908187735539 1.4248120300751881 92.500000000000014 0.84523809523809534 1.4142857142857144 1.6833333333333336 4.0250000000000012 53.500000000000007
decision_type=2 2 2 2 2 2 2 2 2 2 2 2 2 2 2
left_child=2 4 3 6 14 -5 -1 13 -9 -6 11 -4 -12 -3 -2
right_child=1 7 10 5 9 -7 -8 8 -10 -11 12 -13 -14 -15 -16
leaf_value=-0.00019250270294461115 -0.00052076142107714029 -0.00035323927224728102 -3.7975399197242789e-05 -0.000569264588437755 0.00027379942940268325 -0.00021594975517301473 0.00021295603540432141 0.0010501218256885058 0.0029834119681112783 0.00070341403322564671 -0.0019011142849922182 0.00029077270405004847 -0.00018276681121190392 0.0022719605031766392 0.00033789542444208836
leaf_weight=14995 1672 568 13608 10353 13648 17586 7227 3648 165 4036 246 11220 1873 74 374
leaf_count=14995 1672 568 13608 10353 13648 17586 7227 3648 165 4036 246 11220 1873 74 374
internal_value=1.00421e-05 0.000420289 -0.00011851 -0.000220289 0.00029612 -0.000347262 -6.01829e-05 0.000967578 0.00113792 0.000372484 7.05793e-05 0.000110198 -0.000388573 -2.90022e-05 -0.000358743
internal_weight=101293 24185 77108 50161 19730 27939 22222 4455 3813 17684 26947 24828 2119 642 2046
internal_count=101293 24185 77108 50161 19730 27939 22222 4455 3813 17684 26947 24828 2119 642 2046
is_linear=0
shrinkage=0.02


Tree=83
num_leaves=16
num_cat=0
split_feature=27 8 27 37 30 30 27 23 1 37 7 2 7 30 37
split_gain=12.8361 3.91534 3.56638 2.46206 2.62973 2.36993 1.97385 1.84335 1.94961 1.36206 1.32023 1.72435 1.12732 1.11245 0.560651
threshold=0.43403539564136323 0.36666666666666675 0.31153480636730818 21.500000000000004 3.4868421052631584 3.0250000000000004 0.17083593912862202 0.65471908187735539 1.5857142857142861 92.500000000000014 2.4223180076628359 1.341666666666667 2.5916172920781215 4.0250000000000012 53.500000000000007
decision_type=2 2 2 2 2 2 2 2 2 2 2 2 2 2 2
left_child=2 5 3 4 -1 14 -5 13 -9 -7 11 -4 -12 -3 -2
right_child=1 7 10 6 -6 9 -8 8 -10 -11 12 -13 -14 -15 -16
leaf_value=-0.00020670446503154622 -0.00051035863702300057 -0.00034619925942337303 8.6192248306820598e-05 -0.00059180550069704203 0.00034345121970099783 0.0002683242439132034 -0.0002274211101122179 0.00099796242839935248 0.0029596278836598266 0.00068935272583222251 0.0027724521760722153 -0.0007297942965725137 0.00035109729941831813 0.0022277170537333742 0.00033117345752234155
leaf_weight=9212 1672 568 25526 7645 5578 13648 27726 3593 220 4036 129 1076 216 74 374
leaf_count=9212 1672 568 25526 7645 5578 13648 27726 3593 220 4036 129 1076 216 74 374
internal_value=9.84096e-06 0.00041192 -0.000116149 -0.000215888 1.27289e-07 0.000290209 -0.00030649 0.000948325 0.00111526 0.000365048 6.91427e-05 5.27589e-05 0.00129605 -2.79924e-05 -0.000351474
internal_weight=101293 24185 77108 50161 14790 19730 35371 4455 3813 17684 26947 26602 345 642 2046
internal_count=101293 24185 77108 50161 14790 19730 35371 4455 3813 17684 26947 26602 345 642 2046
is_linear=0
shrinkage=0.02


Tree=84
num_leaves=15
num_cat=0
split_feature=25 31 30 25 3 31 10 29 3 7 7 37 33 37
split_gain=8.75905 3.73312 2.75662 2.48792 2.49596 1.6604 1.70896 1.37214 1.55375 1.27525 1.12431 2.01961 1.21678 1.11795
threshold=0.58571428571428574 3.1088032716315115 3.5419580419580421 0.23611111111111113 0.63182720953326721 1.9344086021505378 0.15192307692307691 3.3875000000000006 0.75088652482269513 0.60172413793103463 2.382847386393486 102.50000000000001 1.0000000180025095e-35 124.50000000000001
decision_type=2 2 2 2 2 2 2 2 2 2 2 2 2 2
left_child=1 7 10 9 -5 -4 -7 13 -9 -3 12 -12 -2 -1
right_child=2 3 5 4 -6 6 -8 8 -10 -11 11 -13 -14 -15
leaf_value=-0.00039150774569211475 0.00031772896990446792 0.00081939035331880729 0.0041277814225146644 0.00085201120685824241 7.730229365687624e-05 0.00040352249885922272 0.00097979740977007239 0.0005115389440880448 -0.00058438664958225734 -0.00014544066508375287 0.00028682606087790597 0.0041346884805422562 -0.00023744688026810853 0.0023437438778958078
leaf_weight=16500 3908 553 55 1752 33767 4651 3829 1523 776 31011 205 76 2630 57
leaf_count=16500 3908 553 55 1752 33767 4651 3829 1523 776 31011 205 76 2630 57
internal_value=9.65339e-06 -6.88598e-05 0.000449708 8.80362e-07 0.000115843 0.000689525 0.000665078 -0.000317475 0.00013709 -0.000128169 0.000147961 0.00138473 9.28685e-05 -0.000381205
internal_weight=101293 85939 15354 67083 35519 8535 8480 18856 2299 31564 6819 281 6538 16557
internal_count=101293 85939 15354 67083 35519 8535 8480 18856 2299 31564 6819 281 6538 16557
is_linear=0
shrinkage=0.02


Tree=85
num_leaves=15
num_cat=0
split_feature=27 27 37 11 6 31 31 27 3 11 27 18 37 15
split_gain=11.2765 2.96145 3.77256 2.54809 2.14318 2.11343 1.82133 1.90198 1.5592 1.39354 1.25617 1.10035 1.02656 0.624956
threshold=0.31153480636730818 0.60072463768115958 41.500000000000007 0.17405329593267879 0.55277777777777792 3.9209579704657331 1.0000000180025095e-35 0.14093535572408813 2.1000000000000005 0.060292895720814262 1.5357142857142858 0.69615384615384623 42.500000000000007 0.37786526684164484
decision_type=2 2 2 2 2 2 2 2 2 2 2 2 2 2
left_child=5 4 10 -4 13 6 11 -8 12 -6 -3 -1 -7 -2
right_child=1 2 3 -5 9 8 7 -9 -10 -11 -12 -13 -14 -15
leaf_value=0.00026762076865795048 -0.00063680719495653277 0.00015208958900870292 0.00035116117117237245 0.0016557274623680463 -0.00010667245749498949 0.00028108412119107136 -0.00057068024685191625 -0.00023931788726942464 0.003214167914693318 0.0001981859321041793 0.0023259012184359811 0.0025897091660606725 -0.00019267698286212277 -0.0022906302098642316
leaf_weight=1288 713 4258 979 1641 7138 3766 8913 32311 61 36293 108 87 3537 112
leaf_count=1288 713 4258 979 1641 7138 3766 8913 32311 61 36293 108 87 3537 112
internal_value=-1.91842e-05 0.000189167 0.00057221 0.00117271 0.000128453 -0.000233068 -0.000287199 -0.000311228 7.8704e-05 0.000147849 0.000209192 0.000425356 5.02726e-05 -0.000878415
internal_weight=101205 51242 6986 2620 44256 49963 42599 41224 7364 43431 4366 1375 7303 825
internal_count=101205 51242 6986 2620 44256 49963 42599 41224 7364 43431 4366 1375 7303 825
is_linear=0
shrinkage=0.02


Tree=86
num_leaves=15
num_cat=0
split_feature=27 27 37 12 35 21 11 27 37 1 19 29 29 28
split_gain=10.8296 2.87173 3.15613 2.19325 1.89223 1.69292 1.68247 1.6366 2.05135 1.22222 1.07569 1.05397 0.764709 0.738301
threshold=0.31153480636730818 0.5335585585585586 91.500000000000014 0.77500000000000013 0.15410428497676817 0.5277777777777779 0.060292895720814262 0.24918300653594774 37.500000000000007 1.1833333333333336 0.42008403361344543 1.267857142857143 4.2361111111111116 2.2250000000000005
decision_type=2 2 2 2 2 2 2 2 2 2 2 2 2 2
left_child=5 6 4 -4 -3 11 10 8 -7 -8 -2 -1 -9 -13
right_child=1 2 3 -5 -6 7 9 12 -10 -11 -12 13 -14 -15
leaf_value=0.00052890609604729045 5.2522035183041061e-05 0.00043322945433990802 0.00066747616134959164 0.0020162949259417045 -0.00031947089582681657 -7.8492402068205573e-05 9.96943418343169e-05 -2.1118145682941727e-05 -0.00043851617418043067 0.00039559823423314247 -0.00043947180447876001 -0.00093926722800815687 0.00062013351359650705 -0.00041921012288484823
leaf_weight=419 3805 7726 1388 770 1598 12821 25459 12250 12661 7213 3283 1275 789 9748
leaf_count=419 3805 7726 1388 770 1598 12821 25459 12250 12661 7213 3283 1275 789 9748
internal_value=-1.87899e-05 0.000185389 0.00046423 0.0011548 0.000303114 -0.000228394 0.000104593 -0.000164516 -0.000257787 0.000165347 -0.000174008 -0.000442509 1.70068e-05 -0.00048043
internal_weight=101205 51242 11482 2158 9324 49963 39760 38521 25482 32672 7088 11442 13039 11023
internal_count=101205 51242 11482 2158 9324 49963 39760 38521 25482 32672 7088 11442 13039 11023
is_linear=0
shrinkage=0.02


Tree=87
num_leaves=15
num_cat=0
split_feature=27 27 11 6 31 15 31 23 17 3 31 27 3 15
split_gain=10.4019 2.76549 2.05285 2.04877 2.00883 1.78079 1.72384 2.27437 1.55767 1.49983 1.3085 1.29259 0.784604 0.600758
threshold=0.31153480636730818 0.60072463768115958 0.14717282261741901 0.55277777777777792 3.9209579704657331 0.96318879855465223 1.0000000180025095e-35 0.64724736048265474 0.58571428571428574 2.1000000000000005 3.4566073262581312 1.5357142857142858 1.0636653155761437 0.37786526684164484
decision_type=2 2 2 2 2 2 2 2 2 2 2 2 2 2
left_child=4 3 11 13 6 -4 8 -8 -1 12 -5 -3 -6 -2
right_child=1 2 5 10 9 -7 7 -9 -10 -11 -12 -13 -14 -15
leaf_value=0.00010273505220246627 -0.0006241522939888748 0.00011968294342896216 0.0010240049387266015 -2.5093139755756069e-05 0.00027601105145347196 -0.00047484349263341802 -0.00053910847245865537 -0.00020692754419374227 0.0019058074464655332 0.0031554950229705325 0.00021384890891800706 0.0024951847258367038 -0.00013887401417300919 -0.0022466942537249178
leaf_weight=1143 713 3252 3301 13021 3387 340 11517 29707 232 61 30410 93 3916 112
leaf_count=1143 713 3252 3301 13021 3387 340 11517 29707 232 61 30410 93 3916 112
internal_value=-1.84093e-05 0.000181695 0.000551858 0.000123015 -0.000223835 0.000881112 -0.000276613 -0.000299995 0.000416551 8.01099e-05 0.000141984 0.000190168 5.21962e-05 -0.000861417
internal_weight=101205 51242 6986 44256 49963 3641 42599 41224 1375 7364 43431 3345 7303 825
internal_count=101205 51242 6986 44256 49963 3641 42599 41224 1375 7364 43431 3345 7303 825
is_linear=0
shrinkage=0.02


Tree=88
num_leaves=16
num_cat=0
split_feature=26 26 11 30 23 3 21 4 12 11 15 23 23 2 15
split_gain=7.99976 3.46305 2.11051 2.02097 2.28451 1.84656 1.39453 1.20273 1.17977 1.15646 0.948595 0.933774 0.874959 0.755823 0.717949
threshold=0.46410256410256417 0.19375000000000003 0.34440765268579837 3.0954545454545461 1.334474885844749 0.90491259795057277 0.29285714285714287 2.9000000000000004 0.77500000000000013 0.48913043478260876 0.84641025641025658 0.88924963924963929 1.1054484803558193 1.5131578947368423 0.46037455749685968
decision_type=2 2 2 2 2 2 2 2 2 2 2 2 2 2 2
left_child=1 7 6 12 -5 10 14 11 -8 -7 -4 -1 -3 -9 -2
right_child=2 3 5 4 -6 9 8 13 -10 -11 -12 -13 -14 -15 -16
leaf_value=-0.00044685253162421744 0 -0.00020914197761260557 0.00076822509989142422 8.2509091215178482e-07 0.00069857699077959022 0.0020824251621961594 0.00023042538505893347 0.00054130149147945718 0.00059992793024419373 0.00011392491875272809 -0.0025619041919708254 -0.00016582203488196094 -0.00079009449356215911 -0.001430375403668507 -0.0015280930011598896
leaf_weight=13908 247 9504 62 46605 1955 598 13608 891 4720 163 65 7376 1183 81 239
leaf_count=13908 247 9504 62 46605 1955 598 13608 891 4720 163 65 7376 1183 81 239
internal_value=-1.80351e-05 -0.000105555 0.000343484 -2.54653e-05 2.91498e-05 0.00129862 0.000297738 -0.00031829 0.000326184 0.0016753 -0.000871947 -0.000349956 -0.000274522 0.000364128 -0.000751463
internal_weight=101205 81503 19702 59247 48560 888 18814 22256 18328 761 127 21284 10687 972 486
internal_count=101205 81503 19702 59247 48560 888 18814 22256 18328 761 127 21284 10687 972 486
is_linear=0
shrinkage=0.02


Tree=89
num_leaves=16
num_cat=0
split_feature=26 10 23 11 18 29 26 35 16 23 14 35 28 5 20
split_gain=7.68385 3.37994 2.53101 2.02761 2.00913 1.60107 1.57136 1.48133 1.52366 1.41465 1.76185 1.40117 0.757258 0.371486 0.321255
threshold=0.46410256410256417 0.24264705882352941 0.64724736048265474 0.34440765268579837 0.74342105263157909 2.2111111111111117 0.19375000000000003 1.0000000180025095e-35 0.55000000000000016 1.334474885844749 0.8973684210526317 0.15579093038109434 4.2250000000000005 2.1055555555555561 0.45000000000000007
decision_type=2 2 2 2 2 2 2 2 2 2 2 2 2 2 2
left_child=1 2 4 5 -1 14 -4 13 -9 12 -11 -7 -3 -5 -2
right_child=3 9 6 7 -6 11 -8 8 -10 10 -12 -13 -14 -15 -16
leaf_value=-0.0003933515721151111 -0.00042082613622638544 0.00010269046798238374 -0.00026918963940283854 -0.00085780493021011357 0.00071805364615179501 0.00038399535812474892 -1.7027302306553889e-05 -0.00019625860452651976 0.0023485345034918526 0.00063969117001845283 0.0034863395510463541 -9.1939892149366469e-05 0.00063321350229343166 0.00061366193856184298 -0.0024385466240346432
leaf_weight=18051 69 8799 13307 98 667 15755 38814 108 476 518 107 2896 1240 206 94
leaf_count=18051 69 8799 13307 98 667 15755 38814 108 476 518 107 2896 1240 206 94
internal_value=-1.7671e-05 -0.000103448 -0.000153504 0.000336636 -0.000353141 0.000291783 -8.16065e-05 0.00127289 0.00186179 0.000228097 0.00115255 0.000309557 0.000169329 0.000104122 -0.00166048
internal_weight=101205 81503 70839 19702 18718 18814 52121 888 584 10664 625 18651 10039 304 163
internal_count=101205 81503 70839 19702 18718 18814 52121 888 584 10664 625 18651 10039 304 163
is_linear=0
shrinkage=0.02


Tree=90
num_leaves=16
num_cat=0
split_feature=25 11 12 14 31 25 10 20 22 35 28 30 11 7 36
split_gain=10.008 3.36174 2.08423 1.88847 1.59306 1.74491 1.26732 1.19609 1.17191 1.16985 1.15561 1.0059 0.907991 0.893497 0.333562
threshold=0.31666666666666671 0.24292389853137511 0.36666666666666675 0.73508771929824568 3.4566073262581312 0.89444444444444449 1.0000000180025095e-35 0.22500000000000003 0.35147058823529415 0.217539189588879 1.0000000180025095e-35 3.0513157894736849 1.0000000180025095e-35 1.0418417366946782 1.0000000180025095e-35
decision_type=2 2 2 2 2 2 2 2 2 2 2 2 2 2 2
left_child=2 3 10 6 7 -6 -2 -3 12 -5 14 -12 -4 -10 -1
right_child=1 4 8 9 5 -7 -8 -9 13 -11 11 -13 -14 -15 -16
leaf_value=0.0001166113398291848 -0.00017019595064088526 0.0027184465578917799 -0.0015823520556636822 0.000688127821718955 0.00072318941346604423 0.0019255724383148169 0.00018130488267363638 -0.00025161676136397845 -0.00030300963157708861 -0.00082580924316605115 -0.00049627671336370809 -0.00022461100949408696 -0.00034301803512448622 1.1804141683716774e-05 0.0013962789520698506
leaf_weight=174 4825 56 299 3567 3656 572 26473 809 4121 209 7873 18650 1299 28412 191
leaf_count=174 4825 56 299 3567 3656 572 26473 809 4121 209 7873 18650 1299 28412 191
internal_value=3.06784e-06 0.000248314 -0.000158209 0.00017819 0.000729012 0.000889056 0.000126789 -4.19738e-05 -5.4096e-05 0.000601292 -0.000289982 -0.00030566 -0.000582847 -2.77826e-05 0.000817453
internal_weight=101186 40167 61019 35074 5093 4228 31298 865 34131 3776 26888 26523 1598 32533 365
internal_count=101186 40167 61019 35074 5093 4228 31298 865 34131 3776 26888 26523 1598 32533 365
is_linear=0
shrinkage=0.02


Tree=91
num_leaves=16
num_cat=0
split_feature=27 27 37 37 18 13 35 37 37 22 13 28 35 27 12
split_gain=11.9248 3.4625 3.7294 2.73485 2.35632 1.80936 1.61889 1.60852 1.49815 1.28132 1.27796 1.13841 1.0058 0.879718 0.603405
threshold=0.31153480636730818 0.62643982523500608 44.500000000000007 80.500000000000014 0.38675213675213677 0.76388888888888895 0.16720430107526876 8.5000000000000018 139.50000000000003 0.31414473684210531 0.29285714285714287 1.0000000180025095e-35 0.14672782874617732 0.17509124087591241 0.77500000000000013
decision_type=2 2 2 2 2 2 2 2 2 2 2 2 2 2 2
left_child=3 5 9 4 11 8 -7 -6 -2 -3 -4 -1 13 -5 -14
right_child=1 2 10 12 7 6 -8 -9 -10 -11 -12 -13 14 -15 -16
leaf_value=0.00080181440394321002 7.5467222157187368e-05 -0.0015013513009564405 8.342592499472877e-05 -0.00098140517335805781 0.0004361339349318579 0.00054604307176118875 -0.00032008434131404945 -5.7394818166928433e-05 0.00075138614541615085 0.00039025596244740085 0.0015992657866924645 -0.0003163307009735305 -0.00028876697159451744 -0.00047474993989006308 0.00043725296903989819
leaf_weight=365 36032 145 273 1707 3150 6804 972 16240 1364 3790 1674 17980 1791 8293 606
leaf_count=365 36032 145 273 1707 3150 6804 972 16240 1364 3790 1674 17980 1791 8293 606
internal_value=3.00592e-06 0.000218248 0.00067513 -0.000215995 -0.000130946 0.000158507 0.000436437 2.23024e-05 0.000100427 0.000317285 0.00139216 -0.000293454 -0.000474004 -0.000562415 -0.000100838
internal_weight=101186 51054 5882 50132 37735 45172 7776 19390 37396 3935 1947 18345 12397 10000 2397
internal_count=101186 51054 5882 50132 37735 45172 7776 19390 37396 3935 1947 18345 12397 10000 2397
is_linear=0
shrinkage=0.02


Tree=92
num_leaves=16
num_cat=0
split_feature=27 27 37 37 31 34 13 26 11 7 37 20 35 27 5
split_gain=11.4535 3.32559 3.58243 2.62675 2.54234 1.9122 1.73723 1.67788 1.67469 1.55671 1.43882 1.3152 0.965992 0.844402 0.455305
threshold=0.31153480636730818 0.62643982523500608 44.500000000000007 80.500000000000014 3.8467447610077703 0.10818713450292396 0.76388888888888895 0.39444444444444454 0.17405329593267879 2.2510504201680677 139.50000000000003 1.3666666666666669 0.14672782874617732 0.17509124087591241 0.95000000000000007
decision_type=2 2 2 2 2 2 2 2 2 2 2 2 2 2 2
left_child=3 6 11 4 7 -6 10 -1 -4 -8 -2 -3 13 -5 -14
right_child=1 2 8 12 5 -7 9 -9 -10 -11 -12 -13 14 -15 -16
leaf_value=-0.00024339740259656843 7.3957961862555828e-05 0.00046819006640239416 0.00049006119275849967 -0.00096180004341829724 1.3708551181966181e-05 0.0007597547637480692 0.00032021735307850358 0.00040956399190670922 0.0017718199127826793 0.001191635401850643 0.00073638043523183855 -0.00053886639009607896 -0.00077949893280599249 -0.00046525723112139666 8.0491434123639752e-06
leaf_weight=28943 36032 3331 628 1707 5269 1871 6831 1652 1319 945 1364 604 336 8293 2061
leaf_count=28943 36032 3331 628 1707 5269 1871 6831 1652 1319 945 1364 604 336 8293 2061
internal_value=2.94825e-06 0.000213896 0.000661665 -0.000211679 -0.000128321 0.000210764 0.000155342 -0.000207789 0.00136445 0.000427684 9.8425e-05 0.000310877 -0.000464545 -0.000551192 -9.8735e-05
internal_weight=101186 51054 5882 50132 37735 7140 45172 30595 1947 7776 37396 3935 12397 10000 2397
internal_count=101186 51054 5882 50132 37735 7140 45172 30595 1947 7776 37396 3935 12397 10000 2397
is_linear=0
shrinkage=0.02


Tree=93
num_leaves=15
num_cat=0
split_feature=25 19 35 4 23 19 5 28 35 37 4 3 19 22
split_gain=9.08733 3.36417 2.56846 1.95467 1.73929 1.41731 1.16539 1.12553 0.991961 1.51449 1.07166 0.975835 0.854238 0.848663
threshold=0.31666666666666671 0.52960654460459688 0.14551208285385497 1.2916666666666667 1.0912061794414736 0.69255907491201618 1.6833333333333336 1.0000000180025095e-35 0.043321864247732204 14.500000000000002 0.36666666666666675 2.1000000000000005 0.18237250554323722 0.3550420168067227
decision_type=2 2 2 2 2 2 2 2 2 2 2 2 2 2
left_child=3 8 4 6 -3 -4 7 -1 10 -10 -2 13 -8 -5
right_child=1 2 5 11 -6 -7 12 -9 9 -11 -12 -13 -14 -15
leaf_value=0.00079070694115246354 -0.0004280554968590611 0.00043738226142814031 -0.00029210376274898571 -0.00052261923487697333 0.00095694329621664629 0.00045134741930310618 0.0022060711081925925 -0.00031693184006081557 0.00059962468450529532 -0.00017574639864611249 0.00024522154548048072 0.0026224685907363893 6.1946325334747877e-05 -1.7770187028609706e-05
leaf_weight=365 1021 10571 2551 1398 3484 1712 75 27601 1138 8477 11213 53 2702 28825
leaf_count=365 1021 10571 2551 1398 3484 1712 75 27601 1138 8477 11213 53 2702 28825
internal_value=2.90045e-06 0.000236598 0.000436584 -0.000150774 0.000567002 4.18958e-06 -0.000263155 -0.000302062 6.84489e-05 -8.28306e-05 0.000188155 -3.63198e-05 0.000124998 -4.14865e-05
internal_weight=101186 40167 18318 61019 14055 4263 30743 27966 21849 9615 12234 30276 2777 30223
internal_count=101186 40167 18318 61019 14055 4263 30743 27966 21849 9615 12234 30276 2777 30223
is_linear=0
shrinkage=0.02


Tree=94
num_leaves=16
num_cat=0
split_feature=27 27 37 37 18 26 4 27 35 27 35 13 30 4 35
split_gain=10.7482 3.1195 3.42131 2.5437 2.71088 2.85868 1.72876 1.57352 1.37406 1.23779 1.22524 1.203 1.16708 0.845524 0.524269
threshold=0.31153480636730818 0.62643982523500608 44.500000000000007 56.500000000000007 0.38675213675213677 0.15587044534412953 0.36666666666666675 0.14777667984189721 0.052015692640692605 1.5357142857142858 0.018927633150226855 0.29285714285714287 3.8480769230769236 1.7750000000000001 0.15016339869281048
decision_type=2 2 2 2 2 2 2 2 2 2 2 2 2 2 2
left_child=3 6 9 4 12 -6 10 14 -8 -3 -2 -4 -1 -9 -5
right_child=1 2 11 7 5 -7 8 13 -10 -11 -12 -13 -14 -15 -16
leaf_value=-0.00032667938890665961 -0.00098851833964737367 0.00023865463296489627 5.7531155239452019e-05 -0.00099182757349987305 -0.00027904476968204812 0.00030965538232897722 0.00028917111342311521 -0.00042152271645308357 6.2166095468085993e-05 0.0025403312555293445 -1.2844221813325594e-05 0.0015285529607022292 0.00030822691529296163 -0.00013582204034533893 0.0005234125798398799
leaf_weight=13974 850 3840 273 1870 5011 9598 22007 11758 20960 95 1355 1674 1245 6590 86
leaf_count=13974 850 3840 273 1870 5011 9598 22007 11758 20960 95 1355 1674 1245 6590 86
internal_value=2.84901e-06 0.000207201 0.00064089 -0.000205062 -8.70758e-05 0.000107032 0.000150481 -0.000377873 0.000178675 0.000298025 -0.00039404 0.00132769 -0.00027405 -0.000319479 -0.000919633
internal_weight=101186 51054 5882 50132 29828 14609 45172 20304 42967 3935 2205 1947 15219 18348 1956
internal_count=101186 51054 5882 50132 29828 14609 45172 20304 42967 3935 2205 1947 15219 18348 1956
is_linear=0
shrinkage=0.02


Tree=95
num_leaves=16
num_cat=0
split_feature=11 11 37 19 28 22 21 37 30 23 29 17 37 0 28
split_gain=4.57875 2.34025 2.45937 2.11597 1.91697 1.90501 1.58273 1.42568 1.35888 1.3504 0.767054 0.759869 0.696102 0.596492 0.316415
threshold=0.12365342291208152 0.33436853002070394 74.500000000000014 0.71206060606060617 2.4500000000000006 0.39444444444444454 0.41428571428571431 16.500000000000004 2.757352941176471 0.80969148222669363 1.6833333333333336 0.95000000000000007 65.500000000000014 0.63333333333333341 1.5500000000000003
decision_type=2 2 2 2 2 2 2 2 2 2 2 2 2 2 2
left_child=4 6 12 -4 10 11 9 -7 -8 -2 14 -6 -3 -12 -1
right_child=1 2 3 -5 5 7 8 -9 -10 -11 13 -13 -14 -15 -16
leaf_value=0 -0.00048917862268057751 0.0005002003715308288 -0.00029330271052884627 0.0028003365794817608 -0.00063594643754404047 0.00014300555886488829 -0.00053134005152301875 -0.00011708822066761499 0.00016302285582778096 0.00068748087288276658 -0.00062533742807529592 0.00099841742139113589 -0.0016778557179337843 -6.8218953830679672e-05 0.0011821190374238151
leaf_weight=563 2731 1667 109 361 2936 11011 1153 35643 38703 447 4723 112 57 968 103
leaf_count=563 2731 1667 109 361 2936 11011 1153 35643 38703 447 4723 112 57 968 103
internal_value=-8.59382e-06 0.000141005 0.0007786 0.00206349 -0.000129468 -8.73829e-05 0.000108232 -5.54846e-05 0.000142659 -0.000320203 -0.000456808 -0.000571997 0.000420534 -0.000532389 0.000173729
internal_weight=101287 45228 2194 470 56059 49702 43034 46654 39856 3178 6357 3048 1724 5691 666
internal_count=101287 45228 2194 470 56059 49702 43034 46654 39856 3178 6357 3048 1724 5691 666
is_linear=0
shrinkage=0.02


Tree=96
num_leaves=16
num_cat=0
split_feature=26 10 11 25 30 26 8 30 13 24 19 10 29 23 5
split_gain=8.66676 3.0046 2.44822 1.52013 1.47152 1.27748 1.16017 1.07738 1.01043 0.92913 0.896014 0.885758 0.872669 0.831637 0.749683
threshold=0.39444444444444454 0.34166666666666673 0.07985507246376812 0.81666666666666676 2.6961538461538468 0.78174603174603186 0.36666666666666675 3.3416666666666672 1.0000000180025095e-35 1.0000000180025095e-35 0.56765475152571943 0.17156862745098037 3.5857142857142867 0.62458053691275184 1.4722222222222225
decision_type=2 2 2 2 2 2 2 2 2 2 2 2 2 2 2
left_child=2 4 11 6 10 -6 -3 -5 12 -10 -2 13 -4 -1 -13
right_child=1 3 8 7 5 -7 -8 -9 9 -11 -12 14 -14 -15 -16
leaf_value=-0.00046047516204888306 -0.00030402027911137475 6.6997663714946849e-05 -0.0012061821508802762 0 0.00018861648603266305 0.00073623239373847408 0.0010520235755081687 0.0025853751911015447 -0.00017607502131910949 3.552303455648924e-05 -0.0021700162251116865 -0.00046660923804992281 0.00015228730745804617 -0.00022276014036707795 0.00091686598564449104
leaf_weight=9478 1035 778 541 74 29342 1824 1342 314 11907 27255 116 232 271 16343 435
leaf_count=9478 1035 778 541 74 29342 1824 1342 314 11907 27255 116 232 271 16343 435
internal_value=-8.42273e-06 0.000247041 -0.000142436 0.00091471 0.000194863 0.000221032 0.000695654 0.00207627 -4.33262e-05 -2.85626e-05 -0.00050419 -0.000291613 -0.000741256 -0.000310433 0.000420753
internal_weight=101287 34825 66462 2508 32317 31166 2120 388 39974 39162 1151 26488 812 25821 667
internal_count=101287 34825 66462 2508 32317 31166 2120 388 39974 39162 1151 26488 812 25821 667
is_linear=0
shrinkage=0.02


Tree=97
num_leaves=16
num_cat=0
split_feature=26 10 11 25 35 35 26 35 32 26 23 1 28 37 29
split_gain=8.32416 2.88676 2.35136 1.45854 1.25702 1.21685 1.20029 2.44652 1.22054 0.93323 1.46989 0.991938 0.868498 1.1172 1.09612
threshold=0.39444444444444454 0.34166666666666673 0.07985507246376812 0.81666666666666676 0.22053033811949976 0.03858560794044661 0.78174603174603186 0.10838353413654615 0.90000000000000013 0.13809523809523808 1.4449944994499451 1.2361111111111114 2.4500000000000006 16.500000000000004 1.6833333333333336
decision_type=2 2 2 2 2 2 2 2 2 2 2 2 2 2 2
left_child=2 6 12 4 -3 -5 8 -8 -2 11 -11 -4 14 -14 -1
right_child=1 3 9 5 -6 -7 7 -9 -10 10 -12 -13 13 -15 -16
leaf_value=0.00021666643902903699 0.00015386417972052999 0.00081303170150713599 -0.00037830624425289582 0.00039561560048776513 -0.0011292724536477233 0.0028504080779384821 0.0010714356536450594 -0.00062163842420010602 0.0029497946207485506 -1.8136985187600899e-05 0.0010862940214650518 0.00037693559221481767 -3.1090884943280305e-05 -0.00033419926176419114 -0.00069070306450001381
leaf_weight=608 30351 1983 5094 134 137 254 1470 435 61 33602 487 791 7294 15073 3513
leaf_count=608 30351 1983 5094 134 137 254 1470 435 61 33602 487 791 7294 15073 3513
internal_value=-8.25147e-06 0.00024211 -0.000139591 0.000896577 0.000681856 0.00203464 0.000190958 0.000679338 0.000159995 -4.24559e-05 -2.0028e-06 -0.000275002 -0.000285789 -0.000235813 -0.000554367
internal_weight=101287 34825 66462 2508 2120 388 32317 1905 30412 39974 34089 5885 26488 22367 4121
internal_count=101287 34825 66462 2508 2120 388 32317 1905 30412 39974 34089 5885 26488 22367 4121
is_linear=0
shrinkage=0.02


Tree=98
num_leaves=13
num_cat=0
split_feature=27 12 3 27 22 37 37 27 23 27 37 4
split_gain=8.95666 3.00446 2.57949 2.10346 2.63718 1.72568 1.50962 1.4802 1.2884 1.24832 1.01472 0.614712
threshold=0.32701294033069733 0.90000000000000013 2.1000000000000005 0.5504231562477776 0.39444444444444454 77.500000000000014 5.5000000000000009 0.73097601323407779 1.3849306431273647 0.55592347314201629 56.500000000000007 1.3666666666666669
decision_type=2 2 2 2 2 2 2 2 2 2 2 2
left_child=2 5 8 6 -5 9 -3 -7 10 -2 -1 -10
right_child=1 3 -4 4 -6 7 -8 -9 11 -11 -12 -13
leaf_value=-0.00013291411119220679 -4.6318116727196728e-05 -0.001409044625654898 0.0035892665220631495 -0.002453832336162266 0.0013141767936045139 0.00027301703696993397 0.00042858555800411881 0.0017197437594606451 9.5931239910539094e-06 0.00027294235065078383 -0.00031338859605580644 0.00079228797513577673
leaf_weight=29539 20530 181 70 74 1760 13626 5161 290 967 6422 21949 718
leaf_count=29539 20530 181 70 74 1760 13626 5161 290 967 6422 21949 718
internal_value=-8.07786e-06 0.000189802 -0.000186824 0.00056757 0.00115419 0.000123201 0.000363947 0.000304127 -0.000192118 2.93974e-05 -0.000210053 0.000349581
internal_weight=101287 48044 53243 7176 1834 40868 5342 13916 53173 26952 51488 1685
internal_count=101287 48044 53243 7176 1834 40868 5342 13916 53173 26952 51488 1685
is_linear=0
shrinkage=0.02


Tree=99
num_leaves=16
num_cat=0
split_feature=27 12 27 22 19 6 27 31 22 17 6 27 31 30 29
split_gain=8.60169 2.88468 2.01914 2.53566 1.52017 1.47297 1.40179 1.20558 1.09119 0.957421 0.884332 0.793068 0.698034 0.622998 0.349536
threshold=0.32701294033069733 0.90000000000000013 0.5504231562477776 0.39444444444444454 0.78596059113300509 0.55277777777777792 0.73097601323407779 3.6437568886789484 1.297058823529412 0.47222222222222227 1.6282894736842108 0.18469899665551839 3.8184659090909094 2.8480769230769236 2.9500000000000006
decision_type=2 2 2 2 2 2 2 2 2 2 2 2 2 2 2
left_child=4 5 7 -4 8 13 -7 -3 11 14 -11 -1 -10 -2 -6
right_child=1 2 3 -5 9 6 -8 -9 12 10 -12 -13 -14 -15 -16
leaf_value=-0.00033195588588443947 -0.0011160750820523218 -1.149406757449832e-05 -0.0024060471512769399 0.0012879230846544129 0.00033683805711685666 0.00010911132611094958 0.00060595521474267073 0.00059876565018921726 0.00033575981179773058 0.0017368304814916358 0.00038318956973122772 -0.00016256509876890857 -0.00025353653599386632 -7.0698070633518802e-05 -0.0013899047720053838
leaf_weight=17616 523 2104 74 1760 61 37474 2429 3238 2380 277 730 30861 1194 442 124
leaf_count=17616 523 2104 74 1760 61 37474 2429 3238 2380 277 730 30861 1194 442 124
internal_value=-7.90681e-06 0.00018601 0.000556179 0.00113097 -0.000183077 0.000120744 0.000139635 0.000356623 -0.000199395 0.000520237 0.000768157 -0.000224337 0.00013606 -0.000648738 -0.000769557
internal_weight=101287 48044 7176 1834 53243 40868 39903 5342 52051 1192 1007 48477 3574 965 185
internal_count=101287 48044 7176 1834 53243 40868 39903 5342 52051 1192 1007 48477 3574 965 185
is_linear=0
shrinkage=0.02


Tree=100
num_leaves=16
num_cat=0
split_feature=27 27 37 10 37 31 37 35 22 24 27 4 11 37 3
split_gain=7.86188 2.78754 2.76721 2.17739 2.13588 2.0974 1.67699 2.07793 1.57935 1.56269 1.55156 1.55014 1.24163 0.997018 0.919349
threshold=0.31595925297113753 0.5504231562477776 59.500000000000007 1.0000000180025095e-35 21.500000000000004 3.1216803760282024 56.500000000000007 0.051376319758672656 0.56696428571428581 0.36666666666666675 0.15410428497676817 0.77500000000000013 0.080145985401459854 108.50000000000001 2.1000000000000005
decision_type=2 2 2 2 2 2 2 2 2 2 2 2 2 2 2
left_child=4 6 3 -3 5 9 8 -8 -2 -1 13 -4 -12 -6 -7
right_child=1 2 11 -5 10 14 7 -9 -10 -11 12 -13 -14 -15 -16
leaf_value=-0.00037062142828152137 -0.00049349312604265907 -0.00064585355693294155 -0.00020752139637232437 0.00039166304321720731 -0.00048577397481962715 0.00022756071976478331 0.00043196454700066423 3.8727870645252674e-05 4.3021609675302153e-05 0.00042243139581021226 -0.00037360728604276784 0.0011142610936421815 -0.00010247637105924109 -0.0016059066017924204 0.002596112965647854
leaf_weight=5530 2556 928 389 5963 5241 8159 10401 11249 15337 1199 10245 2930 20299 347 65
leaf_count=5530 2556 928 389 5963 5241 8159 10401 11249 15337 1199 10245 2930 20299 347 65
internal_value=7.04612e-06 0.000186082 0.000480954 0.000250345 -0.000167126 3.33083e-05 0.000109673 0.000228129 -3.31068e-05 -0.000227743 -0.000250349 0.0009563 -0.000193764 -0.00055767 0.000248123
internal_weight=100838 49753 10210 6891 51085 14953 39543 21650 17893 6729 36132 3319 30544 5588 8224
internal_count=100838 49753 10210 6891 51085 14953 39543 21650 17893 6729 36132 3319 30544 5588 8224
is_linear=0
shrinkage=0.02


Tree=101
num_leaves=16
num_cat=0
split_feature=27 2 27 12 37 30 26 27 37 22 30 23 37 31 37
split_gain=7.55478 2.57804 2.35347 2.37081 1.87516 2.68539 1.74788 1.65471 1.3822 1.2969 1.06254 1.07365 1.05712 0.823523 0.588774
threshold=0.32701294033069733 0.6132478632478634 0.5504231562477776 0.70833333333333337 21.500000000000004 3.3867521367521372 0.29705882352941176 0.19157801418439713 56.500000000000007 0.54772727272727284 3.820855614973262 1.0196723426212591 94.500000000000014 3.1144345238095243 85.500000000000014
decision_type=2 2 2 2 2 2 2 2 2 2 2 2 2 2 2
left_child=4 10 8 -4 5 13 -7 12 -3 -9 11 -2 -6 -1 -12
right_child=1 2 3 -5 7 6 -8 9 -10 -11 14 -13 -14 -15 -16
leaf_value=-0.0003298820943034872 -0.00041575789270010519 1.749288303307335e-05 0.00031498948608895213 0.0010194645492743698 -0.00035064324943759627 0.00014417863271175288 0.00089947403878458583 -0.0004903008110662807 0.00028336935489298723 -9.1406883837704669e-05 0.00027944088773389832 0.00012403114405937836 -0.00088865128550427914 0.00010235190742868719 0.0027104341862974942
leaf_weight=5965 4101 13929 6241 2799 9133 4873 1657 3807 18084 23564 111 2262 1782 2458 72
leaf_count=5965 4101 13929 6241 2799 9133 4873 1657 3807 18084 23564 111 2262 1782 2458 72
internal_value=6.9036e-06 0.000190076 0.000248952 0.000534395 -0.000156677 3.26632e-05 0.000337584 -0.000230885 0.000168006 -0.000147286 -0.000177596 -0.000222317 -0.000439542 -0.000202566 0.00130891
internal_weight=100838 47599 41053 9040 53239 14953 6530 38286 32013 27371 6546 6363 10915 8423 183
internal_count=100838 47599 41053 9040 53239 14953 6530 38286 32013 27371 6546 6363 10915 8423 183
is_linear=0
shrinkage=0.02


Tree=102
num_leaves=16
num_cat=0
split_feature=26 26 23 10 34 8 37 11 11 31 37 7 15 26 31
split_gain=5.90405 2.52864 1.88338 1.84459 1.9715 1.70985 1.95412 1.4704 1.03333 0.90562 0.833503 0.798909 1.0386 0.637285 0.492546
threshold=0.29705882352941176 0.70294117647058829 1.0118347338935576 1.0000000180025095e-35 0.38675213675213677 1.0000000180025095e-35 16.500000000000004 0.16169043374925726 0.21452540747842758 3.8724118235042129 91.500000000000014 1.1400934579439255 0.17787193973634649 0.10263157894736842 2.9718968013689619
decision_type=2 2 2 2 2 2 2 2 2 2 2 2 2 2 2
left_child=2 5 7 10 -5 6 -2 13 -7 -9 -3 14 -13 -1 -4
right_child=1 3 11 4 -6 8 -8 9 -10 -11 -12 12 -14 -15 -16
leaf_value=-0.00042716774234334733 0.00034027279008848896 -0.001083525079469339 -0.00074573087702572971 0.00092193212725567234 -0.0024409044981002809 0.00015299548865445209 -8.3250558792393844e-05 -9.13816853087558e-05 0.00044782940160091291 0.00047784637001265217 0.0015391950878230008 0.0022572545489917199 0.00015430775192223307 -0.0002238812255096898 -6.8099195522749548e-05
leaf_weight=9011 5444 305 576 2934 68 18311 21801 3846 6520 1565 53 94 7437 21042 1831
leaf_count=9011 5444 305 576 2934 68 18311 21801 3846 6520 1565 53 94 7437 21042 1831
internal_value=6.7728e-06 0.000145361 -0.000162222 0.000677556 0.000840855 0.000110806 1.02814e-06 -0.000230482 0.000230844 7.1522e-05 -0.000661074 8.03555e-05 0.000182476 -0.000285191 -0.000234893
internal_weight=100838 55436 45402 3360 3002 52076 27245 35464 24831 5411 358 9938 7531 30053 2407
internal_count=100838 55436 45402 3360 3002 52076 27245 35464 24831 5411 358 9938 7531 30053 2407
is_linear=0
shrinkage=0.02


Tree=103
num_leaves=16
num_cat=0
split_feature=26 26 23 10 34 6 7 11 30 37 37 7 15 30 26
split_gain=5.6705 2.4277 1.80886 1.77056 1.89584 1.74628 1.60985 1.41219 1.39723 0.894699 0.801898 0.767859 0.998205 0.710014 0.611779
threshold=0.29705882352941176 0.70294117647058829 1.0118347338935576 1.0000000180025095e-35 0.38675213675213677 1.0871212121212122 0.75162337662337675 0.16169043374925726 4.0645833333333341 139.50000000000003 91.500000000000014 1.1400934579439255 0.17787193973634649 2.5669642857142865 0.10263157894736842
decision_type=2 2 2 2 2 2 2 2 2 2 2 2 2 2 2
left_child=2 5 7 10 -5 8 -7 14 -2 -9 -3 13 -13 -4 -1
right_child=1 3 11 4 -6 6 -8 9 -10 -11 -12 12 -14 -15 -16
leaf_value=-0.00041862628200825796 -0.00014188971666653552 -0.0010619957371332746 -0.0012106348512307653 0.00090350603984227303 -0.0023934812290327891 0.0010005000469448801 0.00014772296666244937 1.7741964681722289e-05 0.0027710123179536879 0.0013834835588932037 0.0015095305984670466 0.0022130500028530757 0.00015122242401100999 -0.0001043594665374027 -0.00021940402671017815
leaf_weight=9011 10349 305 263 2934 68 908 40755 5213 64 198 53 94 7437 2144 21042
leaf_count=9011 10349 305 263 2934 68 908 40755 5213 64 198 53 94 7437 2144 21042
internal_value=6.63581e-06 0.000142457 -0.000158981 0.000663933 0.000823951 0.000108595 0.000166595 -0.000225878 -0.000122498 7.00575e-05 -0.000647246 7.87347e-05 0.000178866 -0.000230292 -0.000279495
internal_weight=100838 55436 45402 3360 3002 52076 41663 35464 10413 5411 358 9938 7531 2407 30053
internal_count=100838 55436 45402 3360 3002 52076 41663 35464 10413 5411 358 9938 7531 2407 30053
is_linear=0
shrinkage=0.02


Tree=104
num_leaves=16
num_cat=0
split_feature=25 23 12 12 3 28 37 23 30 35 31 14 13 16 3
split_gain=4.50999 2.33879 1.80731 1.55112 1.57464 1.46314 1.90013 1.46052 1.30722 1.27549 1.15521 0.994516 0.894886 0.80052 0.717225
threshold=0.5634920634920636 1.0912061794414736 0.36666666666666675 0.77500000000000013 0.79080338266384786 4.1000000000000005 12.500000000000002 0.56871739521496678 3.1464285714285718 0.18971809715580168 1.0000000180025095e-35 0.53137254901960795 0.95000000000000007 0.77500000000000013 0.59918032786885256
decision_type=2 2 2 2 2 2 2 2 2 2 2 2 2 2 2
left_child=1 2 11 5 12 10 -7 -6 13 -4 -2 -1 -5 -3 -10
right_child=3 8 9 4 7 6 -8 -9 14 -11 -12 -13 -14 -15 -16
leaf_value=-0.0002591397200170194 0.0025528385388580237 -0.00040064376082168122 2.7705314271649425e-05 1.8267090414084642e-05 -0.00029369441837799257 0.001883560163634164 -0.0010877086313207816 0.00095871177458076759 0.00075561343211269939 -0.00035199534952215652 0.00023847371776841196 7.9377142271010452e-05 -0.0021377617623029132 0.00099450633437796069 0.00020244235231023513
leaf_weight=26551 86 1983 35573 508 408 96 620 3159 1032 3926 10363 3943 87 174 12329
leaf_count=26551 86 1983 35573 508 408 96 620 3159 1032 3926 10363 3943 87 174 12329
internal_value=6.50688e-06 -5.00209e-05 -9.93616e-05 0.000322499 0.000653009 0.000198304 -0.000671262 0.000812573 0.000171867 -9.79776e-06 0.000258964 -0.000215038 -0.000286339 -0.000282652 0.000246024
internal_weight=100838 85511 69993 15327 4162 11165 716 3567 15518 39499 10449 30494 595 2157 13361
internal_count=100838 85511 69993 15327 4162 11165 716 3567 15518 39499 10449 30494 595 2157 13361
is_linear=0
shrinkage=0.02


Tree=105
num_leaves=16
num_cat=0
split_feature=26 21 23 24 31 35 29 4 18 26 4 6 35 35 4
split_gain=5.43097 1.95089 1.91356 1.84312 1.80598 1.84214 1.76193 1.29576 1.28841 1.15014 0.938574 0.677463 0.570681 0.56546 0.477196
threshold=0.48684210526315791 0.29285714285714287 0.65123929008567949 0.29166666666666669 3.5521610696517416 0.15579093038109434 1.3166666666666669 4.3000000000000016 0.69615384615384623 0.13809523809523808 0.36666666666666675 2.0954545454545461 0.13057686842853081 0.24149502429993058 0.63333333333333341
decision_type=2 2 2 2 2 2 2 2 2 2 2 2 2 2 2
left_child=2 12 3 6 5 -3 -1 -6 -5 11 -11 -4 14 -14 -2
right_child=1 4 9 8 7 -7 -8 -9 -10 10 -12 -13 13 -15 -16
leaf_value=0.0008769456810265217 0.00018275758127371471 0.00019315563108133127 -0.00030387900112335711 -7.3584010770172642e-05 0.00045273668454446102 -0.00076534661742156014 -0.00042582359180652835 0.002579388509867555 0.00083475012721251352 -0.00033809100342366993 2.5357474789263265e-05 0.00039042186467039503 0.0014557197128517042 -0.0012114594066352175 -0.0016392651405827752
leaf_weight=422 58 6540 7467 5820 11499 910 13286 116 697 3009 50442 594 67 55 317
leaf_count=422 58 6540 7467 5820 11499 910 13286 116 697 3009 50442 594 67 55 317
internal_value=-1.26447e-05 0.000286565 -8.43817e-05 -0.000253198 0.000319238 7.45609e-05 -0.000384866 0.000475277 2.22556e-05 -2.87063e-05 4.69834e-06 -0.000251393 -0.000943023 0.000172512 -0.00133146
internal_weight=101299 19562 81737 20225 19065 7450 13708 11615 6517 61512 53451 8061 497 122 375
internal_count=101299 19562 81737 20225 19065 7450 13708 11615 6517 61512 53451 8061 497 122 375
is_linear=0
shrinkage=0.02


Tree=106
num_leaves=16
num_cat=0
split_feature=27 37 27 11 14 30 27 23 37 30 4 33 11 27 24
split_gain=6.68034 2.01502 4.69832 1.59996 1.39926 1.37178 1.36967 1.29983 1.89985 1.29259 0.983549 0.98089 0.866881 0.502326 0.407474
threshold=0.42905081495685521 77.500000000000014 0.73097601323407779 0.20993827160493828 0.97500000000000009 3.4868421052631584 1.5357142857142858 0.65123929008567949 1.0000000180025095e-35 3.0250000000000004 0.29166666666666669 0.29285714285714287 0.12993506493506493 0.17890457851946936 1.1000000000000003
decision_type=2 2 2 2 2 2 2 2 2 2 2 2 2 2 2
left_child=3 6 12 7 11 -4 9 8 -1 -2 -9 -5 -3 -6 -8
right_child=1 2 5 4 13 -7 14 10 -10 -11 -12 -13 -14 -15 -16
leaf_value=0.000430838539166884 -0.00034829435190823272 0.00076786964933737577 0.0043046991559241316 0.00013976786797240091 0 0.0017165049159968341 0.0037554839826547184 -0.00041768949967519836 -0.00033945884806253204 0.00019690226043027418 -5.9776397233498894e-05 -0.0007947482342521349 0.00028388188102128451 0.0012399031396163553 0.00093294471502304078
leaf_weight=1373 1956 2105 137 6617 160 268 50 3299 16895 14900 46975 478 5424 605 57
leaf_count=1373 1956 2105 137 6617 160 268 50 3299 16895 14900 46975 478 5424 605 57
internal_value=-1.2385e-05 0.000272005 0.000535541 -0.000105194 0.00016447 0.00263344 0.000148105 -0.000136268 -0.000280976 0.00013301 -8.34774e-05 7.51929e-05 0.000420694 0.000977082 0.00238834
internal_weight=101299 24897 7934 76402 7860 405 16963 68542 18268 16856 50274 7095 7529 765 107
internal_count=101299 24897 7934 76402 7860 405 16963 68542 18268 16856 50274 7095 7529 765 107
is_linear=0
shrinkage=0.02


Tree=107
num_leaves=14
num_cat=0
split_feature=27 30 27 9 10 3 31 26 27 19 5 17 9
split_gain=6.41788 1.55675 1.42378 1.65801 1.40106 1.44588 1.28914 1.18813 1.0212 1.05239 0.912186 0.85625 0.732993
threshold=0.42905081495685521 3.0250000000000004 0.66770833333333346 0.18333333333333332 0.24264705882352941 2.1000000000000005 3.6655913978494628 0.13809523809523808 0.32701294033069733 0.74007874015748043 0.29285714285714287 0.68333333333333346 0.2678571428571429
decision_type=2 2 2 2 2 2 2 2 2 2 2 2 2
left_child=4 10 6 -4 5 7 -3 -1 12 -10 -2 -12 -6
right_child=1 2 3 -5 8 -7 -8 -9 9 -11 11 -13 -14
leaf_value=-0.00032316925865527617 -0.0016824401739221181 7.0664852630448056e-05 0.0002411793082453019 0.0011059156464400634 0.00024129736452920217 0.0030689938526068418 0.00040256857981696529 -9.9621075901171077e-05 0.00051366465397041997 -0.00043583284658885629 5.8817892438835569e-05 -0.0010200400142410082 -0.00021861966019803351
leaf_weight=11573 159 8920 1788 1834 2226 54 10051 55121 3258 532 1798 347 3638
leaf_count=11573 159 8920 1788 1834 2226 54 10051 55121 3258 532 1798 347 3638
internal_value=-1.21214e-05 0.000266624 0.000317312 0.000682167 -0.000103091 -0.000135734 0.000247061 -0.00013857 0.000121546 0.000377588 -0.00022593 -0.000111841 -4.23057e-05
internal_weight=101299 24897 22593 3622 76402 66748 18971 66694 9654 3790 2304 2145 5864
internal_count=101299 24897 22593 3622 76402 66748 18971 66694 9654 3790 2304 2145 5864
is_linear=0
shrinkage=0.02


Tree=108
num_leaves=14
num_cat=0
split_feature=27 23 30 25 29 30 21 25 4 5 25 17 2
split_gain=6.1642 1.50563 1.49579 1.55776 1.33847 1.26844 1.21164 1.10338 1.07717 0.876413 0.841093 0.822635 0.637934
threshold=0.42905081495685521 0.65123929008567949 3.0250000000000004 0.88194444444444453 1.3166666666666669 3.6583333333333337 0.31666666666666671 0.29285714285714287 0.29166666666666669 0.29285714285714287 0.78888888888888908 0.68333333333333346 1.0250000000000001
decision_type=2 2 2 2 2 2 2 2 2 2 2 2 2
left_child=1 4 9 7 -1 -5 -6 -4 12 -2 -10 -11 -3
right_child=2 8 3 5 6 -7 -8 -9 10 11 -12 -13 -14
leaf_value=0.00085002165541929356 -0.0016492093720051075 -0.00043214384562828957 -0.00017055608790600565 0.0011300009537756053 -0.00058070168073351988 0 -0.00019268108910274075 0.00030762170563506394 -1.8859853675987502e-05 5.7642843988206655e-05 -0.00080992424641461935 -0.00099975609420705326 0.0014679700263908932
leaf_weight=423 159 3398 2127 1528 4189 536 14616 18402 53166 1798 542 347 68
leaf_count=423 159 3398 2127 1528 4189 536 14616 18402 53166 1798 542 347 68
internal_value=-1.18723e-05 -0.000101028 0.000261306 0.000310996 -0.000254242 0.000836684 -0.000279701 0.000257579 -4.93191e-05 -0.000221457 -2.7059e-05 -0.000109529 -0.000391157
internal_weight=101299 76402 24897 22593 19228 2064 18805 20529 57174 2304 53708 2145 3466
internal_count=101299 76402 24897 22593 19228 2064 18805 20529 57174 2304 53708 2145 3466
is_linear=0
shrinkage=0.02


Tree=109
num_leaves=16
num_cat=0
split_feature=27 37 27 11 31 27 27 14 14 23 31 18 15 7 31
split_gain=5.91993 1.91461 4.43946 1.5045 1.4351 1.68574 1.37229 1.34314 1.22107 1.18812 1.79529 1.10501 0.989515 0.958337 0.568364
threshold=0.42905081495685521 77.500000000000014 0.73097601323407779 0.20993827160493828 4.0261153736857072 0.4494897433254304 1.5357142857142858 0.97500000000000009 0.94590643274853814 0.65123929008567949 1.0000000180025095e-35 0.89181286549707617 0.88255578093306297 2.4223180076628359 3.8184659090909094
decision_type=2 2 2 2 2 2 2 2 2 2 2 2 2 2 2
left_child=3 4 13 9 6 -6 -2 12 -4 10 -1 -11 -5 -3 -9
right_child=1 2 8 7 5 -7 -8 14 -10 11 -12 -13 -14 -15 -16
leaf_value=0.00042440676559101452 8.7834432724775987e-05 0.00035936117151837046 0.0030568017819452855 0.00015922607014963393 -0.0018784333689738128 0.001674240045160553 0.0023436391080191377 0.0015614918864924798 2.3066225933702024e-05 -6.7174637448984444e-05 -0.00032437102189111718 -0.00085994624433903728 -0.00059395413926865786 0.0016847020206244097 0.00042124049483443338
leaf_weight=1373 16382 7301 334 6316 57 417 107 350 71 49560 16895 714 779 228 415
leaf_count=1373 16382 7301 334 6316 57 417 107 350 71 49560 16895 714 779 228 415
internal_value=-1.16393e-05 0.00025607 0.000512937 -9.90125e-05 0.000135291 0.00121991 0.000103362 0.00016248 0.00255226 -0.000129149 -0.000267506 -7.86664e-05 7.49771e-05 0.000401261 0.000958673
internal_weight=101299 24897 7934 76402 16963 474 16489 7860 405 68542 18268 50274 7095 7529 765
internal_count=101299 24897 7934 76402 16963 474 16489 7860 405 68542 18268 50274 7095 7529 765
is_linear=0
shrinkage=0.02


Tree=110
num_leaves=16
num_cat=0
split_feature=26 10 22 35 26 31 12 28 0 25 20 18 32 22 37
split_gain=4.6727 2.24785 1.96214 1.43931 1.25612 1.19698 1.0839 0.963845 0.771372 0.932364 0.674585 0.654889 0.639531 0.414326 0.251845
threshold=0.48684210526315791 0.20526315789473684 0.31414473684210531 0.16720430107526876 0.13809523809523808 3.7192381639029084 0.77500000000000013 2.291666666666667 2.1000000000000005 0.29285714285714287 1.0000000180025095e-35 0.48684210526315791 0.22500000000000003 0.24264705882352941 51.500000000000007
decision_type=2 2 2 2 2 2 2 2 2 2 2 2 2 2 2
left_child=1 4 11 6 12 -5 -4 -6 10 -10 -3 13 -1 -2 -13
right_child=2 8 3 5 7 -7 -8 -9 9 -11 -12 14 -14 -15 -16
leaf_value=-0.00024361315065115746 -0.0011584101521199749 -0.001269186835308544 0.00029100915273959956 -0.00054065698976735123 -0.00041929354357154867 0.00033130419988814839 0.00065625542542375028 -3.4967362848940793e-05 0.0035445985294157464 0.0002172748193792675 0.00021580698231046469 -0.0010202226972993399 -0.00090407928457771568 0.0010156991519033908 -0.0024636305687583495
leaf_weight=11058 60 120 12141 1308 2743 1199 4550 56289 60 90 10502 171 632 78 105
leaf_count=11058 60 120 12141 1308 2743 1199 4550 56289 60 90 10502 171 632 78 105
internal_value=1.69606e-05 -4.96356e-05 0.000294176 0.000323991 -9.0731e-05 -0.000119715 0.000391242 -5.30086e-05 0.000219208 0.00164312 0.000197854 -0.00105931 -0.000280324 0 -0.00161909
internal_weight=101106 81494 19612 19198 70722 2507 16691 59032 10772 150 10622 414 11690 138 276
internal_count=101106 81494 19612 19198 70722 2507 16691 59032 10772 150 10622 414 11690 138 276
is_linear=0
shrinkage=0.02


Tree=111
num_leaves=16
num_cat=0
split_feature=27 27 12 29 29 12 30 19 16 1 15 19 30 30 3
split_gain=5.46254 1.82659 2.36558 1.47759 1.29841 1.13959 0.931239 0.739847 0.788149 0.67348 1.163 0.480911 0.420581 0.29917 0.226967
threshold=0.32534901510805131 0.57787971457696241 0.63333333333333341 2.0500000000000003 3.3875000000000006 1.3666666666666669 4.1519230769230786 0.8006849315068495 0.45000000000000007 0.38750000000000007 0.22271825396825398 0.83388520971302438 1.0833333333333337 3.7303030303030305 0.60889328063241122
decision_type=2 2 2 2 2 2 2 2 2 2 2 2 2 2 2
left_child=7 3 6 14 -4 -5 -3 9 13 12 -11 -10 -1 -9 -2
right_child=1 2 4 5 -6 -7 -8 8 11 10 -12 -13 -14 -15 -16
leaf_value=0.00017706638736890096 -0.0019675897767669277 0.00019377071248831125 8.4757126648636431e-05 0.00010091780683189183 0.0012164970385217515 0.00064766605297227086 0.0024500946362813313 -0.00013524302814760779 0.0018475835086885562 0.00013373385449051399 -0.00015323521461921958 0.00044252319769425827 -0.00049507138755631769 -0.0020341569291693821 -0.00035284045338630679
leaf_weight=402 150 5923 542 37817 1880 1596 73 115 119 6483 42209 757 2918 54 68
leaf_count=402 150 5923 542 37817 1880 1596 73 115 119 6483 42209 757 2918 54 68
internal_value=1.66148e-05 0.000171177 0.000439122 0.000113991 0.000967638 0.000123343 0.000223716 -0.000123171 0.000400856 -0.000133907 -0.000114818 0.000648557 -0.000410618 -0.000817171 -0.00151715
internal_weight=101106 48049 8418 39631 2422 39413 5996 53057 1045 52012 48692 876 3320 169 218
internal_count=101106 48049 8418 39631 2422 39413 5996 53057 1045 52012 48692 876 3320 169 218
is_linear=0
shrinkage=0.02


Tree=112
num_leaves=16
num_cat=0
split_feature=27 37 27 35 37 27 31 35 27 12 12 34 17 35 20
split_gain=5.24663 1.88957 2.62252 1.66526 1.45063 1.70944 1.67085 1.35931 1.49555 1.48296 1.32037 1.19827 0.76168 0.671213 0.495765
threshold=0.32534901510805131 86.500000000000014 0.73097601323407779 0.22053033811949976 56.500000000000007 0.15410428497676817 3.6546108567691307 0.093854865771812054 0.50775240384615394 1.3666666666666669 0.36666666666666675 0.10818713450292396 1.0500000000000003 0.046927432885906006 1.3666666666666669
decision_type=2 2 2 2 2 2 2 2 2 2 2 2 2 2 2
left_child=4 7 3 -3 6 14 12 8 -2 -9 -4 -8 -1 -7 -6
right_child=1 2 10 -5 5 13 11 9 -10 -11 -12 -13 -14 -15 -16
leaf_value=-0.00013423714735792824 6.2913350653901544e-05 0.00036951258778572082 -6.341812189887551e-05 -0.00059751909675610933 -0.00065822135773906359 -5.1982693450824965e-05 6.3047318908243422e-05 -0.00014789760784775604 0.00040959788552848018 0.0011176027462625627 0.0026900890016724284 0.00059844412037227688 0.00227911121570147 -0.00028838988645371301 -0.0016398451808426115
leaf_weight=21776 16008 13072 83 744 1943 8647 7023 10198 7282 381 281 2216 50 11152 250
leaf_count=21776 16008 13072 83 744 1943 8647 7023 10198 7282 381 281 2216 50 11152 250
internal_value=1.62893e-05 0.000167768 0.000361808 0.000316635 -0.000120704 -0.000245057 -3.23381e-05 8.62165e-05 0.000171765 -0.000101173 0.00203799 0.000192648 -0.000128042 -0.000185662 -0.000776074
internal_weight=101106 48049 14180 13816 53057 21992 31065 33869 23290 10579 364 9239 21826 19799 2193
internal_count=101106 48049 14180 13816 53057 21992 31065 33869 23290 10579 364 9239 21826 19799 2193
is_linear=0
shrinkage=0.02


Tree=113
num_leaves=16
num_cat=0
split_feature=25 10 11 16 21 31 7 11 24 31 21 37 10 6 7
split_gain=3.96972 1.97886 1.41972 1.3933 1.19949 1.11603 2.10916 1.42298 1.0518 0.996462 0.947678 0.850314 0.792507 0.7464 0.602579
threshold=0.31666666666666671 0.34166666666666673 0.10819418144258906 0.55000000000000016 0.68333333333333346 3.5521610696517416 1.8006622516556294 0.21631706333198866 1.1000000000000003 4.1606040564373901 1.4365079365079367 137.50000000000003 0.44722222222222224 3.1519230769230773 1.4232172936552501
decision_type=2 2 2 2 2 2 2 2 2 2 2 2 2 2 2
left_child=2 5 4 10 11 6 -2 -7 -5 -6 -3 -1 14 -14 -4
right_child=1 3 12 8 9 7 -8 -9 -10 -11 -12 -13 13 -15 -16
leaf_value=-0.00034445086234038351 7.1025587151152858e-05 -0.00056011736261397276 0.00018570718538395492 0.00078774465154245079 -0.00010212392673562235 0.00015405320803149594 -0.00083467171869494703 0.00059045933795301886 0.0023455400809203044 0.00073188561261916638 0.0017766711778110927 0.0010500759708470312 0.0014599420641149795 -0.00054770637263533884 -4.2451497090570987e-05
leaf_weight=12769 15754 451 5899 1826 19535 17276 1098 3648 200 586 79 172 278 91 21444
leaf_count=12769 15754 451 5899 1826 19535 17276 1098 3648 200 586 79 172 278 91 21444
internal_value=1.59631e-05 0.000169877 -8.60179e-05 0.000709137 -0.000174544 0.000133089 1.13291e-05 0.000230666 0.000948618 -7.72671e-05 -0.000187637 -0.000324984 1.92426e-05 0.000937593 6.41592e-06
internal_weight=101106 40332 60774 2556 33062 37776 16852 20924 2026 20121 530 12941 27712 369 27343
internal_count=101106 40332 60774 2556 33062 37776 16852 20924 2026 20121 530 12941 27712 369 27343
is_linear=0
shrinkage=0.02


Tree=114
num_leaves=16
num_cat=0
split_feature=27 35 12 23 21 5 31 3 23 1 3 31 14 29 34
split_gain=4.92787 1.81644 2.13493 1.7973 1.48688 1.44053 1.28828 1.06371 1.05615 1.04221 1.00757 0.920527 0.717969 0.710292 0.703908
threshold=0.32534901510805131 0.14551208285385497 0.90000000000000013 1.3024232948993555 0.43650793650793651 1.4142857142857144 4.1606040564373901 1.4291979949874689 0.91318840579710148 1.267857142857143 0.81851119894598168 4.1155435473617299 0.2124060150375939 3.7888888888888892 1.0000000180025095e-35
decision_type=2 2 2 2 2 2 2 2 2 2 2 2 2 2 2
left_child=4 2 5 -4 8 -2 10 11 12 -8 -6 -3 -1 -9 -10
right_child=1 7 3 -5 6 -7 9 13 14 -11 -12 -13 -14 -15 -16
leaf_value=-7.6665184044135291e-05 3.8499542440078496e-05 -8.3842914355428585e-05 0.00048067537223449433 0.0019741003720582218 6.3846548369031625e-06 0.0003036930110919782 0.00077210501701754062 0 0.0027691841826719401 -0.00020734584664706116 -0.00018598032493851002 -0.0011261555686425627 -0.00052837831987253333 0.0025897588312011406 0
leaf_weight=1966 18360 8263 5624 346 20338 14942 1255 65 66 642 23207 354 5497 95 86
leaf_count=1966 18360 8263 5624 346 20338 14942 1255 65 66 642 23207 354 5497 95 86
internal_value=1.56524e-05 0.00016246 0.00022067 0.000569536 -0.000117111 0.000157798 -7.34871e-05 -9.68475e-05 -0.000376031 0.000435495 -9.59091e-05 -0.000128074 -0.000410774 0.001504 0.00124808
internal_weight=101106 48049 39272 5970 53057 33302 45442 8777 7615 1897 43545 8617 7463 160 152
internal_count=101106 48049 39272 5970 53057 33302 45442 8777 7615 1897 43545 8617 7463 160 152
is_linear=0
shrinkage=0.02


Tree=115
num_leaves=16
num_cat=0
split_feature=25 31 25 35 35 31 2 22 22 22 29 14 4 35 2
split_gain=3.67392 2.1249 1.86384 1.99936 1.55551 1.54239 1.28094 1.37322 0.807534 0.801333 0.779822 1.02991 0.748259 0.598262 0.528122
threshold=0.5634920634920636 3.1088032716315115 0.11805555555555557 0.051376319758672656 0.21452540747842758 3.6925824175824187 1.4409722222222225 1.4472222222222224 0.31414473684210531 0.97500000000000009 3.5857142857142867 0.19375000000000003 0.36666666666666675 0.50200000000000011 1.0741758241758244
decision_type=2 2 2 2 2 2 2 2 2 2 2 2 2 2 2
left_child=1 10 8 -4 6 13 7 -2 -3 -8 12 -12 -1 -6 -7
right_child=4 2 3 -5 5 14 9 -9 -10 -11 11 -13 -14 -15 -16
leaf_value=-0.00058669177604944061 0.00026491308510930348 -0.00091840841426145306 0.00017475648655936472 -7.7653471369049123e-05 -0.0013016471767801328 -0.0002749164850011517 0.0010541726605526145 0.0013314561484128061 -0.00016432626730936853 0.0038028718808950004 0.002904068167720522 0.00010545813668577734 -0.00022602270125284679 0.00082575371242919055 0.00088091275248772054
leaf_weight=2787 13310 594 25717 24457 569 301 239 505 16240 57 54 1081 14757 51 310
leaf_count=2787 13310 594 25717 24457 569 301 239 505 16240 57 54 1081 14757 51 310
internal_value=-1.103e-05 -6.21601e-05 -9.41834e-06 5.15234e-05 0.000273857 -0.000403837 0.000333735 0.000304811 -0.000191635 0.00163901 -0.000250806 0.000252277 -0.000283948 -0.00110848 0.000296158
internal_weight=101029 85687 67008 50174 15342 1231 14111 13815 16834 296 18679 1135 17544 620 611
internal_count=101029 85687 67008 50174 15342 1231 14111 13815 16834 296 18679 1135 17544 620 611
is_linear=0
shrinkage=0.02


Tree=116
num_leaves=15
num_cat=0
split_feature=27 11 27 10 28 4 21 3 31 22 4 6 19 29
split_gain=4.33321 2.34739 1.6837 1.55671 1.37207 1.27343 1.26609 1.21634 1.10884 0.899281 0.864154 0.862497 0.705988 0.601776
threshold=0.3594260620915033 0.062718531468531472 0.66770833333333346 0.10263157894736842 2.4500000000000006 2.7750000000000004 0.43650793650793651 0.83103349828701945 3.9706955775010737 0.18465909090909091 0.90000000000000013 3.5250000000000004 0.32209077465589814 2.8944444444444448
decision_type=2 2 2 2 2 2 2 2 2 2 2 2 2 2
left_child=4 3 11 9 7 -4 12 10 -8 -2 -1 -3 -6 -5
right_child=1 2 5 13 6 -7 8 -9 -10 -11 -12 -13 -14 -15
leaf_value=-0.00045313152233449977 -0.0020087680882877774 0.00017409670701865987 0.00049165582960727168 0.002718612377842267 1.3589709453999923e-05 0.0016283397426001759 -8.705022851192721e-05 -0.0012338779453940235 0.00019005971897148087 -0.00022695052354044506 0.00012179142597949865 0.0027657361672474789 -0.00045687172814692234 0.00054624850053738654
leaf_weight=3977 115 29123 2548 58 1644 480 41994 637 6678 6628 1384 50 5126 587
leaf_count=3977 115 29123 2548 58 1644 480 41994 637 6678 6628 1384 50 5126 587
internal_value=-1.08004e-05 0.00015226 0.000226158 -0.000168451 -0.000116033 0.0006761 -8.47095e-05 -0.000403776 -4.88179e-05 -0.000259408 -0.000302854 0.000179071 -0.00034118 0.000764849
internal_weight=101029 39589 32201 7388 61440 3028 55442 5998 48672 6743 5361 29173 6770 645
internal_count=101029 39589 32201 7388 61440 3028 55442 5998 48672 6743 5361 29173 6770 645
is_linear=0
shrinkage=0.02


Tree=117
num_leaves=15
num_cat=0
split_feature=27 8 25 27 23 2 2 31 31 27 23 22 4 18
split_gain=4.16234 1.8548 1.80046 1.73853 1.42764 1.3829 1.33546 1.46355 1.06978 1.12989 0.899558 0.873807 0.806627 0.541768
threshold=0.3594260620915033 0.36666666666666675 0.5277777777777779 0.66770833333333346 0.60063291139240516 0.2817460317460318 0.55277777777777792 2.2578201368523954 3.9834022038567496 0.14093535572408813 0.528699026283037 0.29705882352941176 1.9000000000000001 0.34166666666666673
decision_type=2 2 2 2 2 2 2 2 2 2 2 2 2 2
left_child=2 5 8 4 -3 -2 13 -8 9 -1 -7 -10 -5 -4
right_child=1 3 6 12 -6 10 7 -9 11 -11 -12 -13 -14 -15
leaf_value=-0.00035376038322748236 -0.0014205667796965951 -0.00065321365843957926 0 -0.00082656858428832027 0.00042259307937327881 -0.00022390276250894219 0.002894658169963143 0.00048927073685871574 -0.0010317906097890774 -0.00011882526423694556 0.0001322064307681163 0.00014455470021370115 0.0014560406268814567 -0.0021033646613359451
leaf_weight=10251 239 534 105 60 5444 3120 108 1753 259 42206 29380 6660 812 98
leaf_count=10251 239 534 105 60 5444 3120 108 1753 259 42206 29380 6660 812 98
internal_value=-1.05748e-05 0.000149236 -0.000113713 0.000448816 0.000324635 8.62255e-05 0.000465623 0.000637189 -0.000134035 -0.000164938 9.77006e-05 9.87901e-05 0.00128601 -0.00104929
internal_weight=101029 39589 61440 6850 5978 32739 2064 1861 59376 52457 32500 6919 872 203
internal_count=101029 39589 61440 6850 5978 32739 2064 1861 59376 52457 32500 6919 872 203
is_linear=0
shrinkage=0.02


Tree=118
num_leaves=15
num_cat=0
split_feature=26 30 7 30 27 19 27 37 31 13 27 37 4 37
split_gain=4.11314 1.73756 1.52577 1.51885 1.99572 1.6094 1.44704 2.37767 1.18788 1.15123 0.852555 1.29223 1.1773 0.820696
threshold=0.324561403508772 4.2052631578947377 2.1348362039851403 3.9258241758241765 0.3531372549019608 0.53819628647214868 0.66770833333333346 15.500000000000002 4.2061462186196588 0.43650793650793651 0.14093535572408813 56.500000000000007 0.36666666666666675 29.500000000000004
decision_type=2 2 2 2 2 2 2 2 2 2 2 2 2 2
left_child=3 6 9 10 13 -6 8 -8 -2 -3 11 -1 -12 -5
right_child=1 2 -4 4 5 -7 7 -9 -10 -11 12 -13 -14 -15
leaf_value=-0.00024705487354524739 9.7885571975375052e-05 0.00083193591963022192 -0.0032558232458198772 0.00026433426916980539 -4.5009059730925266e-05 0.0010116553664044046 -2.8678463520679456e-05 0.00094470343717717247 0.0011811324751000046 -0.0014015217746297518 -0.00055705993095473837 -0.00091200592824304517 -9.8106516687029898e-05 -0.00017202566951096153
leaf_weight=8420 39869 154 100 2343 924 1457 1792 2225 409 214 2411 1377 32906 6428
leaf_count=8420 39869 154 100 2343 924 1457 1792 2225 409 214 2411 1377 32906 6428
internal_value=-1.03667e-05 0.000132595 -0.00107455 -0.00012428 8.41013e-05 0.000597703 0.000145623 0.000508187 0.000109192 -0.000440396 -0.000176014 -0.000341703 -0.000129751 -5.42872e-05
internal_weight=101029 44763 468 56266 11152 2381 44295 4017 40278 368 45114 9797 35317 8771
internal_count=101029 44763 468 56266 11152 2381 44295 4017 40278 368 45114 9797 35317 8771
is_linear=0
shrinkage=0.02


Tree=119
num_leaves=14
num_cat=0
split_feature=26 11 25 16 6 15 11 31 22 29 11 29 28
split_gain=3.95057 1.35339 1.40873 1.27197 1.23876 1.23717 2.65562 1.03727 0.902071 0.866682 0.756187 0.666999 0.20397
threshold=0.324561403508772 0.080145985401459854 0.47222222222222227 0.90000000000000013 0.30384615384615393 0.16601049868766402 0.063914893617021268 3.9245929180666845 0.54772727272727284 3.354166666666667 0.063914893617021268 1.267857142857143 2.9000000000000004
decision_type=2 2 2 2 2 2 2 2 2 2 2 2 2
left_child=1 9 7 -4 12 8 -7 -3 -6 11 -11 -1 -2
right_child=4 2 3 -5 5 6 -8 -9 -10 10 -12 -13 -14
leaf_value=0.00041548124342053025 -0.0021459430541310993 -0.00011342856365530578 0.00098676797966499121 -0.00091146540970890079 -0.00034824399498211778 -0.00026889350672848109 0.00017692129645847595 0.00019451567668637417 0.00071021331259137153 -2.9162136354966774e-06 -0.00039543258679230407 -0.00037364686215025103 -0.00048024534327643264
leaf_weight=430 103 26391 883 161 361 6268 35713 5224 2250 7952 2628 12597 68
leaf_count=430 103 26391 883 161 361 6268 35713 5224 2250 7952 2628 12597 68
internal_value=-1.01642e-05 -0.000121805 -3.80411e-05 0.000683289 0.000129941 0.000136695 0.000110111 -6.22191e-05 0.000559888 -0.000237252 -0.000101416 -0.000346772 -0.00155457
internal_weight=101029 56266 32659 1044 44763 44592 41981 31615 2611 23607 10580 13027 171
internal_count=101029 56266 32659 1044 44763 44592 41981 31615 2611 23607 10580 13027 171
is_linear=0
shrinkage=0.02


Tree=120
num_leaves=16
num_cat=0
split_feature=27 10 27 35 23 24 15 30 18 15 15 28 20 14 0
split_gain=4.82926 2.57269 1.87273 1.62218 1.39565 0.863628 1.63986 1.40187 0.839869 0.811629 1.28838 0.813572 0.684051 0.724603 0.595974
threshold=0.31835016835016838 1.0000000180025095e-35 0.66770833333333346 0.18971809715580168 0.528699026283037 0.55000000000000016 0.72509541984732839 3.897368421052632 0.23303167420814477 0.62867965367965384 0.59554692663582298 3.9000000000000004 0.55000000000000016 0.69615384615384623 0.29166666666666669
decision_type=2 2 2 2 2 2 2 2 2 2 2 2 2 2 2
left_child=5 9 4 -4 -3 12 8 -8 -7 10 -2 -11 13 -1 -14
right_child=1 2 3 -5 -6 6 7 -9 -10 11 -12 -13 14 -15 -16
leaf_value=-0.00022623879336276255 -0.00022339888728596703 -0.00025831676681290964 0.00078854435783260455 -0.00050258593702757798 0.00020031426588075591 0.0010043542810350831 0.00067498691043546121 0.0042470757356461364 -2.823449308723948e-05 -0.0019887220161035656 0.0022928966727198625 0.0006860780605563412 -0.00035532229270639318 -0.0007568732553239957 -7.5762928262717747e-05
leaf_weight=10530 5589 2839 3304 430 36994 340 153 66 3841 190 80 52 3400 1164 32186
leaf_count=10530 5589 2839 3304 430 36994 340 153 66 3841 190 80 52 3400 1164 32186
internal_value=1.33121e-05 0.000154627 0.000207872 0.000636994 0.000167364 -0.000121789 0.000145027 0.00182545 5.37853e-05 -0.000236055 -0.00018533 -0.00137208 -0.000146837 -0.000280033 -0.000102772
internal_weight=101158 49478 43567 3734 39833 51680 4400 219 4181 5911 5669 242 47280 11694 35586
internal_count=101158 49478 43567 3734 39833 51680 4400 219 4181 5911 5669 242 47280 11694 35586
is_linear=0
shrinkage=0.02


Tree=121
num_leaves=16
num_cat=0
split_feature=26 10 26 10 35 31 31 35 15 9 16 15 23 6 18
split_gain=3.82137 2.16469 1.60811 1.29723 1.22494 1.48243 1.26099 0.985871 0.78868 1.51714 0.93989 0.734367 0.644736 0.917708 0.602931
threshold=0.46410256410256417 0.34166666666666673 0.10818713450292396 1.0000000180025095e-35 0.16720430107526876 3.7192381639029084 3.9768336314847947 0.052015692640692605 0.96318879855465223 0.47222222222222227 0.45000000000000007 0.3663744237019122 0.88581016299137116 2.0513157894736849 0.97500000000000009
decision_type=2 2 2 2 2 2 2 2 2 2 2 2 2 2 2
left_child=2 4 12 11 6 -6 -2 -5 10 -10 -3 -4 14 -14 -1
right_child=1 8 3 7 5 -7 -8 -9 9 -11 -12 -13 13 -15 -16
leaf_value=-0.00037608141012187706 0.00021386792640367883 6.6915477168630569e-05 -0.00032074642302592598 0.00010356406866180161 -0.00068817918368192939 0.00029748223227012404 0.00097679700398649772 -6.1507365289411654e-05 0.0015120148658752442 -0.0022234679690816186 0.0012815273464474959 2.9249933407750642e-05 -0.00014634480428826857 0.00089272376289342183 0.0014231561879589133
leaf_weight=8211 14506 336 7498 31512 1286 1142 930 26691 82 86 1351 3451 3633 372 71
leaf_count=8211 14506 336 7498 31512 1286 1142 930 26691 82 86 1351 3451 3633 372 71
internal_value=1.30421e-05 0.000262917 -4.73428e-05 -9.72751e-06 0.000194622 -0.000220599 0.000260602 2.76935e-05 0.000914307 -0.000345035 0.0010459 -0.000209533 -0.000258194 -4.6939e-05 -0.00035911
internal_weight=101158 19719 81439 69152 17864 2428 15436 58203 1855 168 1687 10949 12287 4005 8282
internal_count=101158 19719 81439 69152 17864 2428 15436 58203 1855 168 1687 10949 12287 4005 8282
is_linear=0
shrinkage=0.02


Tree=122
num_leaves=16
num_cat=0
split_feature=27 37 27 4 12 37 30 30 26 27 27 34 23 15 30
split_gain=4.53169 3.09305 2.68439 2.03688 1.9729 1.86273 1.43689 1.39359 1.42832 1.35102 1.19342 1.17997 0.891031 0.54152 0.424531
threshold=0.31835016835016838 77.500000000000014 0.73097601323407779 1.0000000180025095e-35 0.36666666666666675 55.500000000000007 3.0954545454545461 3.4641025641025647 0.44722222222222224 0.20067114093959734 0.43403539564136323 0.34166666666666673 0.51503844414292188 0.40924344112263583 3.0954545454545461
decision_type=2 2 2 2 2 2 2 2 2 2 2 2 2 2 2
left_child=5 3 10 14 -4 7 -5 11 -9 13 -3 -1 -11 -7 -2
right_child=1 2 4 6 -6 9 -8 8 -10 12 -12 -13 -14 -15 -16
leaf_value=-0.00011237934186319907 -0.00058604160871575861 0.00018171325779763186 -0.00046767420172691345 -0.00026132998259436284 0.0026738080256294987 -0.00030935553724492962 0.00011147033021957059 0.00010179350855559934 0.0012671142353859121 -0.00067495142121787202 0.00052346047646674215 -0.0015401671271202926 -0.00011128281518622147 -0.00069067337339628052 -0.001806488900911063
leaf_weight=17379 270 10046 98 4886 329 3013 26543 12224 436 1230 7052 234 13920 3244 254
leaf_count=17379 270 10046 98 4886 329 3013 26543 12224 436 1230 7052 234 13920 3244 254
internal_value=1.27883e-05 0.000149684 0.000363246 3.22245e-05 0.00193068 -0.000118081 5.31831e-05 -1.67538e-05 0.00014291 -0.000260893 0.000323295 -0.000132089 -0.000157789 -0.000508809 -0.00120126
internal_weight=101158 49478 17525 31953 427 51680 31429 30273 12660 21407 17098 17613 15150 6257 524
internal_count=101158 49478 17525 31953 427 51680 31429 30273 12660 21407 17098 17613 15150 6257 524
is_linear=0
shrinkage=0.02


Tree=123
num_leaves=16
num_cat=0
split_feature=27 37 27 0 37 7 31 25 30 27 28 33 22 7 7
split_gain=4.35256 2.97115 2.57683 1.95802 1.78941 1.4648 1.4569 1.45609 1.38006 1.29744 1.21516 0.83387 0.818626 0.704537 0.53816
threshold=0.31835016835016838 77.500000000000014 0.73097601323407779 1.0000000180025095e-35 55.500000000000007 2.382847386393486 3.6061799093295162 0.13392857142857142 3.0954545454545461 0.20067114093959734 3.3666666666666667 0.38750000000000007 0.39444444444444454 1.1194841012329657 1.2085144927536233
decision_type=2 2 2 2 2 2 2 2 2 2 2 2 2 2 2
left_child=4 3 5 13 6 -3 11 -8 -5 14 -4 -1 -11 -2 -6
right_child=1 2 10 8 9 -7 7 -9 -10 12 -12 -13 -14 -15 -16
leaf_value=-9.2884893299129397e-05 -0.00063277217000722887 0.00029147715426314203 0 -0.00025610552518438005 -0.00020903972636032906 0.0017162720282069763 -0.00012105176265689824 0.00037865336678310005 0.00010924109159204824 -0.00083855995924960976 0.0025172948846622694 -0.00097020495098267977 -0.00012210256725714354 -0.0022721720575576737 -0.0006221459210670352
leaf_weight=20063 358 16803 110 4886 1896 295 3780 5986 26543 672 317 444 14478 166 4361
leaf_count=20063 358 16803 110 4886 1896 295 3780 5986 26543 672 317 444 14478 166 4361
internal_value=1.2522e-05 0.000146686 0.000355999 3.15581e-05 -0.000115733 0.000316842 -1.64125e-05 0.00018423 5.21129e-05 -0.000255706 0.00189181 -0.00011246 -0.000154649 -0.0011778 -0.000498671
internal_weight=101158 49478 17525 31953 51680 17098 30273 9766 31429 21407 427 20507 15150 524 6257
internal_count=101158 49478 17525 31953 51680 17098 30273 9766 31429 21407 427 20507 15150 524 6257
is_linear=0
shrinkage=0.02


Tree=124
num_leaves=16
num_cat=0
split_feature=27 10 27 4 35 4 24 18 26 34 23 23 30 2 29
split_gain=4.18105 2.36218 1.72465 1.53962 1.51627 0.8435 0.99279 1.99093 1.0167 0.742918 0.689983 0.729978 0.644337 0.629308 0.548875
threshold=0.31835016835016838 1.0000000180025095e-35 0.66770833333333346 0.36666666666666675 0.18971809715580168 0.90000000000000013 0.55000000000000016 0.2124060150375939 0.59411764705882364 0.20526315789473684 0.42907444668008049 0.29181873479318737 2.8208556149732629 1.0954545454545457 4.1833333333333345
decision_type=2 2 2 2 2 2 2 2 2 2 2 2 2 2 2
left_child=5 10 3 -3 -4 9 8 -8 -7 13 11 -2 -12 -1 -11
right_child=1 2 4 -5 -6 6 7 -9 -10 14 12 -13 -14 -15 -16
leaf_value=-0.00022288359126703677 -0.00044030708861800863 -0.00045114986537765932 0.00075318527560629274 0.00018147219928461454 -0.00049482567235827448 -9.667603310777876e-05 0.0025863349272145166 0.00016885630367561745 0.002027354551686181 -0.00089996615354851655 -0.00083657055161893371 0.00088213499344832514 -0.00021228771370061496 0.00040355189119738405 0.0010096949090560277
leaf_weight=15212 263 1593 3304 38240 430 31686 142 2933 88 904 798 421 4429 657 58
leaf_count=15212 263 1593 3304 38240 430 31686 142 2933 88 904 798 421 4429 657 58
internal_value=1.2261e-05 0.000143757 0.000194784 0.0001559 0.000606602 -0.00011344 -5.68989e-05 0.000285351 -9.03515e-05 -0.000229894 -0.000230584 0.000359274 -0.000309792 -0.000196271 -0.000772601
internal_weight=101158 49478 43567 39833 3734 51680 34849 3075 31774 16831 5911 684 5227 15869 962
internal_count=101158 49478 43567 39833 3734 51680 34849 3075 31774 16831 5911 684 5227 15869 962
is_linear=0
shrinkage=0.02


Tree=125
num_leaves=16
num_cat=0
split_feature=26 6 35 23 21 29 7 37 35 13 4 22 7 10 37
split_gain=3.464 1.79914 1.7385 1.44577 1.44874 1.24878 1.17672 0.973808 0.852081 1.89474 1.18737 0.755628 0.84307 0.702412 0.542769
threshold=0.48684210526315791 1.4868421052631582 0.24149502429993058 0.83388520971302438 0.95000000000000007 2.2111111111111117 1.1254921259842521 16.500000000000004 0.33449883449883455 0.23611111111111113 2.5500000000000003 1.341666666666667 1.8350015013512164 1.0000000180025095e-35 13.500000000000002
decision_type=2 2 2 2 2 2 2 2 2 2 2 2 2 2 2
left_child=1 3 5 7 -5 14 -7 -1 10 -10 -4 13 -13 -3 -2
right_child=2 11 8 4 -6 6 -8 -9 9 -11 -12 12 -14 -15 -16
leaf_value=-1.9368629561120912e-05 -0.0021257889418562583 -0.00051302381101267307 -0.0013055957523802986 0.00021341754831844277 -0.00013139187814460354 0.00073392438098365408 0.00025189267773413057 -0.00030125452525213333 0.0024656690574354594 -0.00059480691369775724 0.0011535800428226076 0.00074965058744644114 -3.8383284141387429e-05 5.4260669341526268e-05 0.00017687366558955268
leaf_weight=6729 119 893 576 7756 13106 2359 15776 18859 106 315 85 1293 895 32035 50
leaf_count=6729 119 893 576 7756 13106 2359 15776 18859 106 315 85 1293 895 32035 50
internal_value=1.19781e-05 -4.50344e-05 0.000252352 -0.000126774 -2.71239e-06 0.000298762 0.000315221 -0.000227524 -0.000522633 0.000160138 -0.000971754 6.28043e-05 0.000422999 3.85421e-05 -0.00139195
internal_weight=100952 81566 19386 46450 20862 18304 18135 25588 1082 421 661 35116 2188 32928 169
internal_count=100952 81566 19386 46450 20862 18304 18135 25588 1082 421 661 35116 2188 32928 169
is_linear=0
shrinkage=0.02


Tree=126
num_leaves=16
num_cat=0
split_feature=27 37 15 15 29 7 26 24 35 7 18 21 0 12 3
split_gain=4.75174 2.30049 2.18174 2.10708 1.83814 1.78077 1.55757 1.60495 1.30293 1.04522 0.808908 0.974966 0.717305 0.547522 0.318137
threshold=0.45483682983682988 77.500000000000014 0.3663744237019122 0.84641025641025658 3.4722222222222228 0.60172413793103463 0.97500000000000009 1.1000000000000003 0.052015692640692605 1.4107834994462904 0.14642857142857144 0.47222222222222227 1.1000000000000003 0.90000000000000013 1.0423132012413465
decision_type=2 2 2 2 2 2 2 2 2 2 2 2 2 2 2
left_child=4 6 9 -4 10 13 7 -2 -7 -3 12 -12 -1 -6 -8
right_child=1 2 3 -5 5 8 14 -9 -10 -11 11 -13 -14 -15 -16
leaf_value=0.00014362459458526396 0.00012861702575841372 0.0011274864796749847 0.00041320951427984727 0.0025164491161704062 0.0010163117091082994 0.0001177772459351754 -0.0014544483029342197 0.0011093833413576607 -9.9219646755533813e-05 0.0030934823793108746 -0.000449227557024097 -0.00014451833254834523 0.002327477496767801 -0.00067574094255249231 0
leaf_weight=1995 13598 332 5393 198 893 21755 284 704 22514 184 5001 27895 61 75 70
leaf_count=1995 13598 332 5393 198 893 21755 284 704 22514 184 5001 27895 61 75 70
internal_value=1.17369e-05 0.000281461 0.000608041 0.000490355 -5.79822e-05 2.59956e-05 0.000144631 0.000177742 7.1932e-06 0.00185708 -0.000166953 -0.00019117 0.000215476 0.00087378 -0.00115845
internal_weight=100952 20763 6107 5591 80189 45237 14656 14302 44269 516 34952 32896 2056 968 354
internal_count=100952 20763 6107 5591 80189 45237 14656 14302 44269 516 34952 32896 2056 968 354
is_linear=0
shrinkage=0.02


Tree=127
num_leaves=15
num_cat=0
split_feature=27 31 35 10 3 24 5 7 23 3 26 18 2 27
split_gain=4.565 1.85649 1.28549 1.27773 1.11005 1.07141 1.83988 1.01924 0.777539 0.76416 0.773444 0.563264 0.744635 0.320003
threshold=0.45483682983682988 3.862193903048476 0.24149502429993058 0.14642857142857144 0.88475373547316005 1.1000000000000003 1.2361111111111114 1.8417493853018854 0.65471908187735539 2.1000000000000005 0.14642857142857144 0.26969696969696971 0.78759398496240618 0.50775240384615394
decision_type=2 2 2 2 2 2 2 2 2 2 2 2 2 2
left_child=1 3 5 8 -5 7 -7 -2 -1 10 -3 13 -13 -4
right_child=2 9 11 4 -6 6 -8 -9 -10 -11 -12 12 -14 -15
leaf_value=-0.00030212629594534088 0.00036729868452497729 -0.00022739050068288792 -0.00044392759761502663 0.0001390166225058415 -0.00013587956026118905 0.0021385782218460393 0.00037705615436432554 1.7786252546278658e-05 -0.00011290179193291143 0.0023416504973456974 0.00017937915274518935 0.00061073507364343309 -0.00044945169709564192 -0.0028611718519375873
leaf_weight=12914 13627 2136 60 12665 10947 345 815 4501 27463 61 14003 351 1014 50
leaf_count=12914 13627 2136 60 12665 10947 345 815 4501 27463 61 14003 351 1014 50
internal_value=1.15144e-05 -5.68189e-05 0.000275887 -0.000105326 1.1145e-05 0.000319655 0.000912342 0.000281081 -0.000173682 0.000134154 0.000124902 -0.000289342 -0.000169022 -0.00166343
internal_weight=100952 80189 20763 63989 23612 19288 1160 18128 40377 16200 16139 1475 1365 110
internal_count=100952 80189 20763 63989 23612 19288 1160 18128 40377 16200 16139 1475 1365 110
is_linear=0
shrinkage=0.02


Tree=128
num_leaves=14
num_cat=0
split_feature=27 4 19 14 22 31 21 21 24 22 11 34 27
split_gain=4.38446 1.94564 1.65463 1.80025 1.48521 1.42179 1.31284 1.11612 0.964863 1.19278 0.913741 0.786439 0.40648
threshold=0.45483682983682988 1.1000000000000003 0.22276159654800434 0.46410256410256417 0.24264705882352941 3.9209579704657331 0.41428571428571431 0.81666666666666676 1.1000000000000003 1.3944444444444446 0.072882174392935969 0.24264705882352941 0.54358379062895745
decision_type=2 2 2 2 2 2 2 2 2 2 2 2 2
left_child=1 2 3 -1 12 6 -3 -7 11 -10 -4 -6 -2
right_child=4 5 10 -5 8 7 -8 -9 9 -11 -12 -13 -14
leaf_value=5.5632312556829897e-06 -2.0309807890552588e-05 -0.00033177368751850984 -0.00038844860707683694 0.0011495868411510943 0.00029057266521108891 0.00048036174211667215 1.692548124611242e-05 2.9091317819054575e-05 0.00067013446991849275 0.0034278970481692885 -0.00014654162385772316 -0.00015759214450086341 -0.0022818334202850815
leaf_weight=5116 57 4935 10497 617 17691 4387 34212 4481 1150 67 15944 1687 111
leaf_count=5116 57 4935 10497 617 17691 4387 34212 4481 1150 67 15944 1687 111
internal_value=1.12848e-05 -5.56816e-05 -0.000176063 0.000130788 0.000270378 2.47797e-05 -2.6792e-05 0.00025352 0.000286131 0.000835537 -0.000242978 0.000251028 -0.00158262
internal_weight=100952 80189 32174 5733 20763 48015 39147 8868 20595 1217 26441 19378 168
internal_count=100952 80189 32174 5733 20763 48015 39147 8868 20595 1217 26441 19378 168
is_linear=0
shrinkage=0.02


Tree=129
num_leaves=14
num_cat=0
split_feature=26 22 6 33 30 23 21 2 24 3 22 26 2
split_gain=3.03182 1.62528 1.61964 1.4296 2.18361 1.333 1.40057 1.19776 1.16839 1.13518 0.721449 0.621013 0.390064
threshold=0.48684210526315791 0.2817460317460318 1.4868421052631582 0.23611111111111113 3.6961538461538468 0.83388520971302438 0.95000000000000007 1.0690476190476195 1.1000000000000003 2.1000000000000005 1.341666666666667 0.55277777777777792 0.94868421052631591
decision_type=2 2 2 2 2 2 2 2 2 2 2 2 2
left_child=2 11 5 8 -5 7 -7 -1 -3 10 -4 -2 -13
right_child=1 3 9 4 -6 6 -8 -9 -10 -11 -12 12 -14
leaf_value=-0.00024204834041020003 -4.5789020328686154e-05 0.00026890851541491273 3.1389977015743225e-05 -0.00094381840490713356 0.00043315506718131933 0.00021181788117838264 -0.0001272229180944959 0.00052203543085547327 0.00091683314011556513 0.0028591576269988354 0.00040724752371203257 -0.00041812844574451447 -0.0027623213653091912
leaf_weight=24749 114 16068 32875 941 888 7756 13106 839 1212 56 2185 54 109
leaf_count=24749 114 16068 32875 941 888 7756 13106 839 1212 56 2185 54 109
internal_value=1.10621e-05 0.000235947 -4.22687e-05 0.000258484 -0.000270078 -0.000119828 -6.88022e-07 -0.000216565 0.000315033 6.00401e-05 5.51212e-05 -0.00127364 -0.00206081
internal_weight=100952 19386 81566 19109 1829 46450 20862 25588 17280 35116 35060 277 163
internal_count=100952 19386 81566 19109 1829 46450 20862 25588 17280 35116 35060 277 163
is_linear=0
shrinkage=0.02


Tree=130
num_leaves=15
num_cat=0
split_feature=27 37 27 6 26 21 6 37 35 0 24 29 28 26
split_gain=3.94188 2.07128 2.81132 2.04473 1.78544 1.37243 1.25456 1.40953 1.0996 1.04879 0.731801 0.681444 0.937704 0.612473
threshold=0.52649122807017557 20.500000000000004 0.73097601323407779 2.5147058823529416 0.13809523809523808 0.29285714285714287 0.56696428571428581 15.500000000000002 0.19453765846383292 1.3666666666666669 0.45000000000000007 1.267857142857143 2.7750000000000004 0.39444444444444454
decision_type=2 2 2 2 2 2 2 2 2 2 2 2 2 2
left_child=4 3 5 13 11 -3 10 -8 -4 -5 -6 -1 -13 -2
right_child=1 2 8 9 6 -7 7 -9 -10 -11 -12 12 -14 -15
leaf_value=0.00050088551885941448 -0.00068920564935787728 -0.0015862942670566448 0.001640547654727702 0.00044284027152591282 -0.00034424967679780782 0.00041667275051625449 0.000196295454203927 -4.4541337788223702e-05 -0.0011309596530178138 0.0037205563678460963 -0.001431275036841928 -0.00065561741638743218 -0.00021566373533988775 -3.767829781273727e-07
leaf_weight=423 606 136 1010 88 1744 6307 11496 62773 55 83 299 2469 9722 3620
leaf_count=423 606 136 1010 88 1744 6307 11496 62773 55 83 299 2469 9722 3620
internal_value=-1.14434e-05 0.000330171 0.000532044 -1.23434e-05 -5.7296e-05 0.000372363 -2.07164e-05 -7.12361e-06 0.00148619 0.0021162 -0.000509474 -0.000277764 -0.000305679 -0.000101798
internal_weight=100831 11905 7508 4397 88926 6443 76312 74269 1065 171 2043 12614 12191 4226
internal_count=100831 11905 7508 4397 88926 6443 76312 74269 1065 171 2043 12614 12191 4226
is_linear=0
shrinkage=0.02


Tree=131
num_leaves=16
num_cat=0
split_feature=4 8 19 37 29 10 36 31 28 37 2 18 19 1 22
split_gain=2.52838 1.51978 1.37495 1.29076 1.26389 1.12343 1.10781 1.4605 1.42987 1.03116 1.92553 0.824303 0.797194 0.701935 0.695151
threshold=1.1000000000000003 0.55000000000000016 0.54772256728778479 8.5000000000000018 3.4722222222222228 0.29705882352941176 1.0000000180025095e-35 3.36014705882353 3.9000000000000004 14.500000000000002 0.74342105263157909 0.12916666666666668 0.46180371352785149 0.78888888888888908 1.1081871345029242
decision_type=2 2 2 2 2 2 2 2 2 2 2 2 2 2 2
left_child=2 6 9 13 5 -3 8 -8 -2 10 -1 -11 -6 -4 -5
right_child=1 4 3 14 12 -7 7 -9 -10 11 -12 -13 -14 -15 -16
leaf_value=-0.00020191098856152105 5.9245528216042703e-05 -0.00093451084613235076 -0.0011332446247784061 9.1983018266386982e-05 -7.0840907521662046e-05 0.0005742723249144607 -0.00010726369641518808 0.00021618267059470884 -0.00023449250462607212 0.00038110339062401072 0.00046951558130107449 -0.00027585910542675786 0.00083331221363204468 0.00013919814373366534 0.00059056192910264484
leaf_weight=5482 19024 420 467 4470 447 362 7506 21416 10148 775 2479 23803 2256 254 1522
leaf_count=5482 19024 420 467 4470 447 362 7506 21416 10148 775 2479 23803 2256 254 1522
internal_value=-1.12181e-05 6.86324e-05 -0.000136741 0.000122935 0.000474472 -0.000223633 4.40989e-05 0.000131893 -4.26028e-05 -0.000190625 5.97618e-06 -0.000254707 0.000680152 -0.000672001 0.000220448
internal_weight=100831 61579 39252 6713 3485 782 58094 28922 29172 32539 7961 24578 2703 721 5992
internal_count=100831 61579 39252 6713 3485 782 58094 28922 29172 32539 7961 24578 2703 721 5992
is_linear=0
shrinkage=0.02


Tree=132
num_leaves=16
num_cat=0
split_feature=27 4 37 27 31 13 27 36 37 35 30 18 35 31 35
split_gain=3.74592 2.22942 1.97613 2.69346 1.62792 1.3186 1.15058 1.50263 1.39994 1.05693 0.895391 0.842968 1.48218 0.90931 0.581889
threshold=0.52649122807017557 1.1000000000000003 20.500000000000004 0.73097601323407779 4.0520156926406932 1.3875000000000002 0.30992957746478872 1.0000000180025095e-35 7.5000000000000009 0.19453765846383292 3.861904761904762 0.78174603174603186 0.1155154369440083 4.0702439692982466 0.054869787746500059
decision_type=2 2 2 2 2 2 2 2 2 2 2 2 2 2 2
left_child=1 11 4 5 10 -4 8 -8 -3 -5 -2 13 -13 -1 -6
right_child=2 6 3 9 14 -7 7 -9 -10 -11 -12 12 -14 -15 -16
leaf_value=-0.00020920904751035413 7.0362722209324718e-06 0.00034392183977792224 0.00032221423244611891 0.0016046206697291538 0.00056102083623409279 0.0024892604351043702 -2.859720469857482e-05 0.00027990063931651333 -0.00011039307526339717 -0.0011108125197260004 -0.00094354447857900113 -0.00042269714969269778 0.0015997094964731863 0.00040015138581186115 0.0031927277865233246
leaf_weight=33849 3802 3029 6329 1010 78 114 12665 12491 25331 55 438 280 285 996 79
leaf_count=33849 3802 3029 6329 1010 78 114 12665 12491 25331 55 438 280 285 996 79
internal_value=-1.09877e-05 -5.56885e-05 0.000322025 0.000519208 -1.24803e-05 0.000362869 2.56063e-05 0.000124197 -6.14964e-05 0.0014532 -8.92017e-05 -0.000178828 0.000581862 -0.000191482 0.00197165
internal_weight=100831 88926 11905 7508 4397 6443 53516 25156 28360 1065 4240 35410 565 34845 157
internal_count=100831 88926 11905 7508 4397 6443 53516 25156 28360 1065 4240 35410 565 34845 157
is_linear=0
shrinkage=0.02


Tree=133
num_leaves=16
num_cat=0
split_feature=27 4 31 35 4 9 27 23 13 31 16 0 35 4 36
split_gain=3.59891 2.14096 1.44646 1.59223 1.50549 1.12918 1.05965 0.831353 1.1422 1.00798 0.683458 0.616732 0.991075 0.422288 0.399688
threshold=0.52649122807017557 1.1000000000000003 4.0346024904214568 0.15579093038109434 2.7750000000000004 0.68333333333333346 0.30992957746478872 1.0456030897207371 0.89444444444444449 4.0702439692982466 1.2250000000000003 1.1000000000000003 0.062305900621118009 2.3666666666666667 1.0000000180025095e-35
decision_type=2 2 2 2 2 2 2 2 2 2 2 2 2 2 2
left_child=1 7 3 4 -2 6 -3 9 -9 -1 -5 12 -4 -13 -7
right_child=2 5 11 10 -6 14 -8 8 -10 -11 -12 13 -14 -15 -16
leaf_value=-0.0002461205398649184 0.00028802464261573835 -6.3156608382344072e-05 0.001172016954716341 -0.00017665620932730684 0.0010465153595370961 0.00068148810197325314 0.00011525945321917985 -3.1003060693036535e-05 0.0015076503187719018 0.00051518618089619174 -0.0021343346371462471 -0.00038899915833627021 0.0049867277662709077 0.0018945572602337805 0.0032784571864388208
leaf_weight=26997 8683 28296 79 1696 1206 66 25101 7513 196 704 74 60 51 56 53
leaf_count=26997 8683 28296 79 1696 1206 66 25101 7513 196 704 74 60 51 56 53
internal_value=-1.07548e-05 -5.45717e-05 0.000315655 0.000282438 0.000381729 2.50908e-05 2.05276e-05 -0.000175245 7.20098e-06 -0.000226376 -0.000266463 0.00183466 0.0027972 0.000642088 0.00195584
internal_weight=100831 88926 11905 11659 9889 53516 53397 35410 7709 27701 1770 246 130 116 119
internal_count=100831 88926 11905 11659 9889 53516 53397 35410 7709 27701 1770 246 130 116 119
is_linear=0
shrinkage=0.02


Tree=134
num_leaves=16
num_cat=0
split_feature=27 4 8 19 27 21 36 21 30 7 30 15 3 27 35
split_gain=3.45697 2.05621 1.32777 2.04092 1.06226 1.68367 1.44242 1.02161 0.930368 1.41996 0.824509 1.08402 0.715547 0.648152 0.541493
threshold=0.52649122807017557 1.1000000000000003 0.36666666666666675 0.50161290322580654 0.30992957746478872 0.5277777777777779 1.0000000180025095e-35 0.29285714285714287 3.0513157894736849 1.7201398601398603 3.0954545454545461 0.16733333333333333 0.87812695434646659 0.54358379062895745 0.024490203918432606
decision_type=2 2 2 2 2 2 2 2 2 2 2 2 2 2 2
left_child=1 10 8 14 5 -3 -6 -5 13 -10 12 -12 -1 -2 -4
right_child=2 4 3 7 6 -7 -8 -9 9 -11 11 -13 -14 -15 -16
leaf_value=-0.00027283518801962187 0.0013536528225352124 -0.00034649756377224224 -0.0016869709908572679 -0.0016878705295649441 -3.0360572822959589e-05 2.3131816233104949e-05 0.00027189235748134371 0.0010156177104154761 0.00045526711735629117 -9.881750642591543e-05 0.0003260580221587431 -0.00014625296522985384 -0.00099742859018112973 -0.00046884451469160476 7.9503135247664008e-05
leaf_weight=11018 80 6334 151 53 12665 22026 12491 2062 5693 2700 2122 21685 585 1058 108
leaf_count=11018 80 6334 151 53 12665 22026 12491 2062 5693 2700 2122 21685 585 1058 108
internal_value=-1.05249e-05 -5.34709e-05 0.000309382 0.000734024 2.45957e-05 -5.90882e-05 0.000119333 0.000941616 0.00020243 0.000275848 -0.000171732 -0.00010371 -0.000310395 -0.000329803 -0.000917093
internal_weight=100831 88926 11905 2374 53516 28360 25156 2115 9531 8393 35410 23807 11603 1138 259
internal_count=100831 88926 11905 2374 53516 28360 25156 2115 9531 8393 35410 23807 11603 1138 259
is_linear=0
shrinkage=0.02


Tree=135
num_leaves=16
num_cat=0
split_feature=27 37 24 37 26 26 23 7 22 31 15 22 23 6 3
split_gain=2.44495 2.39723 1.77376 1.67543 2.21341 1.60905 1.4752 1.64531 1.42437 1.41593 1.41584 1.26557 0.966717 0.878059 0.813458
threshold=0.48161665314949986 92.500000000000014 0.70833333333333337 16.500000000000004 0.46410256410256417 0.97500000000000009 0.68871048356866182 1.8662196106575761 0.71825396825396837 4.2896643783371493 0.83386411889596623 0.97500000000000009 1.9722222222222225 2.7638888888888893 2.1000000000000005
decision_type=2 2 2 2 2 2 2 2 2 2 2 2 2 2 2
left_child=3 2 9 4 14 -4 7 -5 -8 -2 13 -12 -6 -3 -1
right_child=1 10 5 6 12 -7 8 -9 -10 -11 11 -13 -14 -15 -16
leaf_value=6.3310144122015444e-05 -9.3325006213575897e-05 0.00051278540979594206 0.00052166197745298799 -0.00030924670634165091 0.0012741612033735361 -0.00088446272258785948 0.00019063481927256693 0.00038912211487322681 -8.9451461792674326e-05 0.0025594492826932743 0.00017696999204464448 0.0036225795573439478 -0.0014639103412628174 0.0024039770080929715 0.002310584829403804
leaf_weight=15103 9111 3140 4222 16451 832 346 8798 1456 41241 79 76 119 50 103 63
leaf_count=15103 9111 3140 4222 16451 832 346 8798 1456 41241 79 76 119 50 103 63
internal_value=-7.91628e-06 0.000209226 9.03017e-05 -5.24947e-05 0.000131029 0.000412627 -9.59904e-05 -0.000251868 -4.00004e-05 -6.88811e-05 0.000681897 0.00234587 0.00110467 0.000577377 7.36081e-05
internal_weight=101190 17196 13758 83994 16048 4568 67946 17907 50039 9190 3438 195 882 3243 15166
internal_count=101190 17196 13758 83994 16048 4568 67946 17907 50039 9190 3438 195 882 3243 15166
is_linear=0
shrinkage=0.02


Tree=136
num_leaves=14
num_cat=0
split_feature=25 35 31 29 20 8 29 26 15 16 23 23 1
split_gain=2.07544 2.21827 1.40142 1.36662 1.58137 1.45911 1.02091 1.14486 0.617961 1.12645 0.616185 1.13459 0.499905
threshold=0.5634920634920636 0.24149502429993058 4.2896643783371493 3.4142857142857146 1.5500000000000003 0.55000000000000016 1.267857142857143 0.13809523809523808 0.097167584579071611 0.22500000000000003 1.3849306431273647 0.85339080459770134 0.95000000000000007
decision_type=2 2 2 2 2 2 2 2 2 2 2 2 2
left_child=2 3 6 4 -2 -5 -1 -8 12 -10 11 -3 -4
right_child=1 10 8 5 -6 -7 7 -9 9 -11 -12 -13 -14
leaf_value=0.00087430650745627724 0.00013484137587448479 -0.0012526473662954696 0.00060769457642625014 0.0003693838907201704 -0.0011622233640281182 0.0014367864152114447 -0.00024048995790611029 -2.9879357159914294e-05 -0.0010075962243589966 0.00085422755777835838 -0.0027170991176559077 0.00018551784162302966 0.0030934667430425945
leaf_weight=467 6319 468 80 7201 397 559 12079 72300 157 638 60 391 74
leaf_count=467 6319 468 80 7201 397 559 12079 72300 157 638 60 391 74
internal_value=-7.7397e-06 0.00020595 -4.62046e-05 0.000266978 5.63568e-05 0.000447914 -5.48704e-05 -6.01521e-05 0.000716543 0.000472394 -0.000742992 -0.000587498 0.00189061
internal_weight=101190 15395 85795 14476 6716 7760 84846 84379 949 795 919 859 154
internal_count=101190 15395 85795 14476 6716 7760 84846 84379 949 795 919 859 154
is_linear=0
shrinkage=0.02


Tree=137
num_leaves=16
num_cat=0
split_feature=27 37 24 37 11 30 24 15 30 29 22 30 10 25 24
split_gain=2.30438 2.29323 1.69137 1.60458 1.94017 1.47724 1.37674 1.35428 1.24715 1.38036 1.22156 1.14246 1.12301 0.979284 0.737657
threshold=0.48161665314949986 92.500000000000014 0.70833333333333337 16.500000000000004 0.061313999283924052 3.5477272727272733 1.0000000180025095e-35 0.83386411889596623 3.0250000000000004 1.267857142857143 1.0250000000000001 4.0741758241758248 0.39444444444444454 1.0000000180025095e-35 0.55000000000000016
decision_type=2 2 2 2 2 2 2 2 2 2 2 2 2 2 2
left_child=3 2 5 8 14 -2 -6 12 9 -1 -9 -4 -3 -10 -5
right_child=1 7 11 4 6 -7 -8 10 13 -11 -12 -13 -14 -15 -16
leaf_value=0.00093593985365148186 -0.00037367329068709493 0.00066978325013667198 0.00034851036382699979 -0.00024727113950608596 -0.0002165787516349521 0.00014127064539508325 1.8486577175618296e-05 0.0005914053881522453 -0.00021850139997443377 -0.00021065749049587766 0.0038983483673358452 0.0024033021399405149 -0.00073489674925804132 0.00033437291227327883 -0.00069233557046283775
leaf_weight=454 3763 3005 4457 12285 13165 5427 40762 99 1468 5051 96 111 238 9075 1734
leaf_count=454 3763 3005 4457 12285 13165 5427 40762 99 1468 5051 96 111 238 9075 1734
internal_value=-7.57853e-06 0.000203227 8.68938e-05 -5.08593e-05 -9.34276e-05 -6.85293e-05 -3.87195e-05 0.000665533 0.000128738 -0.000113976 0.00229325 0.000401659 0.000563224 0.000256416 -0.000303125
internal_weight=101190 17196 13758 83994 67946 9190 53927 3438 16048 5505 195 4568 3243 10543 14019
internal_count=101190 17196 13758 83994 67946 9190 53927 3438 16048 5505 195 4568 3243 10543 14019
is_linear=0
shrinkage=0.02


Tree=138
num_leaves=13
num_cat=0
split_feature=27 8 19 6 19 19 3 19 11 26 19 19
split_gain=2.21409 1.46304 1.82996 1.08547 1.3255 1.12779 1.07008 1.06396 1.28929 1.16254 1.06002 1.04535
threshold=0.48161665314949986 0.36666666666666675 0.5052088985349974 2.5147058823529416 0.60617990932951582 1.0061728395061731 2.1000000000000005 0.21076774505070012 0.062718531468531472 0.46410256410256417 0.55590277777777797 0.40637703252032525
decision_type=2 2 2 2 2 2 2 2 2 2 2 2
left_child=6 3 11 5 -5 -2 7 9 -9 -1 -4 -3
right_child=1 2 10 4 -6 -7 -8 8 -10 -11 -12 -13
leaf_value=0.00011647863373900593 0.00010206853462434248 0.00087364775455550648 0.00208737616821871 -0.001650124546491875 0.0017034338241623296 -0.0013937050206404107 0.0022887880985553448 -0.00022635983418513333 -2.9768843728681468e-05 0.0012457482501403573 0.00065857515834796354 -0.0010759258893475777
leaf_weight=6943 13340 149 234 51 308 202 76 17280 59309 386 2541 371
leaf_count=6943 13340 149 234 51 308 202 76 17280 59309 386 2541 371
internal_value=-7.4184e-06 0.000199213 0.000578701 0.000108472 0.00119282 7.88159e-05 -4.98446e-05 -5.21363e-05 -7.4259e-05 0.000177642 0.000784075 -0.000496934
internal_weight=101190 17196 3295 13901 359 13542 83994 83918 76589 7329 2775 520
internal_count=101190 17196 3295 13901 359 13542 83994 83918 76589 7329 2775 520
is_linear=0
shrinkage=0.02


Tree=139
num_leaves=15
num_cat=0
split_feature=25 35 2 31 31 18 23 28 12 23 23 1 37 0
split_gain=1.88484 2.12689 1.34908 1.51655 1.3325 1.18459 0.958778 0.80227 0.728512 0.59217 1.09309 0.588596 1.29313 0.751841
threshold=0.5634920634920636 0.24149502429993058 0.64495798319327746 1.0000000180025095e-35 4.2896643783371493 0.34166666666666673 1.0626965408805036 1.0000000180025095e-35 1.5500000000000003 1.3849306431273647 0.85339080459770134 0.95000000000000007 2.5000000000000004 1.7083333333333337
decision_type=2 2 2 2 2 2 2 2 2 2 2 2 2 2
left_child=4 2 5 -4 6 -2 7 -1 -8 10 -3 12 -6 -13
right_child=1 9 3 -5 11 -7 8 -9 -10 -11 -12 13 -14 -15
leaf_value=0.00081057430448265859 0.00038614834363786329 -0.0012329141351770847 0.00284340259929498 0.00030623063504831775 0.0015950918591712132 -0.00070252925332340676 6.0249175980631541e-05 -9.2136542737022005e-05 0.00098839317944963653 -0.0026693231348068488 0.00017824326004387464 0.0013500701501993168 -0.0010497871119725078 -0.00042704002043911227
leaf_weight=392 642 468 94 12719 119 1021 17150 66959 345 60 391 537 188 105
leaf_count=392 642 468 94 12719 119 1021 17150 66959 345 60 391 537 188 105
internal_value=-7.26027e-06 0.000196376 0.000256149 0.000326065 -4.39209e-05 -0.000276281 -5.23739e-05 -8.67102e-05 7.92345e-05 -0.00073281 -0.000580047 0.000699833 0 0.00104347
internal_weight=101190 15395 14476 12813 85795 1663 84846 67351 17495 919 859 949 307 642
internal_count=101190 15395 14476 12813 85795 1663 84846 67351 17495 919 859 949 307 642
is_linear=0
shrinkage=0.02


Tree=140
num_leaves=13
num_cat=0
split_feature=27 21 12 27 6 27 35 28 26 23 27 28
split_gain=2.27524 1.56105 1.57321 1.40295 1.31556 1.13409 1.2095 0.727845 0.691034 1.55876 0.864289 0.200537
threshold=0.66770833333333346 0.47222222222222227 0.36666666666666675 0.30674242424242426 0.67543859649122817 1.5357142857142858 0.017316341829085403 2.4500000000000006 0.59411764705882364 0.80969148222669363 0.37459677419354848 2.7083333333333335
decision_type=2 2 2 2 2 2 2 2 2 2 2 2
left_child=1 8 7 -4 11 6 -6 -3 10 -10 -1 -2
right_child=4 2 3 -5 5 -7 -8 -9 9 -11 -12 -13
leaf_value=-0.00029590080044367394 -0.0018965776827600267 -0.00035662285935494204 -3.6083534727654774e-05 0.00017739184866207215 6.9118782210447129e-05 0.0026773088683887405 0.00078630805742449874 -6.526095152638871e-05 -0.0012395944107662547 0.0017152404936054085 0.00012684670586365801 -0.00039098589997930625
leaf_weight=8747 88 3873 23096 26220 1717 96 2171 31674 581 77 2445 95
leaf_count=8747 88 3873 23096 26220 1717 96 2171 31674 581 77 2445 95
internal_value=-6.10028e-06 -2.59177e-05 3.99449e-06 7.72155e-05 0.00045124 0.000529312 0.000472355 -9.73057e-05 -0.00024094 -0.000874514 -0.000202648 -0.00118172
internal_weight=100880 96713 84863 49316 4167 3984 3888 35547 11850 658 11192 183
internal_count=100880 96713 84863 49316 4167 3984 3888 35547 11850 658 11192 183
is_linear=0
shrinkage=0.02


Tree=141
num_leaves=16
num_cat=0
split_feature=24 28 31 37 30 20 22 25 7 20 33 21 20 7 15
split_gain=1.71369 1.71152 1.46609 1.31033 1.16522 1.03408 0.96666 0.956724 0.593373 0.591006 0.590903 0.544634 0.662825 0.530359 0.474666
threshold=0.29166666666666669 2.7750000000000004 4.2896643783371493 154.50000000000003 4.1937500000000005 0.77500000000000013 0.39444444444444454 0.68333333333333346 2.6848018923713783 0.77500000000000013 0.18333333333333332 1.3541666666666667 1.3666666666666669 1.8542356512141283 0.54295175023651854
decision_type=2 2 2 2 2 2 2 2 2 2 2 2 2 2 2
left_child=1 11 3 7 9 -5 10 -2 -8 -4 -3 14 -13 -6 -1
right_child=2 6 4 5 13 -7 8 -9 -10 -11 -12 12 -14 -15 -16
leaf_value=-0.00044460114810368116 3.6599893949652299e-05 -0.00030021835857979264 0.0041932508760485158 0.00041976887928812131 0.0011679288893938064 -0.0027562929664192528 -1.0770683723189195e-05 0.00027246175559205907 -0.00070969630608229146 0.0015303039221928039 -0.0012224523788481429 0.0024110311758322794 -0.00014743559279488128 -0.0014771600912014643 0.00022758451935856843
leaf_weight=6451 37578 1857 56 55 58 114 44630 8462 490 143 340 59 101 58 428
leaf_count=6451 37578 1857 56 55 58 114 44630 8462 490 143 340 59 101 58 428
internal_value=-5.97777e-06 -8.23308e-05 8.30135e-05 7.34833e-05 0.00144022 -0.00167136 -3.8802e-05 8.01777e-05 -1.86137e-05 0.00236369 -0.00044847 -0.000373422 0.000752389 -7.24904e-05 -0.000401272
internal_weight=100880 54356 46524 46209 315 169 47317 46040 45120 199 2197 7039 160 116 6879
internal_count=100880 54356 46524 46209 315 169 47317 46040 45120 199 2197 7039 160 116 6879
is_linear=0
shrinkage=0.02


Tree=142
num_leaves=16
num_cat=0
split_feature=30 26 31 7 26 37 10 21 37 28 31 30 15 20 15
split_gain=1.67282 1.51469 1.26717 1.30737 0.965639 1.39029 1.38804 0.898195 0.750423 0.838948 0.896007 0.554754 0.53033 0.500526 0.41024
threshold=3.0954545454545461 0.46410256410256417 4.0430571004820175 1.6413418290854576 0.13809523809523808 16.500000000000004 0.26969696969696971 0.41428571428571431 89.500000000000014 3.3666666666666667 3.4196979717813059 2.7947368421052636 1.1123737373737377 1.6333333333333335 1.5192307692307694
decision_type=2 2 2 2 2 2 2 2 2 2 2 2 2 2 2
left_child=8 4 7 -4 6 -6 -2 -3 12 11 -11 -10 13 -1 -14
right_child=1 2 3 -5 5 -7 -8 -9 9 10 -12 -13 14 -15 -16
leaf_value=-0.00018818411552642516 -0.00027192764554305465 -0.00029864540723996744 0.0023929997688330313 0.00042713331534723531 0.00025222697484262316 -2.3351330059654565e-05 0.00087154512927773299 0.00021244477654664434 -0.00043529192732449972 0.0016419901899420298 -0.0010866320133209228 0.00029597853575025538 -0.002211524263808602 -0.0010448843114367644 0
leaf_weight=17188 7970 1496 205 444 8670 46852 443 15112 669 258 53 1082 93 281 64
leaf_count=17188 7970 1496 205 444 8670 46852 443 15112 669 258 53 1082 93 281 64
internal_value=-5.85497e-06 3.4148e-05 0.000200439 0.0010689 -1.05848e-05 1.95088e-05 -0.000210335 0.000165775 -0.000171319 0.000186973 0.00114106 1.07016e-05 -0.000213818 -0.000202655 -0.00137483
internal_weight=100880 81192 17257 649 63935 55522 8413 16608 19688 2062 311 1751 17626 17469 157
internal_count=100880 81192 17257 649 63935 55522 8413 16608 19688 2062 311 1751 17626 17469 157
is_linear=0
shrinkage=0.02


Tree=143
num_leaves=15
num_cat=0
split_feature=21 26 16 12 31 15 15 6 1 13 3 15 13 7
split_gain=1.62142 1.76462 1.23759 1.15627 0.98585 1.3128 1.19414 1.367 0.862199 0.843207 1.22776 0.770394 0.746258 0.69123
threshold=0.47222222222222227 0.46410256410256417 1.6333333333333335 0.36666666666666675 3.9136246558308909 0.50970965309200611 0.48318377196289874 2.2426470588235299 0.89444444444444449 1.0500000000000003 0.76492869875222824 0.56014184397163136 0.43650793650793651 1.1400934579439255
decision_type=2 2 2 2 2 2 2 2 2 2 2 2 2 2
left_child=4 9 3 -3 6 8 7 -1 -6 13 -11 -7 -8 -2
right_child=1 2 -4 -5 5 11 12 -9 -10 10 -12 -13 -14 -15
leaf_value=-0.00018732147390572033 -0.00014036365227098534 4.9734483507667522e-07 -0.0023323955622158552 0.00033902493842618067 0.0010908232931218116 0.002359559543249084 -4.6162011346857484e-05 0.0022715499178393855 -0.00054473443146057946 -0.0011090153812221362 0.00048261028427503121 0.0005615222080244005 -0.00080592403722506642 4.0901454361347868e-06
leaf_weight=7616 17881 6446 74 11064 151 121 705 89 746 207 2247 572 2289 50672
leaf_count=7616 17881 6446 74 11064 151 121 705 89 746 207 2247 572 2289 50672
internal_value=-5.73934e-06 2.40238e-05 0.000203434 0.000214987 -0.000221084 0.000239934 -0.000290563 -0.00015704 -0.000256469 -2.02686e-05 0.000343488 0.00089574 -0.00063051 -3.34455e-05
internal_weight=100880 88591 17584 17510 12289 1590 10699 7705 897 71007 2454 693 2994 68553
internal_count=100880 88591 17584 17510 12289 1590 10699 7705 897 71007 2454 693 2994 68553
is_linear=0
shrinkage=0.02


Tree=144
num_leaves=14
num_cat=0
split_feature=27 23 24 30 20 27 26 30 26 31 5 3 31
split_gain=2.10191 1.45619 2.08641 1.25986 1.11846 1.3725 1.04611 0.943078 0.83646 0.828846 0.733038 0.636047 0.383256
threshold=0.66770833333333346 0.82373653686826853 0.63333333333333341 2.6961538461538468 1.4500000000000002 1.5357142857142858 0.13809523809523808 3.6449579831932781 0.48684210526315791 4.0430571004820175 1.9500000000000002 0.79853430688285199 3.4951918631530288
decision_type=2 2 2 2 2 2 2 2 2 2 2 2 2
left_child=1 2 6 11 5 -5 -1 10 -9 -4 -3 -2 -6
right_child=3 7 9 4 12 -7 -8 8 -10 -11 -12 -13 -14
leaf_value=-0.00035849765159426839 -0.0019080546231412176 7.3001703315349081e-06 0.00028923943970134836 0.00056031719053333462 -0.00160720641989457 0.0032745800874172115 -9.7879068512519635e-05 8.527534898630753e-05 0.00039676190890038614 0.0017488201613911612 -0.00030754184649314407 0.00052471372698034561 -0.00010002555980070218
leaf_weight=7507 132 22266 3371 3518 93 76 35678 20124 4202 165 3400 54 294
leaf_count=7507 132 22266 3371 3518 93 76 35678 20124 4202 165 3400 54 294
internal_value=-5.61982e-06 -2.46713e-05 -0.000105015 0.000433952 0.000511032 0.000622284 -0.000143429 5.02169e-05 0.00013952 0.000361124 -3.40384e-05 -0.00115051 -0.000494324
internal_weight=100880 96713 46721 4167 3981 3594 43185 49992 24326 3536 25666 186 387
internal_count=100880 96713 46721 4167 3981 3594 43185 49992 24326 3536 25666 186 387
is_linear=0
shrinkage=0.02


Tree=145
num_leaves=16
num_cat=0
split_feature=8 23 35 34 23 1 12 33 35 6 6 37 30 33 24
split_gain=1.36948 1.69387 1.19159 1.85175 1.45598 1.63031 1.52292 1.12553 0.993572 1.80265 1.03289 0.903105 0.942256 0.876217 0.753864
threshold=1.0000000180025095e-35 1.100359712230216 0.16720430107526876 0.19375000000000003 0.89837129237288149 1.0500000000000003 0.77500000000000013 1.0000000180025095e-35 0.12385166455962916 1.7573529411764708 1.9750000000000003 16.500000000000004 3.3867521367521372 0.38750000000000007 1.3666666666666669
decision_type=2 2 2 2 2 2 2 2 2 2 2 2 2 2 2
left_child=1 11 3 7 6 -6 -4 -2 10 -10 -3 12 -1 -5 -13
right_child=2 8 4 13 5 -7 -8 -9 9 -11 -12 14 -14 -15 -16
leaf_value=-0.00010701818274067082 0.00015404033985208401 0.00038152161310392078 -0.00030727046870784343 0.0008848373133129038 -0.00010341428343707794 -0.0011182867327300678 0.00062392814980530016 -8.5611206088143395e-05 -0.0004295971792317548 0.0011199521136955476 -0.00052653500360184003 -0.00017293349727630925 0.00028042284914939723 -0.00036431853088640399 0.001439991383448891
leaf_weight=6507 25985 6017 1544 1674 1507 1122 1277 11165 1886 353 536 36905 4071 246 113
leaf_count=6507 25985 6017 1544 1674 1507 1122 1277 11165 1886 353 536 36905 4071 246 113
internal_value=-8.24547e-06 -7.38016e-05 7.45613e-05 0.000113372 -0.000201769 -0.000540861 0.000110862 8.1746e-05 0.00018076 -0.000180052 0.000305584 -0.00012104 4.11702e-05 0.000719374 -0.000167662
internal_weight=100908 56388 44520 39070 5450 2629 2821 37150 8792 2239 6553 47596 10578 1920 37018
internal_count=100908 56388 44520 39070 5450 2629 2821 37150 8792 2239 6553 47596 10578 1920 37018
is_linear=0
shrinkage=0.02


Tree=146
num_leaves=16
num_cat=0
split_feature=27 15 27 20 15 34 13 2 13 7 1 13 31 22 0
split_gain=3.01839 1.86188 1.74903 1.29506 1.32825 1.1617 1.32751 0.947361 0.82838 0.996892 0.780229 0.647485 0.460139 0.828972 0.441137
threshold=0.66563146997929612 0.37541946308724833 0.31153480636730818 1.2250000000000003 0.89492086860507924 0.054093567251461951 0.78888888888888908 0.85357142857142865 0.31666666666666671 0.56711711711711721 0.95000000000000007 0.18333333333333332 4.2896643783371493 0.55277777777777792 0.29166666666666669
decision_type=2 2 2 2 2 2 2 2 2 2 2 2 2 2 2
left_child=2 8 12 4 -3 6 -4 -5 10 -10 -2 -7 14 -14 -1
right_child=1 3 5 7 -6 11 -8 -9 9 -11 -12 -13 13 -15 -16
leaf_value=-0.00030440594767529739 -7.4159500722895458e-05 0.0011461724649495584 6.9865038963252502e-05 0.00079871058677687015 -4.1261652923557794e-05 -0.00041403099280505921 0.00042496194569547854 -0.00076314910218633456 0.00076911275159744993 -0.0014440079500862197 0.0011779112064838409 -2.90613857619504e-05 -0.0011995236549461098 0.00062007508672423097 -0.00010241726353438296
leaf_weight=4865 921 2200 23864 277 435 1988 5143 346 103 304 248 15054 112 699 44349
leaf_count=4865 921 2200 23864 277 435 1988 5143 346 103 304 248 15054 112 699 44349
internal_value=-8.08188e-06 0.000479327 -3.27196e-05 0.000752486 0.00094647 5.60761e-05 0.000133194 -5.2377e-05 -7.92655e-05 -0.000858459 0.000184482 -7.45993e-05 -0.000114657 0.000354154 -0.000122599
internal_weight=100908 4834 96074 3258 2635 46049 29007 623 1576 407 1169 17042 50025 811 49214
internal_count=100908 4834 96074 3258 2635 46049 29007 623 1576 407 1169 17042 50025 811 49214
is_linear=0
shrinkage=0.02


Tree=147
num_leaves=16
num_cat=0
split_feature=27 37 27 37 23 0 35 8 27 31 27 27 32 0 31
split_gain=2.89857 1.89207 1.67981 1.6834 1.61949 1.46478 1.43578 1.4127 1.28296 1.1585 1.9583 1.93871 1.1276 1.04866 0.929227
threshold=0.66563146997929612 15.500000000000002 0.31153480636730818 56.500000000000007 0.74921383647798756 1.5500000000000003 0.16720430107526876 1.0000000180025095e-35 0.14777667984189721 3.5480110642781879 0.83486703250316596 0.87627551020408168 0.29166666666666669 0.29166666666666669 3.6889822595704955
decision_type=2 2 2 2 2 2 2 2 2 2 2 2 2 2 2
left_child=2 4 3 13 5 -2 7 -4 -5 11 -11 -3 -8 -1 -6
right_child=1 9 6 8 14 -7 12 -9 -10 10 -12 -13 -14 -15 -16
leaf_value=-0.00033719912354302194 0.00043814630941911174 -8.7219593904305244e-05 -1.5769456182305073e-05 -0.0007497335837005376 -6.5166026600136243e-05 0.0031774407077109681 -0.00041762420728052267 0.00022306156867349462 -0.00020096859464847815 0.0014041669651405097 -0.0020997308630209704 0.002347332877226365 0.00012551252886063919 2.7455326135685553e-05 -0.0012856919740337925
leaf_weight=3582 988 771 20219 1897 1087 85 4168 19286 18395 1356 63 154 2376 26151 330
leaf_count=3582 988 771 20219 1897 1087 85 4168 19286 18395 1356 63 154 2376 26151 330
internal_value=-7.92198e-06 0.000469712 -3.20677e-05 -0.000112368 8.12145e-05 0.000669956 5.49502e-05 0.000100578 -0.000252832 0.000877724 0.00123883 0.000311503 -0.000218916 -1.61588e-05 -0.000357869
internal_weight=100908 4834 96074 50025 2490 1073 46049 39505 20292 2344 1419 925 6544 29733 1417
internal_count=100908 4834 96074 50025 2490 1073 46049 39505 20292 2344 1419 925 6544 29733 1417
is_linear=0
shrinkage=0.02


Tree=148
num_leaves=16
num_cat=0
split_feature=26 31 20 22 4 21 15 22 22 26 20 34 10 30 19
split_gain=1.6617 1.12067 1.09161 1.20188 1.06735 1.30919 1.0709 0.892219 0.826656 0.757892 0.735974 0.698317 0.736661 0.45948 0.35907
threshold=0.70294117647058829 3.3919459459459467 1.2916666666666667 1.2426470588235297 0.29166666666666669 0.47222222222222227 0.63967276099629056 0.48684210526315791 1.3944444444444446 0.62019230769230782 2.1000000000000005 0.10818713450292396 0.23303167420814477 3.1143790849673203 0.57912885662431957
decision_type=2 2 2 2 2 2 2 2 2 2 2 2 2 2 2
left_child=4 11 7 -4 6 9 10 -3 -7 -6 -1 12 -2 -13 -8
right_child=1 2 3 -5 5 8 14 -9 -10 -11 -12 13 -14 -15 -16
leaf_value=-0.00025266514965980268 0.00044006683963995714 -0.00084034771518369696 -0.0011497044679255801 0.00086024184155901646 -0.00017908835942160873 7.4577747478967275e-06 -0.0022361506018284205 0.00094812537473251094 0.00030403704045848075 -0.0011355119831967422 0.0017666056545244324 -0.00016511105789857755 -0.0011895909224237716 -0.0024140853328364236 -0.00033598397907457856
leaf_weight=5761 518 111 255 216 10688 76543 146 1921 3957 345 70 83 138 82 74
leaf_count=5761 518 111 255 216 10688 76543 146 1921 3957 345 70 83 138 82 74
internal_value=-7.76453e-06 0.000431695 0.000642852 -0.000207064 -2.28449e-05 -5.72392e-06 -0.000280092 0.000844782 2.21676e-05 -0.000210102 -0.000226112 -0.00019991 7.94712e-05 -0.00135819 -0.00165083
internal_weight=100908 3324 2503 471 97584 91533 6051 2032 80500 11033 5831 821 656 165 220
internal_count=100908 3324 2503 471 97584 91533 6051 2032 80500 11033 5831 821 656 165 220
is_linear=0
shrinkage=0.02


Tree=149
num_leaves=13
num_cat=0
split_feature=26 6 23 22 7 22 8 23 31 31 23 12
split_gain=1.59434 1.08182 0.965673 1.04993 0.966519 0.964509 1.1431 1.10312 0.989062 1.69805 0.977151 0.891876
threshold=0.70294117647058829 0.70294117647058829 1.4243853630646086 0.41885964912280704 1.5610633444463944 1.1846590909090913 1.0000000180025095e-35 1.1094320255474455 3.489246068455135 3.9380987136210206 0.97570810385523221 0.55000000000000016
decision_type=2 2 2 2 2 2 2 2 2 2 2 2
left_child=5 -2 3 -3 -4 6 7 -1 11 -10 -8 -7
right_child=1 2 4 -5 -6 8 10 -9 9 -11 -12 -13
leaf_value=-0.00013826293176177746 -0.0012185205022493999 -0.00098030471615493308 0.0002662846852432598 0.00066224497047666017 -0.003236022690931956 6.788285770859604e-05 0.00010056009519883165 0.00023287288749065154 0.00038480363357616671 -0.00026045717876548919 -0.00013696930490752381 -0.00056122149756499809
leaf_weight=44720 148 158 64 2902 52 2945 26231 3430 7525 2062 9387 1284
leaf_count=44720 148 158 64 2902 52 2945 26231 3430 7525 2062 9387 1284
internal_value=-7.6174e-06 0.000422839 0.000503191 0.000573583 -0.00124721 -2.23909e-05 -4.80146e-05 -0.000111609 0.00013223 0.000244951 3.76751e-05 -0.000120936
internal_weight=100908 3324 3176 3060 116 97584 83768 48150 13816 9587 35618 4229
internal_count=100908 3324 3176 3060 116 97584 83768 48150 13816 9587 35618 4229
is_linear=0
shrinkage=0.02


Tree=150
num_leaves=16
num_cat=0
split_feature=27 37 35 15 33 5 23 26 37 14 5 27 35 15 37
split_gain=1.94576 2.17068 1.2097 1.46419 1.32702 1.31694 1.23671 1.84612 1.06159 0.975163 0.983802 0.790968 1.35456 0.623406 0.573482
threshold=0.31153480636730818 59.500000000000007 0.16720430107526876 0.67313976872800418 0.21111111111111114 2.7071428571428577 1.1114766081871348 0.45804195804195807 56.500000000000007 1.0954545454545457 2.2111111111111117 0.14777667984189721 0.15016339869281048 0.36014705882352943 10.500000000000002
decision_type=2 2 2 2 2 2 2 2 2 2 2 2 2 2 2
left_child=1 9 6 4 -4 -5 8 -8 -2 10 -1 12 -3 -13 -11
right_child=2 11 3 5 -6 -7 7 -9 -10 14 -12 13 -14 -15 -16
leaf_value=2.0220929690550049e-05 -5.6508270848662049e-05 -0.00079499887279193171 -0.00031931706702249195 -0.0011515394415248905 0.00026677191913044651 0.00074195740667320576 7.8225744691944155e-05 0.00067603606832575258 0.00016348628384238968 0.00027372073704802144 -0.00042427492796260615 -0.00044824825666606866 0.0020915340609622725 -0.0001631626413803811 0.0023809684102780353
leaf_weight=28524 16818 1675 3341 910 2862 167 5057 3545 18236 125 2138 4068 64 13475 105
leaf_count=28524 16818 1675 3341 910 2862 167 5057 3545 18236 125 2138 4068 64 13475 105
internal_value=-1.61554e-05 -0.000104633 7.08034e-05 -0.000167297 -4.72912e-05 -0.000847834 0.000110743 0.000325854 5.76561e-05 -3.75476e-07 -1.04724e-05 -0.000271131 -0.000680742 -0.000229884 0.00129106
internal_weight=101110 50174 50936 7280 6203 1077 43656 8602 35054 30892 30662 19282 1739 17543 230
internal_count=101110 50174 50936 7280 6203 1077 43656 8602 35054 30892 30662 19282 1739 17543 230
is_linear=0
shrinkage=0.02


Tree=151
num_leaves=14
num_cat=0
split_feature=26 21 31 7 11 6 18 31 28 15 22 22 11
split_gain=1.18277 1.24003 1.16589 0.906828 1.18747 1.13689 0.748183 1.13003 0.7358 0.607521 0.503881 0.619757 0.334085
threshold=0.29705882352941176 0.2678571428571429 4.2277854367715264 0.56711711711711721 0.062284482758620661 1.151923076923077 0.14642857142857144 2.335087719298246 4.366666666666668 0.45173237753882917 1.341666666666667 1.1464285714285716 0.073606811145510764
decision_type=2 2 2 2 2 2 2 2 2 2 2 2 2
left_child=2 8 6 5 -5 -3 12 -8 9 -2 11 -4 -1
right_child=1 3 10 4 -6 -7 7 -9 -10 -11 -12 -13 -14
leaf_value=0.0001527419992653299 -2.5975298732052029e-05 0.00012132443046781438 0.00066403243705650194 -0.00016955081605531677 8.6507953368785816e-05 0.0011171010635387948 -0.00061487827735649445 -0.00010310197949371297 -0.002758734055229875 -0.00095990164212460792 0.0021343070995516896 -0.00085713678846756607 0.00091668165532865205
leaf_weight=1934 636 1350 747 8666 43617 715 1811 40580 59 528 80 118 269
leaf_count=1934 636 1350 747 8666 43617 715 1811 40580 59 528 80 118 269
internal_value=-1.5825e-05 4.59776e-05 -9.14607e-05 6.0326e-05 4.38696e-05 0.000471694 -0.000106394 -0.00012523 -0.000582533 -0.000459108 0.000601391 0.000443488 0.000251306
internal_weight=101110 55571 45539 54348 52283 2065 44594 42391 1223 1164 945 865 2203
internal_count=101110 55571 45539 54348 52283 2065 44594 42391 1223 1164 945 865 2203
is_linear=0
shrinkage=0.02


Tree=152
num_leaves=13
num_cat=0
split_feature=27 6 35 32 23 19 17 19 30 11 7 19
split_gain=1.8374 1.21634 1.20597 1.46511 1.3315 0.881648 0.869434 0.840806 1.03774 0.555752 0.506851 0.333845
threshold=0.31153480636730818 0.45227272727272733 0.16720430107526876 0.29166666666666669 1.1114766081871348 0.78596059113300509 0.47222222222222227 0.21076774505070012 3.3603896103896109 0.074199199199199165 2.0378073184676966 0.52804494382022482
decision_type=2 2 2 2 2 2 2 2 2 2 2 2
left_child=5 11 4 -4 -3 7 -7 8 -1 -9 -8 -2
right_child=1 2 3 -5 -6 6 10 9 -10 -11 -12 -13
leaf_value=-6.513264352055691e-05 -0.0006804301458246567 6.3947994428486079e-05 -0.00037777732122743331 0.00020993341616298174 0.00034404891928809542 -0.00086014913483744573 0.0012286717621701779 -0.00024864011690603477 0.00048896370945895049 -9.4734234802656056e-05 0.00027355353191932456 -0.002403075273694663
leaf_weight=4547 457 34699 4564 2675 8485 166 402 14339 1909 28234 577 56
leaf_count=4547 457 34699 4564 2675 8485 166 402 14339 1909 28234 577 56
internal_value=-1.55067e-05 6.8993e-05 7.90493e-05 -0.000159224 0.000119229 -0.000101488 0.00044487 -0.000114469 9.72625e-05 -0.000146815 0.000677646 -0.000896497
internal_weight=101110 50936 50423 7239 43184 50174 1145 49029 6456 42573 979 513
internal_count=101110 50936 50423 7239 43184 50174 1145 49029 6456 42573 979 513
is_linear=0
shrinkage=0.02


Tree=153
num_leaves=15
num_cat=0
split_feature=27 37 6 34 24 30 37 6 11 27 26 27 27 27
split_gain=1.76451 2.07294 1.16978 0.987901 1.13606 0.913011 0.961331 0.793554 0.780968 0.961998 0.746035 0.332929 0.313699 0.409032
threshold=0.31153480636730818 59.500000000000007 0.45227272727272733 0.054093567251461951 1.1000000000000003 4.0250000000000012 14.500000000000002 3.5250000000000004 0.052805855698849755 0.14777667984189721 0.39444444444444454 0.21283459162663007 0.69371296905859137 0.5504231562477776
decision_type=2 2 2 2 2 2 2 2 2 2 2 2 2 2
left_child=1 5 12 4 -4 10 -7 -5 11 -10 -1 -3 13 -2
right_child=2 8 3 7 -6 6 -8 -9 9 -11 -12 -13 -14 -15
leaf_value=-5.6507921355835179e-05 -0.00084805355575241022 -0.00036027561165525917 0.00012377820239514422 -4.5304589940103514e-05 0.00082431731747538949 0.00096376532786770878 0.00010237636088637867 0.0024025166203390878 -0.00071685176838894732 -0.00016404870538655377 0.00037186975728858404 -0.00083251237966497024 -0.0019354453474283218 0.00096503590637782842
leaf_weight=26675 364 1393 30846 18567 959 758 1733 51 1387 15278 1726 1224 98 51
leaf_count=26675 364 1393 30846 18567 959 758 1733 51 1387 15278 1726 1224 98 51
internal_value=-1.51974e-05 -9.9458e-05 6.7607e-05 7.74725e-05 0.000145266 1.7872e-06 0.000369067 -3.78049e-05 -0.000262166 -0.000210738 -3.00979e-05 -0.000585431 -0.000879195 -0.0005977
internal_weight=101110 50174 50936 50423 31805 30892 2491 18618 19282 16665 28401 2617 513 415
internal_count=101110 50174 50936 50423 31805 30892 2491 18618 19282 16665 28401 2617 513 415
is_linear=0
shrinkage=0.02


Tree=154
num_leaves=16
num_cat=0
split_feature=23 29 34 1 18 11 21 5 19 2 14 19 3 30 30
split_gain=1.15917 1.22116 1.47061 1.25164 0.898577 0.837912 0.812012 1.12283 0.90673 0.860356 0.761351 0.748295 0.734225 0.659996 0.558222
threshold=1.1158657513348589 2.8166666666666669 0.060661764705882353 0.43650793650793651 1.0954545454545457 0.093854865771812054 0.2678571428571429 1.6458333333333337 0.8006849315068495 0.6858552631578948 0.65833333333333344 0.16794871794871793 0.60889328063241122 4.0250000000000012 2.8480769230769236
decision_type=2 2 2 2 2 2 2 2 2 2 2 2 2 2 2
left_child=6 5 3 -3 -4 12 7 10 -9 13 -1 -11 -2 -8 -7
right_child=1 2 4 -5 -6 14 9 8 -10 11 -12 -13 -14 -15 -16
leaf_value=-1.9702623189700042e-05 -0.0004865379028994104 0.0010326458020205188 -8.7638057126160942e-05 0.00025928152007626248 0.0023284217426853796 -0.0005093531926613394 -0.00016291814841952701 -0.0011215413341386425 0.00064079414437136315 0.00037656445231020131 -0.0018093967914581299 -1.0367881567816176e-05 -0.0019912151086270511 0.001670135775437722 0.00076377505380095855
leaf_weight=2225 458 937 5973 8817 60 281 17935 911 125 2065 98 60690 197 76 262
leaf_count=2225 458 937 5973 8817 60 281 17935 911 125 2065 98 60690 197 76 262
internal_value=-1.48931e-05 0.000135657 0.000182848 0.000334795 -6.11889e-05 -0.000477141 -4.54109e-05 -0.000350314 -0.000898445 -3.25981e-05 -0.000100997 2.21667e-06 -0.000958994 -0.000154444 8.7137e-05
internal_weight=101110 16985 15787 9754 6033 1198 84125 3359 1036 80766 2323 62755 655 18011 543
internal_count=101110 16985 15787 9754 6033 1198 84125 3359 1036 80766 2323 62755 655 18011 543
is_linear=0
shrinkage=0.02


Tree=155
num_leaves=16
num_cat=0
split_feature=27 37 27 31 27 3 27 37 37 30 26 4 4 17 3
split_gain=1.72723 1.26833 1.31846 1.21667 1.08058 1.12401 0.933619 1.49111 1.09182 0.881267 1.03344 0.638084 0.610582 0.570836 0.50702
threshold=0.3594260620915033 36.500000000000007 0.15808405906853462 3.3919459459459467 1.5357142857142858 0.8393508863399376 0.53873431533006011 20.500000000000004 15.500000000000002 3.0250000000000004 0.54772727272727284 0.77500000000000013 1.1000000000000003 0.58571428571428574 0.78135347682119216
decision_type=2 2 2 2 2 2 2 2 2 2 2 2 2 2 2
left_child=1 9 14 4 5 -2 8 -8 -5 12 -11 -4 -1 -6 -3
right_child=3 2 11 6 13 -7 7 -9 -10 10 -12 -13 -14 -15 -16
leaf_value=-0.00026487245736538871 1.2392664798750406e-05 -0.00020748427523349132 -0.00029772815419179565 0.00054439284449912546 0.0033860639918525267 -0.00045733293182277884 -0.00011195467587447528 0.00050312065153493432 4.2245643590690228e-05 9.3026560914517863e-05 0.0013237438225404336 -6.7306800449503184e-05 0.0001006478076118052 0.00028401636083920801 -0.00067783317261043644
leaf_weight=5330 7167 1592 5932 1907 51 2824 2110 5954 19523 16756 277 26516 2732 58 2434
leaf_count=5330 7167 1592 5932 1907 51 2824 2110 5954 19523 16756 277 26516 2732 58 2434
internal_value=-1.08259e-05 -7.7185e-05 -0.000152525 9.21091e-05 -9.67212e-05 -0.000119442 0.000157114 0.000340954 8.74436e-05 3.19215e-05 0.000113781 -0.000109755 -0.000139773 0.00186038 -0.000494521
internal_weight=101163 61569 36474 39594 10100 9991 29494 8064 21430 25095 17033 32448 8062 109 4026
internal_count=101163 61569 36474 39594 10100 9991 29494 8064 21430 25095 17033 32448 8062 109 4026
is_linear=0
shrinkage=0.02


Tree=156
num_leaves=16
num_cat=0
split_feature=26 7 2 37 7 31 35 22 4 27 15 37 25 15 18
split_gain=1.66797 0.97443 1.98713 1.46323 1.57296 1.1228 0.99257 0.979857 0.971011 0.822573 0.836675 0.746708 1.03012 0.809887 0.376989
threshold=0.46410256410256417 0.80140845070422551 0.7947368421052633 60.500000000000007 1.1807869776980262 3.5521610696517416 0.16956719128329298 0.7947368421052633 1.1000000000000003 0.83486703250316596 0.14339826839826839 16.500000000000004 0.2678571428571429 0.73931311655096832 0.59411764705882364
decision_type=2 2 2 2 2 2 2 2 2 2 2 2 2 2 2
left_child=8 2 6 5 -5 -3 -2 -4 11 10 -10 12 -1 -13 -11
right_child=1 3 7 4 -6 -7 -8 -9 9 14 -12 13 -14 -15 -16
leaf_value=-0.00014725811534644292 0.00045927590986412153 -0.00028800920586919993 0.00065581827114025756 -0.00089500148536510843 0.00036471495638279227 0.0001462349945639829 -0.0018236199524029192 0.0031778555680177884 0.00046456292082513041 -0.0019501962924003602 -3.7527827872443442e-06 -0.00020652945505137885 0.00030912066551839345 0.00063666217727079372 0
leaf_weight=5110 807 4381 118 410 8408 5188 81 165 1574 123 47043 24017 3218 457 63
leaf_count=5110 807 4381 118 410 8408 5188 81 165 1574 123 47043 24017 3218 457 63
internal_value=-1.06018e-05 0.000155149 0.000715766 0.000118828 0.00030482 -5.155e-05 0.000236173 0.00217333 -5.04522e-05 5.9126e-06 1.1222e-05 -0.000134612 2.79214e-05 -0.000190325 -0.00131403
internal_weight=101163 19558 1171 18387 8818 9569 888 283 81605 48803 48617 32802 8328 24474 186
internal_count=101163 19558 1171 18387 8818 9569 888 283 81605 48803 48617 32802 8328 24474 186
is_linear=0
shrinkage=0.02


Tree=157
num_leaves=16
num_cat=0
split_feature=27 37 27 28 37 22 27 14 11 5 7 37 7 29 30
split_gain=1.62556 1.20229 1.26289 1.20315 1.11414 1.31617 1.1412 1.58909 0.967496 0.864184 0.743617 0.665245 0.495362 0.482955 0.452441
threshold=0.3594260620915033 36.500000000000007 0.15808405906853462 2.4500000000000006 92.500000000000014 0.36602870813397131 0.73097601323407779 0.94590643274853814 0.18929156429156432 2.683333333333334 2.382847386393486 94.500000000000014 1.2085144927536233 1.3166666666666669 3.7247474747474754
decision_type=2 2 2 2 2 2 2 2 2 2 2 2 2 2 2
left_child=1 3 12 13 5 8 11 -8 -2 -7 -4 -6 -3 -1 -5
right_child=4 2 10 14 6 9 7 -9 -10 -11 -12 -13 -14 -15 -16
leaf_value=0.00031439075076328786 -0.0010013448356503971 -0.00019998039603233339 -0.00011076259210109048 3.0747130681745497e-05 0.00097465573836303851 2.3294675468218208e-05 0.0020943605578202995 -0.0011576226802721414 0.00079000401235844973 0.00051091855389444134 0.0020565113992918106 0.0001900958819528711 -0.00066456969971519437 -0.00039062075659274012 0.00023627789709078169
leaf_weight=425 772 1598 32387 15469 459 26763 276 71 135 1540 61 9578 2428 3197 6004
leaf_count=425 772 1598 32387 15469 459 26763 276 71 135 1540 61 9578 2428 3197 6004
internal_value=-1.03861e-05 -7.47654e-05 -0.000148119 3.14549e-05 8.94704e-05 2.58287e-05 0.000267491 0.0013975 -0.000722564 5.02144e-05 -0.000106254 0.000227158 -0.000482838 -0.000305009 8.86973e-05
internal_weight=101163 61569 36474 25095 39594 29210 10384 347 907 28303 32448 10037 4026 3622 21473
internal_count=101163 61569 36474 25095 39594 29210 10384 347 907 28303 32448 10037 4026 3622 21473
is_linear=0
shrinkage=0.02


Tree=158
num_leaves=16
num_cat=0
split_feature=26 30 29 35 6 17 31 4 21 26 27 3 30 35 6
split_gain=1.56371 1.03614 1.63888 1.22644 1.16727 1.45218 0.944218 0.922844 0.803889 1.26529 0.77299 0.622419 0.517825 1.30202 0.582265
threshold=0.46410256410256417 3.5131578947368425 3.7888888888888892 0.15579093038109434 0.91287878787878796 0.41428571428571431 3.6814487053425116 1.1000000000000003 1.1547619047619049 0.40588235294117653 0.78964130070398941 0.90491259795057277 3.0954545454545461 0.0085107924090974518 1.2752525252525253
decision_type=2 2 2 2 2 2 2 2 2 2 2 2 2 2 2
left_child=7 2 3 -2 5 -3 -6 12 10 -10 -9 -4 14 -14 -1
right_child=1 4 11 -5 6 -7 -8 8 9 -11 -12 -13 13 -15 -16
leaf_value=-0.00028357085848068549 0.00013599294657638299 0.0029583413486785077 -0.00040178221804755077 -0.00060533962799501752 0.00051867575142867765 -0.00026870525935116933 0.00011625621113990181 5.0886962975137883e-05 -8.3968166970889609e-05 -0.00087650843863999468 -0.0012430475048116737 -0.0021652627363801004 0.00016444250103013868 -0.00017406237011467827 0.00027318034729771179
leaf_weight=10251 7194 139 173 1015 3499 83 7273 39750 7969 901 183 182 6433 15327 791
leaf_count=10251 7194 139 173 1015 3499 83 7273 39750 7969 901 183 182 6433 15327 791
internal_value=-1.0167e-05 0.000150316 -1.35122e-05 4.2988e-05 0.000278823 0.00171556 0.000247972 -4.87549e-05 6.18989e-06 -0.00016578 4.46449e-05 -0.00134095 -0.000130802 -7.35233e-05 -0.00024274
internal_weight=101163 19558 8564 8209 10994 222 10772 81605 48803 8870 39933 355 32802 21760 11042
internal_count=101163 19558 8564 8209 10994 222 10772 81605 48803 8870 39933 355 32802 21760 11042
is_linear=0
shrinkage=0.02


Tree=159
num_leaves=16
num_cat=0
split_feature=27 37 27 31 27 3 3 12 2 25 21 23 14 3 25
split_gain=1.53352 1.15507 1.21062 1.10546 1.04541 1.07469 0.892949 0.982579 0.67952 0.808869 0.625356 0.586171 0.581176 0.479061 0.469086
threshold=0.3594260620915033 36.500000000000007 0.15808405906853462 3.3919459459459467 1.5357142857142858 0.8393508863399376 0.52198067632850254 0.90000000000000013 0.45227272727272733 1.0000000180025095e-35 0.47222222222222227 1.1094320255474455 0.057189542483660101 0.78135347682119216 0.89444444444444449
decision_type=2 2 2 2 2 2 2 2 2 2 2 2 2 2 2
left_child=1 8 13 4 5 -2 11 -8 12 -10 -4 -5 -1 -3 -6
right_child=3 2 10 6 14 -7 7 -9 9 -11 -12 -13 -14 -15 -16
leaf_value=0.0001460431735840202 1.3569878191608052e-05 -0.00019299907079305372 -0.0003313040987937214 0.00034825094197512652 0.0030984043972245578 -0.00044572199974934093 8.1223917414231054e-05 0.00038873967692376501 -0.00022140682406417958 0.00012346787655794826 -6.9030954393223314e-05 0.0019045858424176615 -0.00041417673093043959 -0.00065028635384316118 0.00024817517670718106
leaf_weight=1063 7167 1592 4212 241 56 2824 23999 5067 3168 18584 28236 187 2280 2434 53
leaf_count=1063 7167 1592 4212 241 56 2824 23999 5067 3168 18584 28236 187 2280 2434 53
internal_value=-9.96642e-06 -7.24992e-05 -0.0001444 8.70188e-05 -9.2949e-05 -0.000115314 0.000148989 0.000135199 3.16093e-05 7.27643e-05 -0.000103403 0.00105719 -0.000233069 -0.00047213 0.00183205
internal_weight=101163 61569 36474 39594 10100 9991 29494 29066 25095 21752 32448 428 3343 4026 109
internal_count=101163 61569 36474 39594 10100 9991 29494 29066 25095 21752 32448 428 3343 4026 109
is_linear=0
shrinkage=0.02


Tree=160
num_leaves=16
num_cat=0
split_feature=27 37 27 27 14 30 37 6 3 15 3 27 12 30 1
split_gain=1.75687 1.30424 2.67588 1.54558 1.40097 1.11364 1.0405 1.36438 1.23304 0.975618 0.730471 1.06449 0.837551 0.465149 0.424105
threshold=0.30992957746478872 56.500000000000007 0.66770833333333346 0.64727041895895054 0.94590643274853814 2.4472222222222229 41.500000000000007 1.0513157894736844 2.1000000000000005 0.73931311655096832 0.81272482014388503 0.19367341835458868 1.1000000000000003 4.0250000000000012 0.88194444444444453
decision_type=2 2 2 2 2 2 2 2 2 2 2 2 2 2 2
left_child=6 5 3 -3 -4 14 7 13 -9 -7 12 -12 -8 -1 -2
right_child=1 2 4 -5 -6 9 10 8 -10 -11 11 -13 -14 -15 -16
leaf_value=-0.00021078116621556581 -0.001051699675405197 0.00014049662867956632 0.001451070927274108 -0.0014928649743227488 -0.00072879837109492379 3.2744385238969648e-05 -8.1362612220392205e-05 0.00010341410644174723 0.0030577336853010611 -0.00034859280454437833 -0.00053517622060396451 -0.00017042638282428117 0.00095393519421849095 0.0011532541657939103 0.00068524556500571118
leaf_weight=9131 554 24521 897 231 128 21843 8936 14504 55 3055 4398 12311 321 97 54
leaf_count=9131 554 24521 897 231 128 21843 8936 14504 55 3055 4398 12311 321 97 54
internal_value=-1.57188e-05 6.63081e-05 0.000166699 0.00012473 0.00116823 -3.47624e-05 -0.000100468 -4.47587e-06 0.00011568 -1.36686e-05 -0.000188013 -0.000267084 -4.41838e-05 -0.000195113 -0.000879297
internal_weight=101036 51283 25777 24752 1025 25506 49753 23787 14559 24898 25966 16709 9257 9228 608
internal_count=101036 51283 25777 24752 1025 25506 49753 23787 14559 24898 25966 16709 9257 9228 608
is_linear=0
shrinkage=0.02


Tree=161
num_leaves=16
num_cat=0
split_feature=27 37 27 27 14 30 37 26 2 24 27 30 26 27 27
split_gain=1.68705 1.25246 2.56897 1.48497 1.34699 1.06876 0.999636 1.11324 0.916055 0.853638 0.807394 0.622314 0.599351 0.831951 0.804419
threshold=0.30992957746478872 56.500000000000007 0.66770833333333346 0.64727041895895054 0.94590643274853814 2.4472222222222229 41.500000000000007 0.38675213675213677 0.74342105263157909 1.1000000000000003 0.29181873479318737 3.3944444444444448 0.24264705882352941 0.21283459162663007 0.18469899665551839
decision_type=2 2 2 2 2 2 2 2 2 2 2 2 2 2 2
left_child=6 5 3 -3 -4 8 7 10 -2 -7 -1 -9 13 -8 -14
right_child=1 2 4 -5 -6 9 12 11 -10 -11 -12 -13 14 -15 -16
leaf_value=-9.9075169975919423e-06 -0.0011335800384191701 0.00013768692467810886 0.0014221140725726679 -0.0014632639621460386 -0.00071444665010158843 -3.4158311281807914e-05 -0.00023237031746349343 6.4249250549858747e-05 0.001339739952236414 0.00065881644197500467 -0.00054912045965803435 0.00093838097736797231 -0.00086956434985509061 7.3843128531228132e-05 -0.00024170240237118365
leaf_weight=21244 546 24521 897 231 128 24168 7987 624 62 730 1173 746 899 6318 10762
leaf_count=21244 546 24521 897 231 128 24168 7987 624 62 730 1173 746 899 6318 10762
internal_value=-1.54013e-05 6.4977e-05 0.000163356 0.000122225 0.0011447 -3.40603e-05 -9.84517e-05 -4.35422e-06 -0.000861407 -1.33877e-05 -3.86151e-05 0.000548199 -0.000184261 -9.64366e-05 -0.000291105
internal_weight=101036 51283 25777 24752 1025 25506 49753 23787 608 24898 22417 1370 25966 14305 11661
internal_count=101036 51283 25777 24752 1025 25506 49753 23787 608 24898 22417 1370 25966 14305 11661
is_linear=0
shrinkage=0.02


Tree=162
num_leaves=13
num_cat=0
split_feature=26 5 7 7 6 8 2 5 23 33 31 23
split_gain=1.16312 1.03462 1.14381 1.62476 1.04869 0.837906 0.959912 0.899466 1.27465 0.877752 0.868891 0.783923
threshold=0.46410256410256417 0.29285714285714287 1.1133048045127409 1.1747912281892867 1.0571895424836604 1.0000000180025095e-35 1.341666666666667 2.0500000000000003 0.48013157894736841 1.0000000180025095e-35 3.9169540229885063 0.64724736048265474
decision_type=2 2 2 2 2 2 2 2 2 2 2 2
left_child=5 -2 4 -4 -3 7 10 11 -9 -8 -7 -1
right_child=1 2 3 -5 -6 6 9 8 -10 -11 -12 -13
leaf_value=-0.00025768554523134966 -0.001282267769418874 0.00020171519861183693 -0.00099670462997637115 0.00011494643721968531 0.0010529514472381991 9.0065318511371597e-06 1.8318093981337452e-05 0.0015798092203320197 0.00010402162973298495 -0.0008080983400577679 0.00030063665616085841 -7.0869476967765023e-05
leaf_weight=12683 204 1519 540 16379 974 27791 986 263 2205 1022 4806 31664
leaf_count=12683 204 1519 540 16379 974 27791 986 263 2205 1022 4806 31664
internal_value=-1.50955e-05 0.000123003 0.000138416 7.87615e-05 0.000538874 -4.84916e-05 2.59018e-05 -0.000103695 0.000266488 -0.000397709 5.23261e-05 -0.000124533
internal_weight=101036 19616 19412 16919 2493 81420 34605 46815 2468 2008 32597 44347
internal_count=101036 19616 19412 16919 2493 81420 34605 46815 2468 2008 32597 44347
is_linear=0
shrinkage=0.02


Tree=163
num_leaves=15
num_cat=0
split_feature=27 37 27 27 14 30 37 3 27 3 27 21 10 23
split_gain=1.59292 1.20484 2.45567 1.42983 1.29472 1.01798 0.961003 0.87619 0.821252 0.708955 0.999626 0.764673 0.695678 0.383189
threshold=0.30992957746478872 56.500000000000007 0.66770833333333346 0.64727041895895054 0.94590643274853814 2.4472222222222229 41.500000000000007 2.1000000000000005 0.31456143530264591 0.81272482014388503 0.19367341835458868 0.78888888888888908 0.095454545454545472 0.17752100840336132
decision_type=2 2 2 2 2 2 2 2 2 2 2 2 2 2
left_child=6 5 3 -3 -4 13 7 12 -7 11 -11 -8 -1 -2
right_child=1 2 4 -5 -6 8 9 -9 -10 10 -12 -13 -14 -15
leaf_value=-0.00011780835118543699 0.00057100705436018649 0.00013476275258501188 0.0013913636600745799 -0.0014361297483096308 -0.000702505288215784 0.00082845415641032648 -0.00023618101179178824 0.0023705961002457527 -2.9675785954359002e-05 -0.00051732434908097441 -0.0001638041685125747 0.00012807859249417474 9.8692044732042353e-05 -0.001012734273438445
leaf_weight=11941 59 24521 897 231 128 452 4246 60 24446 4398 12311 5011 11786 549
leaf_count=11941 59 24521 897 231 128 452 4246 60 24446 4398 12311 5011 11786 549
internal_value=-1.47857e-05 6.33148e-05 0.000159808 0.000119583 0.00111929 -3.38161e-05 -9.54882e-05 -3.22108e-06 -1.36303e-05 -0.000179621 -0.000257504 -3.79349e-05 -9.84463e-06 -0.000841287
internal_weight=101036 51283 25777 24752 1025 25506 49753 23787 24898 25966 16709 9257 23727 608
internal_count=101036 51283 25777 24752 1025 25506 49753 23787 24898 25966 16709 9257 23727 608
is_linear=0
shrinkage=0.02


Tree=164
num_leaves=15
num_cat=0
split_feature=4 2 3 3 30 15 30 31 3 26 2 10 2 17
split_gain=1.50668 0.875909 0.839257 0.816404 1.02666 0.753249 0.740914 1.65944 0.764466 1.53801 0.702552 0.686667 0.5674 0.558097
threshold=1.2916666666666667 1.341666666666667 2.1000000000000005 1.0771712158808935 4.2565789473684221 1.0081967213114755 2.6754385964912282 2.7232405891980362 0.93769409937888215 0.73030303030303034 1.297058823529412 0.19375000000000003 0.46410256410256417 1.0000000180025095e-35
decision_type=2 2 2 2 2 2 2 2 2 2 2 2 2 2
left_child=6 2 5 11 -5 -2 7 12 9 -8 -10 -3 -1 -9
right_child=1 3 -4 4 -6 -7 8 13 10 -11 -12 -13 -14 -15
leaf_value=-0.00032046582945603622 9.1248803039433905e-05 -7.9886149249824834e-05 0.0025154799536654827 9.5777319655394359e-05 -0.00090746570694767421 -0.00054545937024166045 -3.5170322480970377e-05 0.00057739016023420156 -0.00023831181541536246 0.00087441206995270691 0.00039175592834182575 -0.0011908967838631019 0.00013666245435166549 -0.001042072554348934
leaf_weight=2464 47238 406 55 2577 481 749 30265 82 11529 760 741 553 1903 1233
leaf_count=2464 47238 406 55 2577 481 749 30265 82 11529 760 741 553 1903 1233
internal_value=-1.44894e-05 6.03042e-05 8.41798e-05 -0.000222652 -5.92471e-05 8.10801e-05 -9.41931e-05 -0.000309357 -6.57112e-05 -1.25116e-05 -0.000199389 -0.000732093 -0.000119004 -0.000932771
internal_weight=101036 52059 48042 4017 3058 47987 48977 5682 43295 31025 12270 959 4367 1315
internal_count=101036 52059 48042 4017 3058 47987 48977 5682 43295 31025 12270 959 4367 1315
is_linear=0
shrinkage=0.02


Tree=165
num_leaves=13
num_cat=0
split_feature=27 26 27 6 27 26 27 11 21 14 6 15
split_gain=1.77022 0.8981 0.747104 0.737133 0.665545 1.86925 1.27085 0.771111 1.00805 0.766708 0.658537 0.6332
threshold=0.43599383073067283 0.10818713450292396 0.44239278420694356 0.59411764705882364 0.14093535572408813 0.24264705882352941 0.10033557046979867 0.19486022452124147 1.1055555555555558 0.15587044534412953 0.37980769230769235 0.76016528925619842
decision_type=2 2 2 2 2 2 2 2 2 2 2 2
left_child=4 -2 11 -4 5 9 -7 10 -9 -1 -6 -3
right_child=1 2 3 -5 7 6 -8 8 -10 -11 -12 -13
leaf_value=4.8297146776485621e-05 -0.0021548344939947128 0.00085182196284360433 -0.00062773519328662339 0.00016373897019319011 -0.00086662097157616362 0.00059284344017855855 -0.00096134002304683309 0.00029957394461226382 -0.00014481696691762242 -0.00036864259840919408 -3.0038001892303401e-05 -0.0010310884330370655
leaf_weight=2210 64 933 474 22323 378 1700 234 6479 2945 8003 55247 71
leaf_count=2210 64 933 474 22323 378 1700 234 6479 2945 8003 55247 71
internal_value=1.34521e-05 0.000164061 0.000170897 0.00014679 -3.29818e-05 -0.000168903 0.000398834 -7.4422e-06 0.00015964 -0.00027745 -3.59337e-05 0.000706942
internal_weight=101061 23865 23801 22797 77196 12147 1934 65049 9424 10213 55625 1004
internal_count=101061 23865 23801 22797 77196 12147 1934 65049 9424 10213 55625 1004
is_linear=0
shrinkage=0.02


Tree=166
num_leaves=12
num_cat=0
split_feature=22 25 8 22 30 15 0 4 35 30 22
split_gain=1.19918 0.925993 1.1478 1.24257 0.791913 0.641166 0.615783 0.621659 0.51612 0.512175 0.452542
threshold=0.30384615384615393 0.58571428571428574 0.55000000000000016 1.151923076923077 1.0833333333333337 0.16601049868766402 2.3666666666666667 0.36666666666666675 0.18770973154362416 4.0250000000000012 0.17156862745098037
decision_type=2 2 2 2 2 2 2 2 2 2 2
left_child=4 6 5 -4 -1 -3 7 -2 10 -8 -6
right_child=1 2 3 -5 8 -7 9 -9 -10 -11 -12
leaf_value=0.00043950836176445061 -0.00021565056917830584 0.00065039194586333964 0.00045036567648824426 0.0022837344704545698 -0.00088217959619867493 8.9971675360424468e-05 -0.0023169324263220743 1.5760457682570572e-05 -0.0014686045561723663 0 -0.00025053478893765274
leaf_weight=411 4936 877 692 195 622 13334 82 77659 205 65 1983
leaf_count=411 4936 877 692 195 622 13334 82 77659 205 65 1983
internal_value=1.31734e-05 2.57724e-05 0.000169802 0.000868897 -0.000366204 0.000125347 -3.91376e-07 1.80503e-06 -0.000487835 -0.00128506 -0.000405751
internal_weight=101061 97840 15098 887 3221 14211 82742 82595 2810 147 2605
internal_count=101061 97840 15098 887 3221 14211 82742 82595 2810 147 2605
is_linear=0
shrinkage=0.02


Tree=167
num_leaves=16
num_cat=0
split_feature=27 37 9 26 21 1 27 19 27 26 27 7 14 9 37
split_gain=1.67531 1.46622 1.29045 1.07784 1.10386 0.955687 0.829954 0.704151 0.636939 1.78616 1.21923 0.846902 1.42733 0.777541 0.740036
threshold=0.43599383073067283 77.500000000000014 0.58571428571428574 0.97500000000000009 0.64583333333333337 0.89444444444444449 1.5357142857142858 0.72625313283208037 0.14093535572408813 0.24264705882352941 0.10033557046979867 2.2861692447679713 0.77350427350427364 0.35416666666666669 16.500000000000004
decision_type=2 2 2 2 2 2 2 2 2 2 2 2 2 2 2
left_child=8 3 5 6 -5 -3 -2 -4 9 13 -11 14 -13 -1 -10
right_child=1 2 7 4 -6 -7 -8 -9 11 10 -12 12 -14 -15 -16
leaf_value=-0.00024295607006659772 6.8515429630605578e-05 0.00062379389466281907 0.00044096238814391098 0.0004981506831389813 -0.0017814081225050501 0.00015213868100205015 0.0021965230840283469 0.0031819353867503048 0.00016824103953765699 0.00057980669721453229 -0.00094226086480637722 -2.3751774960287111e-05 0.0014175799790393101 -0.0014028452083282947 -4.2114410806922974e-05
leaf_weight=9974 16057 3006 75 119 247 4188 72 101 7579 1700 234 684 443 239 56343
leaf_count=9974 16057 3006 75 119 247 4188 72 101 7579 1700 234 684 443 239 56343
internal_value=1.29101e-05 0.000159428 0.00039413 5.39212e-05 -0.00101439 0.000350727 7.8906e-05 0.00208817 -3.2259e-05 -0.000165228 0.000389699 -7.27078e-06 0.000535456 -0.000271348 -1.70124e-05
internal_weight=101061 23865 7370 16495 366 7194 16129 176 77196 12147 1934 65049 1127 10213 63922
internal_count=101061 23865 7370 16495 366 7194 16129 176 77196 12147 1934 65049 1127 10213 63922
is_linear=0
shrinkage=0.02


Tree=168
num_leaves=13
num_cat=0
split_feature=27 26 20 30 19 11 21 25 11 25 19 19
split_gain=1.6099 0.861233 0.780466 1.37487 0.996435 0.622366 0.998179 1.08438 0.577811 0.521391 1.03244 0.524195
threshold=0.43599383073067283 0.10818713450292396 0.29166666666666669 3.9045454545454548 0.50986884820153244 0.19486022452124147 1.1055555555555558 1.0000000180025095e-35 0.51315789473684215 0.58571428571428574 0.21076774505070012 0.51119465329991653
decision_type=2 2 2 2 2 2 2 2 2 2 2 2
left_child=5 -2 3 -3 -4 9 7 -7 -8 11 -11 -1
right_child=1 2 4 -5 -6 6 8 -9 -10 10 -12 -13
leaf_value=-3.6806648297808862e-05 -0.0021145613039984849 0 2.2181449077347408e-05 -0.001560544508896517 0.00030087446981757332 -0.00064535908517884279 -0.0001326287793791071 0.00030504763668390126 -0.0018878803650538127 0.001446701633630936 8.3495513816055051e-05 -0.00017513858582412633
leaf_weight=48314 64 1513 8341 265 13682 508 3255 6926 76 237 3590 14290
leaf_count=48314 64 1513 8341 265 13682 508 3255 6926 76 237 3590 14290
internal_value=1.26598e-05 0.00015629 0.000162994 -0.000237352 0.000195788 -3.16167e-05 0.000109131 0.000238601 -0.000176786 -5.45776e-05 0.00017124 -6.85466e-05
internal_weight=101061 23865 23801 1778 22023 77196 10765 7434 3331 66431 3827 62604
internal_count=101061 23865 23801 1778 22023 77196 10765 7434 3331 66431 3827 62604
is_linear=0
shrinkage=0.02


Tree=169
num_leaves=13
num_cat=0
split_feature=22 24 23 31 31 5 7 3 30 22 24 6
split_gain=1.13511 0.948115 2.37824 2.15878 1.21611 1.07284 1.05372 0.896773 0.767063 0.408108 0.504395 0.274106
threshold=0.30384615384615393 0.70833333333333337 0.82623792270531415 4.0702439692982466 3.1088032716315115 3.354166666666667 1.7667919799498748 0.52198067632850254 1.0833333333333337 0.17156862745098037 0.55000000000000016 1.297058823529412
decision_type=2 2 2 2 2 2 2 2 2 2 2 2
left_child=8 4 3 -3 6 -4 -2 -6 -1 11 -11 -10
right_child=1 2 5 -5 7 -7 -8 -9 9 10 -12 -13
leaf_value=0.00043615406058891053 -0.00011646440295182935 0.00048059043840745864 -9.0698343855789658e-05 0.0031863336180283771 0.00049048921125570389 0.0019958963721990585 -0.0010232603309073842 2.936876059285387e-05 -0.0014118663274066549 -0.00047213509022657956 0.00034148991698921573 -0.00052287395841391516
leaf_weight=411 17301 4270 5829 121 1732 98 530 67959 282 1792 351 385
leaf_count=411 17301 4270 5829 121 1732 98 530 67959 282 1792 351 385
internal_value=1.23978e-05 2.46582e-05 0.000205981 0.000558844 3.16348e-06 -5.38493e-05 -0.00014409 4.0986e-05 -0.000356703 -0.000476453 -0.000334016 -0.000916775
internal_weight=101061 97840 10318 4391 87522 5927 17831 69691 3221 2810 2143 667
internal_count=101061 97840 10318 4391 87522 5927 17831 69691 3221 2810 2143 667
is_linear=0
shrinkage=0.02


Tree=170
num_leaves=14
num_cat=0
split_feature=30 23 7 32 37 37 3 25 19 3 35 30 29
split_gain=1.27834 1.42465 1.1289 1.64536 1.75217 1.20168 1.2584 1.0284 0.997058 0.593869 0.637449 0.56887 0.362147
threshold=3.0954545454545461 1.2296189632255208 2.2510504201680677 0.22500000000000003 39.500000000000007 7.5000000000000009 1.1601282051282054 1.0000000180025095e-35 0.54772256728778479 1.7596153846153848 0.069073953589243106 3.5477272727272733 2.4722222222222228
decision_type=2 2 2 2 2 2 2 2 2 2 2 2 2
left_child=1 9 5 4 -4 7 -7 -2 12 10 -1 -5 -3
right_child=2 8 3 11 -6 6 -8 -9 -10 -11 -12 -13 -14
leaf_value=-0.00019729163604578111 -0.00036346650954943667 -0.0015135065214765583 0.00019219871028691065 0.0010765782571755924 0.0011855149400625991 7.7198747261690377e-06 -0.00032145971616053448 0.00040563535645921181 -0.0025618093076252169 0.0015463691774536582 5.7933813639814502e-05 -0.001081463303565979 -0.00044093183059801998
leaf_weight=13102 801 161 2233 50 1063 67024 4986 4698 122 83 5505 373 868
leaf_count=13102 801 161 2233 50 1063 67024 4986 4698 122 83 5505 373 868
internal_value=-1.18889e-05 -0.000155864 2.31587e-05 0.000363497 0.000516112 6.69084e-06 -1.49421e-05 0.000291697 -0.000839529 -0.000113141 -0.000121246 -0.00079898 -0.000621059
internal_weight=101069 19841 81228 3719 3296 77509 72010 5499 1151 18690 18607 423 1029
internal_count=101069 19841 81228 3719 3296 77509 72010 5499 1151 18690 18607 423 1029
is_linear=0
shrinkage=0.02


Tree=171
num_leaves=11
num_cat=0
split_feature=27 3 19 4 27 25 21 5 14 5
split_gain=1.51801 1.469 0.980454 0.982934 0.937304 1.38492 1.01054 1.08664 0.997211 0.696351
threshold=0.32701294033069733 2.1000000000000005 0.78596059113300509 2.5500000000000003 1.5357142857142858 0.89444444444444449 0.2678571428571429 1.6458333333333337 0.77350427350427364 0.73214285714285732
decision_type=2 2 2 2 2 2 2 2 2 2
left_child=1 2 3 -1 6 -6 7 -2 -8 -4
right_child=4 -3 9 -5 5 -7 8 -9 -10 -11
leaf_value=-7.3884757725499911e-05 5.1407600451649002e-06 0.0028058063047272821 -0.0015486356371738872 -0.00037289715518273018 0.0041301143009747779 -0.0002291814320617252 4.5863053384948674e-05 -0.0013208160883036125 0.00033865553658104597 0.00061015774331548637
leaf_weight=47137 545 68 59 4876 54 52 41501 429 5262 1086
leaf_count=47137 545 68 59 4876 54 52 41501 429 5262 1086
internal_value=-1.16499e-05 -8.52193e-05 -8.92111e-05 -0.000102121 6.99883e-05 0.00193436 6.55581e-05 -0.000570143 7.90364e-05 0.000487694
internal_weight=101069 53226 53158 52013 47843 106 47737 974 46763 1145
internal_count=101069 53226 53158 52013 47843 106 47737 974 46763 1145
is_linear=0
shrinkage=0.02


Tree=172
num_leaves=16
num_cat=0
split_feature=31 7 32 14 3 35 31 6 3 4 35 17 10 1 30
split_gain=1.30921 1.24352 1.71966 1.28931 1.26964 1.19188 1.07184 0.826566 1.46212 1.36258 1.01298 0.91642 0.868601 0.726506 0.507893
threshold=3.0802298850574714 2.2510504201680677 0.22500000000000003 0.78759398496240618 1.1601282051282054 0.049099967855994804 4.2896643783371493 1.4472222222222224 0.66321160042964566 2.4500000000000006 0.07075176544203092 0.29285714285714287 0.15192307692307691 0.68333333333333346 3.5477272727272733
decision_type=2 2 2 2 2 2 2 2 2 2 2 2 2 2 2
left_child=7 4 3 -3 5 -2 -6 10 9 -9 13 -10 -12 -1 -4
right_child=1 2 14 -5 6 -7 -8 8 11 -11 12 -13 -14 -15 -16
leaf_value=-0.00019722425959191718 0.00010887069601579263 0.00020139738145818567 0.00077253175433725121 0.0010110483791498091 -0.00034243623713344623 -5.3412866134555004e-05 0.00090959615795545182 0.0011185953538785983 -0.0013389917087295779 -0.00099048524349927905 7.8660205625033896e-05 0 -0.0020897868355115256 -0.00053095813335395949 -0.0010841253184698482
leaf_weight=7608 36803 1968 62 1356 5487 35538 282 801 228 138 4311 1937 73 4105 372
leaf_count=7608 36803 1968 62 1356 5487 35538 282 801 228 138 4311 1937 73 4105 372
internal_value=-1.14112e-05 2.33434e-05 0.000378653 0.000535104 6.11155e-06 2.90103e-05 -0.000279208 -0.000160103 0.000136681 0.000796561 -0.000217963 -0.000145377 3.93359e-05 -0.000315111 -0.000793626
internal_weight=101069 81868 3758 3324 78110 72341 5769 19201 3104 939 16097 2165 4384 11713 434
internal_count=101069 81868 3758 3324 78110 72341 5769 19201 3104 939 16097 2165 4384 11713 434
is_linear=0
shrinkage=0.02


Tree=173
num_leaves=13
num_cat=0
split_feature=27 3 12 37 37 7 30 23 24 11 4 23
split_gain=1.4431 1.40537 0.917114 1.15334 1.16681 1.09368 2.26303 1.14764 1.08752 0.789884 0.917333 0.808362
threshold=0.32701294033069733 2.1000000000000005 1.1000000000000003 153.50000000000003 117.50000000000001 1.8310773733308945 3.5477272727272733 1.2076197387518144 0.36666666666666675 0.19367341835458868 2.2250000000000005 0.97570810385523221
decision_type=2 2 2 2 2 2 2 2 2 2 2 2
left_child=1 9 3 4 -2 7 -7 -4 -5 10 -1 -11
right_child=2 -3 5 8 -6 6 -8 -9 -10 11 -12 -13
leaf_value=-8.3645323642584456e-05 1.1253005342001549e-05 0.0027447267941066197 -0.00010673114146594619 0.00057052253065882511 0.00033061183046099551 -0.00072896915364127624 0.0010509239662805983 0.001449715441181546 -0.0022724970955790187 0.00036096562776521105 -0.00036873375252254818 -9.7038604902517197e-05
leaf_weight=41949 38444 68 1900 72 5205 344 1509 208 161 3002 5093 3114
leaf_count=41949 38444 68 1900 72 5205 344 1509 208 161 3002 5093 3114
internal_value=-1.11853e-05 -8.29188e-05 6.84103e-05 4.1836e-05 4.9578e-05 0.000360121 0.000714675 4.33354e-05 -0.00135404 -8.68272e-05 -0.000114737 0.00012618
internal_weight=101069 53226 47843 43882 43649 3961 1853 2108 233 53158 47042 6116
internal_count=101069 53226 47843 43882 43649 3961 1853 2108 233 53158 47042 6116
is_linear=0
shrinkage=0.02


Tree=174
num_leaves=13
num_cat=0
split_feature=31 36 35 5 7 26 25 21 6 7 35 31
split_gain=1.24295 1.32802 1.37671 1.39698 1.06126 1.05816 1.01445 0.968237 0.905176 1.20819 1.05091 0.39094
threshold=3.0802298850574714 1.0000000180025095e-35 0.050179856115107911 2.8166666666666669 4.041666666666667 0.15587044534412953 0.68333333333333346 1.4142857142857144 1.4472222222222224 1.0751344086021508 0.07075176544203092 2.7784237726098193
decision_type=2 2 2 2 2 2 2 2 2 2 2 2
left_child=7 2 3 -2 5 -3 -4 8 10 -10 -1 -9
right_child=1 4 6 -5 -6 -7 -8 11 9 -11 -12 -13
leaf_value=-0.00029496926674230187 2.6314096254052467e-05 -0.00011222226999476718 -0.00022129155529942394 0.00096377114439807757 0.002745771960156863 0.00014819724020764965 0.00026185510522493615 -0.00023371505431639842 0.00087649262580738604 -4.5207936150023091e-05 6.9957719314037338e-05 -0.0015944759245119788
leaf_weight=11486 20083 7637 18276 656 59 33256 1901 154 751 2255 4296 259
leaf_count=11486 20083 7637 18276 656 59 33256 1901 154 751 2255 4296 259
internal_value=-1.09565e-05 2.29045e-05 -5.75242e-05 5.65392e-05 0.000103506 9.93148e-05 -0.000175254 -0.000155839 -0.000134112 0.000182169 -0.000195003 -0.00111474
internal_weight=101069 81868 40916 20739 40952 40893 20177 19201 18788 3006 15782 413
internal_count=101069 81868 40916 20739 40952 40893 20177 19201 18788 3006 15782 413
is_linear=0
shrinkage=0.02


Tree=175
num_leaves=16
num_cat=0
split_feature=27 11 30 18 19 33 27 32 1 25 19 24 5 28 19
split_gain=1.76476 1.3691 1.10526 2.82715 1.00717 1.23326 0.923948 0.749849 1.12911 0.952934 0.939782 0.875327 0.854365 0.720403 0.611528
threshold=0.51526806526806535 0.33436853002070394 4.0954545454545466 0.59411764705882364 0.99425287356321845 1.0000000180025095e-35 0.83486703250316596 0.36666666666666675 0.86607142857142871 0.89444444444444449 0.62867965367965384 0.29166666666666669 0.31666666666666671 2.7083333333333335 1.0061728395061731
decision_type=2 2 2 2 2 2 2 2 2 2 2 2 2 2 2
left_child=7 2 14 -4 6 -6 -3 11 10 -10 -9 13 -13 -1 -2
right_child=1 4 3 -5 5 -7 -8 8 9 -11 -12 12 -14 -15 -16
leaf_value=-0.00025603397078714573 0.00013985378212457453 0.0015365754782705379 0.0029284886524081235 -0.00011276392841655946 -0.0014401688354986686 0.0014798702120780946 -0.0010326064521806282 -3.2273798698178098e-05 -0.00046527789548441589 0.0022292820249612518 0.0011753912570126636 -0.00072519119660881238 8.1351992427372325e-05 -3.4896976734565243e-05 -0.0010261746549474599
leaf_weight=6872 11319 663 198 299 133 98 55 2035 4185 50 291 530 31900 42640 179
leaf_count=6872 11319 663 198 299 133 98 55 2035 4185 50 291 530 31900 42640 179
internal_value=2.40237e-06 0.000220596 0.000161649 0.00108568 0.000953237 -0.000156377 0.00132356 -2.94007e-05 -0.000235189 -0.000430067 0.000115399 -1.27961e-05 6.78185e-05 -6.58007e-05 0.000120656
internal_weight=101447 12944 11995 497 949 231 718 88503 6561 4235 2326 81942 32430 49512 11498
internal_count=101447 12944 11995 497 949 231 718 88503 6561 4235 2326 81942 32430 49512 11498
is_linear=0
shrinkage=0.02


Tree=176
num_leaves=16
num_cat=0
split_feature=25 37 19 29 14 18 2 31 11 6 15 32 5 28 25
split_gain=1.40143 1.4286 2.37091 1.27659 1.12747 1.12671 1.46025 1.30765 1.07148 1.11892 1.38937 1.02545 1.19034 0.743524 0.38936
threshold=0.61250000000000016 77.500000000000014 0.69255907491201618 3.4722222222222228 0.44722222222222224 0.37980769230769235 0.63961038961038974 3.5690356041491458 0.29181873479318737 1.7182539682539686 0.62867965367965384 0.22500000000000003 1.5634920634920637 2.5500000000000003 0.21111111111111114
decision_type=2 2 2 2 2 2 2 2 2 2 2 2 2 2 2
left_child=8 5 3 -3 -4 7 -7 -2 11 14 -11 13 -13 -1 -10
right_child=1 2 4 -5 -6 6 -8 -9 9 10 -12 12 -14 -15 -16
leaf_value=-0.00021131749038594472 0.0010874413075536451 -0.00019226947346945311 0.0038078471307050098 0.00070301278078806022 0.0012838813807297391 -0.0012353699293100474 2.9808072292286415e-05 -0.00058115578114741138 0.00018592724110931159 0.0017537737932316092 0.00035976546594373104 -2.9501978566110445e-05 -0.00057307875892861882 3.6822188347122717e-06 -0.00065694787681607868
leaf_weight=7023 745 1155 86 1381 595 394 4506 241 382 342 1939 3649 2944 75595 470
leaf_count=7023 745 1155 86 1381 595 394 4506 241 382 342 1939 3649 2944 75595 470
internal_value=2.35017e-06 0.00023917 0.000578247 0.000291494 0.00162748 5.20153e-05 -7.03451e-05 0.000669127 -2.08912e-05 0.000342239 0.000574509 -3.37635e-05 -0.000273844 -1.44776e-05 -0.000267779
internal_weight=101447 9103 3217 2536 681 5886 4900 986 92344 3133 2281 89211 6593 82618 852
internal_count=101447 9103 3217 2536 681 5886 4900 986 92344 3133 2281 89211 6593 82618 852
is_linear=0
shrinkage=0.02


Tree=177
num_leaves=13
num_cat=0
split_feature=27 37 26 35 31 35 8 20 37 35 3 28
split_gain=1.66052 1.99713 1.53175 1.42992 1.54905 1.30601 1.30051 2.30919 1.05657 0.944038 1.16388 1.13472
threshold=0.51526806526806535 91.500000000000014 0.84807692307692317 0.15410428497676817 3.9477936404931864 0.011696306429548501 0.55000000000000016 0.90000000000000013 94.500000000000014 0.052015692640692605 0.52198067632850254 2.7083333333333335
decision_type=2 2 2 2 2 2 2 2 2 2 2 2
left_child=2 3 9 5 -5 -2 8 -8 -3 11 -11 -1
right_child=1 6 -4 4 -6 -7 7 -9 -10 10 -12 -13
leaf_value=-0.00020409377577499502 -6.2594560764295639e-05 0.0022032355335918634 0.0024440794646739959 -0.0006434233229089877 0.0011010985983454663 0.00043025960993364103 0 0.0037028932770093283 0.0004321436174562044 0.00042500336796550428 -0.00012546536107389917 6.8437118706305401e-05
leaf_weight=7163 4012 146 98 1589 228 4557 126 148 2138 1591 38452 41199
leaf_count=7163 4012 146 98 1589 228 4557 126 148 2138 1591 38452 41199
internal_value=2.30739e-06 0.000213961 -2.85392e-05 8.95134e-05 -0.00041805 0.000198378 0.000714874 0.00202613 0.00055156 -3.14485e-05 -0.000103324 2.78584e-05
internal_weight=101447 12944 88503 10386 1817 8569 2558 274 2284 88405 40043 48362
internal_count=101447 12944 88503 10386 1817 8569 2558 274 2284 88405 40043 48362
is_linear=0
shrinkage=0.02


Tree=178
num_leaves=16
num_cat=0
split_feature=24 7 7 23 33 8 23 19 23 3 2 22 0 3 30
split_gain=0.928751 0.980089 1.144 0.904469 1.47278 1.09938 0.917935 0.855762 1.21525 1.00718 0.777445 0.773266 0.634735 0.715909 0.52445
threshold=0.36666666666666675 2.2510504201680677 2.1003355704697992 0.65123929008567949 1.0000000180025095e-35 1.0000000180025095e-35 0.63053270661966321 0.99425287356321845 0.33469945355191261 1.504385964912281 0.97500000000000009 1.297058823529412 0.29166666666666669 0.267479674796748 2.6282894736842111
decision_type=2 2 2 2 2 2 2 2 2 2 2 2 2 2 2
left_child=3 2 10 4 6 -6 -1 8 -3 -9 -2 -4 14 -14 -5
right_child=1 7 11 12 5 -7 -8 9 -10 -11 -12 -13 13 -15 -16
leaf_value=2.7520060862286559e-05 4.0265578574391523e-06 -0.0018338534399254681 -0.00067802724801591531 -0.00077145058388845443 -0.00063084975212696764 -7.4138495058399962e-06 -0.00072601396335022789 -0.00083232813848639446 0.00076391830633246844 0.00099772774662290294 0.00018507686843675065 0.00079465514806009111 0.0010843059147496623 1.1812234172487245e-05 -0.0001386012399929952
leaf_weight=8301 28425 71 1266 667 3863 1646 698 369 1828 173 14327 153 249 36682 2729
leaf_count=8301 28425 71 1266 667 3863 1646 698 369 1828 173 14327 153 249 36682 2729
internal_value=2.27176e-06 6.80004e-05 4.61789e-05 -5.34184e-05 -0.000188847 -0.000446462 -2.99645e-05 0.000458415 0.000659705 -0.000228293 6.49396e-05 -0.000511307 -4.44196e-06 1.93724e-05 -0.000266221
internal_weight=101447 46612 44171 54835 14508 5509 8999 2441 1899 542 42752 1419 40327 36931 3396
internal_count=101447 46612 44171 54835 14508 5509 8999 2441 1899 542 42752 1419 40327 36931 3396
is_linear=0
shrinkage=0.02


Tree=179
num_leaves=13
num_cat=0
split_feature=27 37 26 35 31 35 37 12 35 30 7 21
split_gain=1.57633 1.90951 1.47001 1.36873 1.48774 1.25335 1.1581 1.20503 0.898937 0.902149 0.844044 0.7069
threshold=0.51526806526806535 91.500000000000014 0.84807692307692317 0.15410428497676817 3.9477936404931864 0.011696306429548501 95.500000000000014 0.77500000000000013 0.052015692640692605 3.0954545454545461 0.50581395348837221 0.89444444444444449
decision_type=2 2 2 2 2 2 2 2 2 2 2 2
left_child=2 3 8 5 -5 -2 11 -8 9 -1 -10 -3
right_child=1 6 -4 4 -6 -7 7 -9 10 -11 -12 -13
leaf_value=-0.00012412871059078398 -6.2355084774443089e-05 0.00068565258226896593 0.0023944259911775588 -0.0006307671406896964 0.0010786373965118244 0.00042043223555450455 0.00023092116987735956 0.0011969969021724735 0.00073009528064479424 7.6560056167615547e-05 -0.00011114732657235829 0.0032139253410799753
leaf_weight=11847 4012 93 98 1589 228 4557 1550 801 478 36515 39565 114
leaf_count=11847 4012 93 98 1589 228 4557 1550 801 478 36515 39565 114
internal_value=2.22366e-06 0.000208445 -2.78282e-05 8.67341e-05 -0.000409821 0.000193263 0.000698254 0.000565057 -3.06806e-05 2.71885e-05 -0.00010082 0.00214331
internal_weight=101447 12944 88503 10386 1817 8569 2558 2351 88405 48362 40043 207
internal_count=101447 12944 88503 10386 1817 8569 2558 2351 88405 48362 40043 207
is_linear=0
shrinkage=0.02


Tree=180
num_leaves=14
num_cat=0
split_feature=4 27 31 14 35 35 22 21 30 16 11 30 27
split_gain=1.2543 1.04203 1.42582 1.11598 1.0629 0.88171 0.869233 0.692622 0.889631 0.747509 0.728161 0.564812 0.473652
threshold=0.29166666666666669 0.43403539564136323 4.2896643783371493 1.1770833333333337 0.17099640125955912 0.053631351869606859 0.24264705882352941 0.78888888888888908 2.6282894736842111 1.0000000180025095e-35 0.19486022452124147 1.9045454545454545 0.83486703250316596
decision_type=2 2 2 2 2 2 2 2 2 2 2 2 2
left_child=7 3 6 5 -5 -2 -3 10 11 -10 12 -9 -1
right_child=1 2 -4 4 -6 -7 -8 8 9 -11 -12 -13 -14
leaf_value=-0.00010815908589121835 4.8484827688587907e-05 -0.0013200023439195422 0.0025333377569913863 0.001690005567125095 -0.00092820441325505568 -9.2484248726232824e-05 0.00014459223915270014 0.00063832216105371158 -0.00063011984281400408 -1.8441999811686143e-06 0.0022413980907627514 -0.0014326169861464942 0.0018142585399059149
leaf_weight=2429 39098 160 98 277 73 32445 22830 51 1502 1591 54 474 50
leaf_count=2429 39098 160 98 277 73 32445 22830 51 1502 1591 54 474 50
internal_value=9.74778e-06 2.77696e-05 0.000144687 -9.64161e-06 0.00111334 -1.53062e-05 0.00013385 -0.00026683 -0.000444401 -0.000310384 -9.10256e-06 -0.00121081 -6.39231e-05
internal_weight=101132 94981 23088 71893 350 71543 22990 6151 3618 3093 2533 525 2479
internal_count=101132 94981 23088 71893 350 71543 22990 6151 3618 3093 2533 525 2479
is_linear=0
shrinkage=0.02


Tree=181
num_leaves=14
num_cat=0
split_feature=27 14 35 1 3 6 11 35 35 22 19 3 17
split_gain=1.08983 1.07957 1.00667 0.8918 0.883543 2.01926 1.13161 0.734022 1.2895 1.14818 0.73153 0.272622 0.25059
threshold=0.43403539564136323 1.1770833333333337 0.17099640125955912 0.29285714285714287 0.5317802316186373 1.341666666666667 0.031373031496062957 0.053631351869606859 0.077171215880893262 1.2696969696969698 0.56014184397163136 0.57197382769901861 0.31666666666666671
decision_type=2 2 2 2 2 2 2 2 2 2 2 2 2
left_child=1 7 10 11 5 -5 -6 9 -9 -1 -3 12 -2
right_child=3 2 -4 4 6 -7 -8 8 -10 -11 -12 -13 -14
leaf_value=-5.9557658495440381e-06 -0.0007178939137380448 0.00030358467983384419 -0.00091013541618982952 0.00019793063154739649 -0.00031506001762210525 0.0019910696443326461 0.00015851765133877634 -0.00032442049678960735 -3.3242664338797886e-05 0.00039422841268835717 0.0024992972756877094 4.7648270079430119e-06 -0.0022436309502356583
leaf_weight=39330 211 115 73 1082 2228 332 20212 7965 26171 3088 163 92 70
leaf_count=39330 211 115 73 1082 2228 332 20212 7965 26171 3088 163 92 70
internal_value=9.55267e-06 -2.71908e-05 0.00107548 0.000126595 0.000142156 0.00062823 0.000111028 -3.24051e-05 -0.000101492 2.29588e-05 0.00163537 -0.000837347 -0.00114648
internal_weight=101132 76905 351 24227 23854 1414 22440 76554 34136 42418 278 373 281
internal_count=101132 76905 351 24227 23854 1414 22440 76554 34136 42418 278 373 281
is_linear=0
shrinkage=0.02


Tree=182
num_leaves=13
num_cat=0
split_feature=24 26 12 37 11 0 16 1 27 3 10 37
split_gain=1.05622 1.29438 0.962943 0.986495 1.12138 0.909944 0.749595 1.23992 0.877065 0.61331 0.488432 0.451922
threshold=1.0000000180025095e-35 0.65833333333333344 1.1000000000000003 5.5000000000000009 0.21222498962224987 2.1000000000000005 1.2250000000000003 1.5857142857142861 0.43403539564136323 1.2642183288409705 0.19375000000000003 77.500000000000014
decision_type=2 2 2 2 2 2 2 2 2 2 2 2
left_child=1 5 6 10 -5 9 8 -8 -2 -1 -4 -7
right_child=2 -3 3 4 -6 11 7 -9 -10 -11 -12 -13
leaf_value=-0.0001275734361510555 -1.193055364976786e-05 -0.0031487262461866649 0.00012784781979351508 0.00013853094825779435 0.00074333949341457719 0.0026699621762548177 -0.00087992181232720819 0.0012362286190348347 0.00014371438785814041 0.00041097415932293596 -0.0014274300666231861 9.6712513048140719e-05
leaf_weight=23148 50063 54 121 3423 1958 68 737 125 20320 868 188 59
leaf_count=23148 50063 54 121 3423 1958 68 737 125 20320 868 188 59
internal_value=9.36003e-06 -0.000105761 4.56988e-05 0.000296192 0.000360656 -9.82804e-05 2.55449e-05 -0.00055933 3.28658e-05 -0.00010766 -0.000789345 0.00157207
internal_weight=101132 24197 76935 5690 5381 24143 71245 862 70383 24016 309 127
internal_count=101132 24197 76935 5690 5381 24143 71245 862 70383 24016 309 127
is_linear=0
shrinkage=0.02


Tree=183
num_leaves=15
num_cat=0
split_feature=4 24 7 11 2 25 37 21 31 37 11 21 24 27
split_gain=1.19253 0.967355 0.944476 1.25409 0.82503 0.778938 1.00582 0.669887 0.749488 0.958332 0.698406 0.635455 0.633815 0.458486
threshold=0.29166666666666669 1.0000000180025095e-35 0.77859477124183019 0.062718531468531472 0.94868421052631591 0.41428571428571431 88.500000000000014 0.78888888888888908 3.1266714209306472 6.5000000000000009 0.19486022452124147 0.31666666666666671 1.0000000180025095e-35 0.83486703250316596
decision_type=2 2 2 2 2 2 2 2 2 2 2 2 2 2
left_child=7 5 4 -4 -3 11 -7 10 12 -10 13 -2 -9 -1
right_child=1 2 3 -5 -6 6 -8 8 9 -11 -12 -13 -14 -15
leaf_value=-0.00010435854803873452 -0.00045184845027393118 0.00024793120420736213 -0.00013488385836249204 8.4524073658372878e-05 0.0011473183913897444 -0.0015205732924051774 0.00074244467296985669 -0.0001698861279942858 0.0011932066312203041 -0.00031837985504060113 0.0021970952621528082 -4.0729852411497943e-05 -0.0010617850221751723 0.0017871365123070205
leaf_weight=2429 1634 4013 12792 55646 463 310 97 506 180 1910 54 20026 1022 50
leaf_count=2429 1634 4013 12792 55646 463 310 97 506 180 1910 54 20026 1022 50
internal_value=9.17678e-06 2.67517e-05 6.19458e-05 4.33649e-05 0.000343668 -8.90787e-05 -0.000955787 -0.000260503 -0.000435124 -0.000182399 -6.99298e-06 -7.22446e-05 -0.000773575 -6.07676e-05
internal_weight=101132 94981 72914 68438 4476 22067 407 6151 3618 2090 2533 21660 1528 2479
internal_count=101132 94981 72914 68438 4476 22067 407 6151 3618 2090 2533 21660 1528 2479
is_linear=0
shrinkage=0.02


Tree=184
num_leaves=15
num_cat=0
split_feature=4 14 7 11 17 12 28 6 15 29 29 7 0 29
split_gain=1.14511 0.73834 0.708848 0.937435 0.719478 0.653086 0.91999 0.578306 1.43331 0.627964 0.574859 0.519818 0.456272 0.455672
threshold=0.29166666666666669 1.2287581699346408 0.25657894736842107 0.080145985401459854 0.29285714285714287 1.7083333333333337 3.5500000000000003 1.3944444444444446 0.48161665314949986 3.683333333333334 1.267857142857143 1.3627884782231476 1.7083333333333337 3.9500000000000006
decision_type=2 2 2 2 2 2 2 2 2 2 2 2 2 2
left_child=7 2 4 -4 -2 6 -3 10 9 -9 -1 -12 -7 -10
right_child=1 5 3 -5 -6 12 -8 8 13 -11 11 -13 -14 -15
leaf_value=0.00036170447521187643 -0.00018389072395482307 -0.0012580839150092183 -7.7606630156327376e-05 5.8582792552088325e-05 0.00074091238228495048 0.0028704920411109923 0.0010092481108088243 0.00049250826411522352 -0.00028092355270620804 0.0022896125455071606 -0.00047027896164879724 0.00010916433723113927 0.00034498452146848038 -0.0022836093730845696
leaf_weight=430 470 100 29661 63324 1056 86 226 258 282 125 4308 691 58 57
leaf_count=430 470 100 29661 63324 1056 86 226 258 282 125 4308 691 58 57
internal_value=8.99071e-06 2.62146e-05 2.21648e-05 1.50319e-05 0.000449665 0.000815861 0.000279829 -0.00025527 0.000268395 0.00111385 -0.000326827 -0.000388173 0.00194043 -0.000658402
internal_weight=101132 94981 94511 92985 1526 470 326 6151 722 383 5429 4999 144 339
internal_count=101132 94981 94511 92985 1526 470 326 6151 722 383 5429 4999 144 339
is_linear=0
shrinkage=0.02


Tree=185
num_leaves=16
num_cat=0
split_feature=31 1 15 30 26 23 3 22 31 35 17 2 26 22 27
split_gain=1.07658 1.0101 1.09762 0.876199 1.82162 0.794389 0.743989 0.72187 2.00628 1.07036 0.914846 0.85423 0.862042 0.768961 0.469486
threshold=3.9169540229885063 1.6833333333333336 0.5521610696517415 3.8441295546558711 0.38675213675213677 0.60063291139240516 1.6120071684587816 1.1937500000000003 3.7224014336917564 0.10480030721966201 0.5634920634920636 1.151923076923077 0.84807692307692317 1.1143790849673205 0.31273854961832065
decision_type=2 2 2 2 2 2 2 2 2 2 2 2 2 2 2
left_child=7 3 14 4 -2 -4 -5 11 9 -9 -10 13 -13 -1 -3
right_child=1 2 5 6 -6 -7 -8 8 10 -11 -12 12 -14 -15 -16
leaf_value=-2.7454256953612327e-05 3.2591496135147526e-05 -0.00094998809322714803 -0.0016448663625606272 8.5268809627628013e-05 0.0011140113086031194 0.00054465663453843126 0.001701451401258337 5.6263424660672471e-05 0.0007804960756754094 -0.00047598882175656085 0.00013027267545741929 -0.00030167960654256168 0.0010285817971689448 -0.00034629159405752641 -0.0029952635888646291
leaf_weight=64448 1418 158 84 10494 1138 285 114 6445 2012 1964 1593 7443 195 3182 80
leaf_count=64448 1418 158 84 10494 1138 285 114 6445 2012 1964 1593 7443 195 3182 80
internal_value=-1.63565e-05 0.000147815 -0.000644913 0.00018522 0.000518473 1.30942e-05 0.000103897 -4.23761e-05 0.000101252 -6.69437e-05 0.000496175 -6.54363e-05 -0.000266148 -4.26132e-05 -0.00169837
internal_weight=101053 13771 607 13164 2556 369 10608 87282 12014 8409 3605 75268 7638 67630 238
internal_count=101053 13771 607 13164 2556 369 10608 87282 12014 8409 3605 75268 7638 67630 238
is_linear=0
shrinkage=0.02


Tree=186
num_leaves=13
num_cat=0
split_feature=11 27 27 31 2 28 2 31 34 7 18 27
split_gain=1.12581 0.933059 0.798701 1.59862 1.42065 1.17636 0.785435 1.41444 0.924258 0.764943 1.40316 0.940088
threshold=0.10033557046979867 1.5357142857142858 0.66563146997929612 3.3003759398496242 0.84807692307692317 3.2250000000000005 1.1558704453441295 3.8111499611499613 0.19375000000000003 0.77859477124183019 0.67543859649122817 0.8006849315068495
decision_type=2 2 2 2 2 2 2 2 2 2 2 2
left_child=1 9 6 5 -5 -4 8 -8 -2 10 -1 -11
right_child=2 -3 3 4 -6 -7 7 -9 -10 11 -12 -13
leaf_value=3.0456803043303754e-05 2.7022201429129242e-05 0.0019854499122431112 -5.0681815100121437e-05 0.0012744385623014889 0.0002415225193851369 -0.0022912689976226121 -0.00046330896482758323 6.2014582384677355e-05 0.00032063568188118812 -0.00012341310106893112 0.0016126462784938481 -0.0010589951719051083
leaf_weight=8372 39705 84 351 778 1792 131 3443 4996 4823 35913 229 436
leaf_count=8372 39705 84 351 778 1792 131 3443 4996 4823 35913 229 436
internal_value=-1.60239e-05 -9.05477e-05 4.37088e-05 0.000358456 0.000558847 -0.000687251 2.53712e-05 -0.000151185 5.90622e-05 -9.47378e-05 7.41098e-05 -0.000134968
internal_weight=101053 45034 56019 3052 2570 482 52967 8439 44528 44950 8601 36349
internal_count=101053 45034 56019 3052 2570 482 52967 8439 44528 44950 8601 36349
is_linear=0
shrinkage=0.02


Tree=187
num_leaves=16
num_cat=0
split_feature=11 10 24 31 23 3 18 7 18 17 7 31 11 17 17
split_gain=1.08111 1.14115 0.788859 1.51966 1.11758 1.08099 0.983072 1.22357 0.734427 0.602719 0.957942 0.849468 0.552687 0.727001 0.463474
threshold=0.10033557046979867 0.18465909090909091 0.55000000000000016 3.9169540229885063 0.97231800766283538 1.1433239962651729 0.85357142857142865 1.687721631205674 0.71825396825396837 0.21111111111111114 0.25657894736842107 3.3774547554871011 0.066890380313199063 0.68333333333333346 0.68333333333333346
decision_type=2 2 2 2 2 2 2 2 2 2 2 2 2 2 2
left_child=1 9 6 4 -4 -5 8 -8 -2 11 -11 -1 14 -14 -3
right_child=2 12 3 5 -6 -7 7 -9 -10 10 -12 -13 13 -15 -16
leaf_value=-0.00010703773481839177 -1.1615399102981093e-05 0.00044648511120767311 0.00024723764451500639 0.001043900569119761 -0.00011786651259530053 7.1285118984832369e-05 0.00086381193197948829 -0.00076096995639414922 0.00029302588803250932 0.00043958658151176214 -0.00017937568768509659 0.00023556982182938724 0.00047060740711959265 -0.00083535060802331334 0.0014856865188250176
leaf_weight=8923 35531 658 7648 1238 5928 761 211 1233 3469 1025 29139 4281 492 258 258
leaf_count=8923 35531 658 7648 1238 5928 761 211 1233 3469 1025 29139 4281 492 258 258
internal_value=-1.56949e-05 -8.87257e-05 4.28376e-05 0.000163783 8.70835e-05 0.000679074 -3.49708e-06 -0.000515772 1.52393e-05 -0.000108649 -0.000157984 3.30409e-06 0.00042341 7.03311e-06 0.000752678
internal_weight=101053 45034 56019 15575 13576 1999 40444 1444 39000 43368 30164 13204 1666 750 916
internal_count=101053 45034 56019 15575 13576 1999 40444 1444 39000 43368 30164 13204 1666 750 916
is_linear=0
shrinkage=0.02


Tree=188
num_leaves=13
num_cat=0
split_feature=31 27 31 28 3 27 25 28 27 14 15 14
split_gain=1.0544 1.37972 0.84981 1.15945 1.59262 1.32471 0.797006 1.16589 0.862347 0.663779 1.54857 0.600721
threshold=4.2896643783371493 0.49603149606299218 3.4566073262581312 3.4500000000000006 0.81787469287469305 0.92390405293631106 1.0500000000000003 2.4500000000000006 1.5357142857142858 0.52786377708978338 0.59788211564320937 0.58114035087719318
decision_type=2 2 2 2 2 2 2 2 2 2 2 2
left_child=2 9 6 4 -4 -5 8 -8 -1 10 -2 -11
right_child=1 -3 3 5 -6 -7 7 -9 -10 11 -12 -13
leaf_value=-8.8595020402855879e-05 0.00026698063137710738 0.0028780855975969874 0.00055614864924451808 -1.7496682579528123e-05 6.4122674761960791e-05 -0.0017872249238631305 0.0012984910836586585 -0.0020075926344881776 0.0022661344851216962 -0.0015852966872935601 0.0030810827421910553 0.0001861738673476286
leaf_weight=40941 370 97 3456 43872 11277 168 50 184 60 92 101 385
leaf_count=40941 370 97 3456 43872 11277 168 50 184 60 92 101 385
internal_value=-1.53697e-05 0.000615693 -2.20759e-05 2.66257e-05 0.000180278 -2.45556e-05 -9.17316e-05 -0.00125377 -8.47949e-05 0.000368105 0.000902047 -0.000139809
internal_weight=101053 1045 100008 58773 14733 44040 41235 234 41001 948 471 477
internal_count=101053 1045 100008 58773 14733 44040 41235 234 41001 948 471 477
is_linear=0
shrinkage=0.02


Tree=189
num_leaves=14
num_cat=0
split_feature=11 10 30 19 27 31 37 37 14 17 26 2 29
split_gain=1.03024 1.09546 1.24782 0.853689 0.773472 1.57487 0.781269 0.666266 0.742827 0.644011 0.644004 0.642659 0.230796
threshold=0.10033557046979867 0.18465909090909091 3.9750000000000005 0.14389233954451344 0.66563146997929612 3.3003759398496242 157.50000000000003 52.500000000000007 0.94590643274853814 0.58571428571428574 0.3550420168067227 0.59411764705882364 3.0500000000000003
decision_type=2 2 2 2 2 2 2 2 2 2 2 2 2
left_child=1 7 10 12 6 -6 -5 8 -1 -4 -3 -9 -2
right_child=3 2 9 4 5 -7 -8 11 -10 -11 -12 -13 -14
leaf_value=-3.8752582018647061e-05 0.00058701376869993395 0.00033334059000545666 0.00023306275915911816 2.3344308437028782e-05 -0.00069094939138084717 0.00054701853584075233 -0.0021525847956989754 0.00011553790048493797 -0.0013787560147082733 -0.0016174007443167408 0.0012608546636677376 -0.00026210630729526444 0.0028277443183792961
leaf_weight=27766 51 897 125 52801 481 2570 64 2042 165 159 485 13395 52
leaf_count=27766 51 897 125 52801 481 2570 64 2042 165 159 485 13395 52
internal_value=-1.50523e-05 -8.63466e-05 0.000415412 4.20841e-05 3.85168e-05 0.000348249 2.04396e-05 -0.000105871 -4.71247e-05 -0.000772037 0.00066742 -0.000211495 0.00184581
internal_weight=101053 45034 1666 56019 55916 3051 52865 43368 27931 284 1382 15437 103
internal_count=101053 45034 1666 56019 55916 3051 52865 43368 27931 284 1382 15437 103
is_linear=0
shrinkage=0.02


Tree=190
num_leaves=16
num_cat=0
split_feature=27 23 27 18 17 10 13 18 19 27 12 3 12 17 23
split_gain=1.51402 1.06134 1.18245 2.22977 1.09656 1.33144 1.05956 1.02641 0.731222 0.908441 1.21918 0.989729 0.785841 1.01179 0.368966
threshold=0.66770833333333346 0.79553749170537502 0.92390405293631106 0.74342105263157909 0.41428571428571431 1.0000000180025095e-35 0.18333333333333332 0.8973684210526317 0.20119047619047617 0.32701294033069733 1.3666666666666669 0.84342587742273456 0.70833333333333337 0.78888888888888908 1.3321596244131457
decision_type=2 2 2 2 2 2 2 2 2 2 2 2 2 2 2
left_child=8 4 6 -4 5 -2 -3 -6 12 11 -11 -10 13 -1 -14
right_child=1 2 3 -5 7 -7 -8 -9 9 10 -12 -13 14 -15 -16
leaf_value=0.00020143731789335346 -3.9726810918437494e-05 -0.001157600750171003 -4.5014181000701453e-05 -0.0031646376051779452 0.00015637412593579318 0.002213939722966064 0.00049128303981352955 0.0018087234302778929 3.1116158596468943e-06 5.940443550088967e-06 0.00052996976016670143 -0.00018062930938709599 -0.00070612399798975758 0.0024768579341471193 0.00076629835698339673
leaf_weight=6805 137 166 470 114 1009 350 1767 179 21097 40342 1858 26105 535 78 70
leaf_count=6805 137 166 470 114 1009 350 1767 179 21097 40342 1858 26105 535 78 70
internal_value=-5.77538e-06 0.000366122 0.00010173 -0.000679769 0.000756862 0.00156193 0.000343464 0.000416364 -2.19762e-05 -3.79696e-05 2.92736e-05 -9.82975e-05 0.000167599 0.000229387 -0.000517323
internal_weight=101082 4192 2517 584 1675 487 1933 1188 96890 89402 42200 47202 7488 6883 605
internal_count=101082 4192 2517 584 1675 487 1933 1188 96890 89402 42200 47202 7488 6883 605
is_linear=0
shrinkage=0.02


Tree=191
num_leaves=16
num_cat=0
split_feature=27 37 19 14 26 22 37 19 27 37 3 12 30 3 37
split_gain=1.45364 1.54847 1.28725 1.49037 1.22548 1.10284 0.870039 0.702526 0.87252 1.35105 0.950635 0.754299 0.859439 0.668063 0.421133
threshold=0.66770833333333346 73.500000000000014 0.54575358851674649 0.97500000000000009 0.97500000000000009 0.54772727272727284 68.500000000000014 0.20119047619047617 0.32701294033069733 59.500000000000007 0.84342587742273456 0.70833333333333337 4.1026315789473697 0.87543103448275872 9.5000000000000018
decision_type=2 2 2 2 2 2 2 2 2 2 2 2 2 2 2
left_child=7 4 13 -4 6 -6 -2 11 10 -10 -9 12 -1 -3 -13
right_child=1 2 3 -5 5 -7 -8 8 9 -11 -12 14 -14 -15 -16
leaf_value=0.00019325069699930856 0.00034629379186713904 -0.0018197731693069658 0.0019181674967209497 -0.0011293392466462176 0.0007481573366870482 -0.0017528468930044551 -0.0022163584603453581 3.0493898492632582e-06 -8.8230145893685778e-05 0.00013810801563884578 -0.00017701699983892362 -0.00017460928380227925 0.001905113704933608 0.0010183023302643387 -0.0014242519886275523
leaf_weight=6764 3076 75 550 67 94 227 51 21097 20356 21844 26105 454 119 52 151
leaf_count=6764 3076 75 550 67 94 227 51 21097 20356 21844 26105 454 119 52 151
internal_value=-5.64865e-06 0.000358754 0.00118736 0.0015685 0.000176477 -0.000989408 0.000299912 -2.1525e-05 -3.72033e-05 2.86934e-05 -9.63275e-05 0.000164288 0.000224844 -0.000582436 -0.000506643
internal_weight=101082 4192 744 617 3448 321 3127 96890 89402 42200 47202 7488 6883 127 605
internal_count=101082 4192 744 617 3448 321 3127 96890 89402 42200 47202 7488 6883 127 605
is_linear=0
shrinkage=0.02


Tree=192
num_leaves=15
num_cat=0
split_feature=27 37 23 34 14 11 24 23 15 2 15 15 15 27
split_gain=1.3955 1.48626 1.50086 1.14687 1.14106 1.31993 0.914587 0.6659 1.08379 1.22643 0.911259 0.802378 1.73825 1.13007
threshold=0.66770833333333346 73.500000000000014 0.79553749170537502 0.2264957264957265 0.97500000000000009 0.2006289308176101 0.55000000000000016 1.334474885844749 0.52189897698209731 0.8377192982456142 0.31835016835016838 0.45173237753882917 0.45016556291390736 0.32701294033069733
decision_type=2 2 2 2 2 2 2 2 2 2 2 2 2 2
left_child=7 2 6 -4 5 -3 -2 11 10 -10 -9 12 -1 -13
right_child=1 4 3 -5 -6 -7 -8 8 9 -11 -12 13 -14 -15
leaf_value=1.4072967772332277e-05 0.001678372204933368 0.00017503935766417951 -4.785067964805646e-05 -0.0018879555971235843 -0.0012018749799047198 0.0020724389635892013 0.00039733798916891843 0.00039820572235870031 0 0.0012163589519339723 -0.00037484432594882039 -0.00020244033662445934 0.0015391271484650646 3.5435121089748815e-07
leaf_weight=48799 282 239 1778 146 68 437 1242 1141 592 768 1304 20486 299 23501
leaf_count=48799 282 239 1778 146 68 437 1242 1141 592 768 1304 20486 299 23501
internal_value=-5.5347e-06 0.000351504 0.000172856 -0.000194492 0.00116334 0.00141886 0.000642822 -2.10923e-05 0.000237862 0.000690115 -9.97039e-06 -3.17898e-05 2.36263e-05 -9.38705e-05
internal_weight=101082 4192 3448 1924 744 676 1524 96890 3805 1360 2445 93085 49098 43987
internal_count=101082 4192 3448 1924 744 676 1524 96890 3805 1360 2445 93085 49098 43987
is_linear=0
shrinkage=0.02


Tree=193
num_leaves=16
num_cat=0
split_feature=27 37 23 34 31 21 27 30 13 18 11 30 22 2 27
split_gain=1.34025 1.43163 1.309 1.19718 1.08392 1.29595 1.2239 0.905804 0.672107 0.977132 1.54682 0.741062 1.66986 0.834305 0.731533
threshold=0.66770833333333346 17.500000000000004 0.72557695644629538 0.05131578947368421 3.5480110642781879 1.0500000000000003 0.82207001522070022 3.5941176470588241 1.0500000000000003 0.85357142857142865 0.10647017788629226 3.9045454545454548 0.7947368421052633 1.1558704453441295 0.32701294033069733
decision_type=2 2 2 2 2 2 2 2 2 2 2 2 2 2 2
left_child=8 2 3 -2 5 -3 -6 -4 9 14 -11 13 -13 -10 -1
right_child=1 4 7 -5 6 -7 -8 -9 11 10 -12 12 -14 -15 -16
leaf_value=-7.1080459179558313e-05 0 0.00070798674506961177 -2.1356140312395597e-05 0.0014843954338043671 0.0012965627695307319 -0.0010070918250174924 -0.00078473042696714402 -0.0011556680894753324 0.00027984182486373387 0.00061603260714793043 -0.00070650996371564095 -0.00029428509826009925 0.0012517588409584957 -0.00053193079748897689 4.310942534768242e-05
leaf_weight=51135 548 528 815 347 1132 260 118 444 1778 431 1793 438 726 703 39886
leaf_count=51135 548 528 815 347 1132 260 118 444 1778 431 1793 438 726 703 39886
internal_value=-5.41195e-06 0.000344485 -1.05463e-05 0.000568716 0.000724269 0.000128323 0.00109116 -0.000430512 -2.06605e-05 -3.11724e-05 -0.000445392 0.00024538 0.000661917 4.55527e-05 -2.0932e-05
internal_weight=101082 4192 2154 895 2038 788 1250 1259 96890 93245 2224 3645 1164 2481 91021
internal_count=101082 4192 2154 895 2038 788 1250 1259 96890 93245 2224 3645 1164 2481 91021
is_linear=0
shrinkage=0.02


Tree=194
num_leaves=16
num_cat=0
split_feature=27 37 19 14 26 19 13 19 27 37 3 12 26 3 37
split_gain=1.28625 1.40668 1.19998 1.3813 1.16146 0.85541 0.831071 0.671645 0.789909 1.30219 0.899811 0.72509 0.825888 0.639217 0.403029
threshold=0.66770833333333346 73.500000000000014 0.54575358851674649 0.97500000000000009 0.97500000000000009 0.65724275724275738 0.5277777777777779 0.20119047619047617 0.32701294033069733 59.500000000000007 0.84342587742273456 0.70833333333333337 0.31009615384615391 0.87543103448275872 9.5000000000000018
decision_type=2 2 2 2 2 2 2 2 2 2 2 2 2 2 2
left_child=7 4 13 -4 5 -2 -6 11 10 -10 -9 12 -1 -3 -13
right_child=1 2 3 -5 6 -7 -8 8 9 -11 -12 14 -14 -15 -16
leaf_value=9.8060513712725021e-05 0.00056789869565382562 -0.0017907939019141258 0.0018325689219046328 -0.0010987155247425687 -0.00025961174454751493 -9.5692975039216011e-05 -0.0025450181278089683 4.8412706841902238e-06 -8.7673512717187621e-05 0.00013453651166743633 -0.00017034212931617908 -0.00017089088594442921 0.00062030345276044708 0.0009827369782659742 -0.00139416905107841
leaf_weight=5286 1803 75 550 67 227 1324 94 21097 20356 21844 26105 454 1597 52 151
leaf_count=5286 1803 75 550 67 227 1324 94 21097 20356 21844 26105 454 1597 52 151
internal_value=-5.30484e-06 0.000337468 0.00112727 0.00149558 0.000163593 0.000283851 -0.000971433 -2.02449e-05 -3.55773e-05 2.71131e-05 -9.18349e-05 0.000161439 0.000220829 -0.000580026 -0.000496267
internal_weight=101082 4192 744 617 3448 3127 321 96890 89402 42200 47202 7488 6883 127 605
internal_count=101082 4192 744 617 3448 3127 321 96890 89402 42200 47202 7488 6883 127 605
is_linear=0
shrinkage=0.02


Tree=195
num_leaves=11
num_cat=0
split_feature=4 23 35 27 23 30 30 3 27 30
split_gain=1.65247 1.41183 1.93723 1.22763 1.14087 1.11581 1.12985 1.07122 1.13022 0.626395
threshold=0.29166666666666669 1.0954131652661065 0.16371473354231972 0.49236596736596738 1.1556466302367945 4.1464285714285731 1.8535714285714286 2.1000000000000005 0.14093535572408813 2.6055555555555561
decision_type=2 2 2 2 2 2 2 2 2 2
left_child=5 7 4 -4 -3 6 -1 8 -2 -8
right_child=1 2 3 -5 -6 -7 9 -9 -10 -11
leaf_value=0.00058353690118244177 -0.0001980528614164195 0.00058304203453512832 -5.509978446563804e-05 -0.0011262590695712647 0.0001932600331814906 0.0022107449812548501 -0.00084241225959352046 0.0020868031948804854 4.229319275818971e-05 -0.000291033272677737
leaf_weight=505 8831 4311 2210 536 10361 68 1044 98 68266 4567
leaf_count=505 8831 4311 2210 536 10361 68 1044 98 68266 4567
internal_value=3.34911e-05 5.42848e-05 0.000216969 -0.000268489 0.000308533 -0.000282944 -0.000313017 1.7443e-05 1.46289e-05 -0.00039567
internal_weight=100797 94613 17418 2746 14672 6184 6116 77195 77097 5611
internal_count=100797 94613 17418 2746 14672 6184 6116 77195 77097 5611
is_linear=0
shrinkage=0.02


Tree=196
num_leaves=12
num_cat=0
split_feature=4 22 7 4 30 30 2 2 3 19 30
split_gain=1.58666 1.41187 1.13087 1.20365 1.07299 1.08562 1.05877 0.950408 1.45167 0.641385 0.60127
threshold=0.29166666666666669 0.3550420168067227 2.2510504201680677 4.3000000000000016 4.1464285714285731 1.8535714285714286 1.1558704453441295 1.0954545454545457 1.0725222066386164 0.52649122807017557 2.6055555555555561
decision_type=2 2 2 2 2 2 2 2 2 2 2
left_child=4 7 6 -4 5 -1 -3 9 -9 -2 -7
right_child=1 2 3 -5 -6 10 -8 8 -10 -11 -12
leaf_value=0.00057191215205709841 -0.00037738406767297273 8.0233410047708857e-05 0.00033536819311288685 0.0021982799926582646 0.0021677933718476979 -0.00082559622938158876 -0.00014012555911254416 0.0010813898625730099 -0.0003086945378805226 -0.0012164329513248088 -0.00028521515309980233
leaf_weight=505 2374 76874 3573 145 68 1044 9807 433 957 450 4567
leaf_count=505 2374 76874 3573 145 68 1044 9807 433 957 450 4567
internal_value=3.28225e-05 5.31998e-05 6.99729e-05 0.000411852 -0.000277242 -0.000306761 5.51842e-05 -0.00030411 0.000118079 -0.00051539 -0.0003878
internal_weight=100797 94613 90399 3718 6184 6116 86681 4214 1390 2824 5611
internal_count=100797 94613 90399 3718 6184 6116 86681 4214 1390 2824 5611
is_linear=0
shrinkage=0.02


Tree=197
num_leaves=9
num_cat=0
split_feature=3 27 0 3 18 6 29 3
split_gain=0.93388 0.965063 1.16185 1.03963 1.05189 0.939725 0.763245 0.365183
threshold=2.1000000000000005 0.14093535572408813 1.0000000180025095e-35 0.267479674796748 0.69615384615384623 0.37980769230769235 2.0500000000000003 0.84342587742273456
decision_type=2 2 2 2 2 2 2 2
left_child=1 3 7 4 -1 -5 -4 -3
right_child=-2 2 6 5 -6 -7 -8 -9
leaf_value=0.00012834444136942849 0.0019371278424864836 -0.00066973028732179027 -0.00059660978668885263 0.0017478012991078357 0.0019392242217841356 -0.00024962611827533741 6.7475959501261525e-05 0.00021833181087606648
leaf_weight=2181 101 1143 693 92 136 9607 86643 201
leaf_count=2181 101 1143 693 92 136 9607 86643 201
internal_value=3.21654e-05 3.01169e-05 5.29904e-05 -0.000137841 0.00024053 -0.000229292 6.20785e-05 -0.000529361
internal_weight=100797 100696 88680 12016 2317 9699 87336 1344
internal_count=100797 100696 88680 12016 2317 9699 87336 1344
is_linear=0
shrinkage=0.02


Tree=198
num_leaves=12
num_cat=0
split_feature=4 22 14 23 30 30 10 16 23 30 19
split_gain=1.50038 1.35154 1.09037 1.04959 1.02939 1.03586 0.65577 0.641372 0.565185 0.772243 0.323055
threshold=0.29166666666666669 0.3550420168067227 1.1770833333333337 1.0954131652661065 4.1464285714285731 1.8535714285714286 0.26491228070175438 1.0000000180025095e-35 0.29181873479318737 4.0250000000000012 0.49561369757599077
decision_type=2 2 2 2 2 2 2 2 2 2 2
left_child=4 8 3 -3 5 -1 -4 -7 10 -10 -2
right_child=1 2 6 -5 -6 7 -8 -9 9 -11 -12
leaf_value=0.00055920432569712573 -0.0003990733906350754 2.8555188700618343e-05 -0.00051054073363235319 0.00020244744056148806 0.0021245869696140292 -0.00059015491959669324 0.0012298582588339533 -0.00015613526811101877 -0.00022683706799690379 0.001092579983016278 -0.0010949491719449206
leaf_weight=505 862 72586 95 17229 68 2845 489 2766 2720 186 446
leaf_count=505 862 72586 95 17229 68 2845 489 2766 2720 186 446
internal_value=3.15279e-05 5.13459e-05 6.77589e-05 6.20276e-05 -0.000269983 -0.000298927 0.000928904 -0.000378114 -0.000298241 -0.000138255 -0.000645295
internal_weight=100797 94613 90399 89815 6184 6116 584 5611 4214 2906 1308
internal_count=100797 94613 90399 89815 6184 6116 584 5611 4214 2906 1308
is_linear=0
shrinkage=0.02


Tree=199
num_leaves=12
num_cat=0
split_feature=4 23 35 12 17 3 27 23 31 3 15
split_gain=1.44057 1.29066 1.86099 1.40654 1.18341 0.985819 1.0364 0.797204 0.879407 0.516158 0.400334
threshold=0.29166666666666669 1.0954131652661065 0.16371473354231972 1.6333333333333335 0.35416666666666669 2.1000000000000005 0.14093535572408813 0.33469945355191261 3.9768336314847947 1.0291616469421021 0.48161665314949986
decision_type=2 2 2 2 2 2 2 2 2 2 2
left_child=7 5 3 -3 -4 6 -2 -1 9 -9 -10
right_child=1 2 4 -5 -6 -7 -8 8 10 -11 -12
leaf_value=0.00033431733713081279 -0.00019128089203214262 0.00027223395892012287 0.00048734205532073978 0.0020046361318478982 -0.00049713680477703323 0.0020001955330371858 3.8879232485160096e-05 -0.00036932391559073524 0.0014358470837275187 -0.0017014860530053418 -0.00040622985568539849
leaf_weight=761 8831 14482 623 190 2123 98 68266 5091 154 122 56
leaf_count=761 8831 14482 623 190 2123 98 68266 5091 154 122 56
internal_value=3.08962e-05 5.0317e-05 0.000205861 0.00029562 -0.000269952 1.50866e-05 1.23818e-05 -0.000264539 -0.000350511 -0.000403059 0.000898259
internal_weight=100797 94613 17418 14672 2746 77195 77097 6184 5423 5213 210
internal_count=100797 94613 17418 14672 2746 77195 77097 6184 5423 5213 210
is_linear=0
shrinkage=0.02


Tree=200
num_leaves=12
num_cat=0
split_feature=27 19 19 11 7 3 3 14 15 3 30
split_gain=0.996352 1.47344 0.986676 1.746 1.35914 0.800675 0.548965 0.622319 0.492994 0.413243 0.509085
threshold=0.30992957746478872 1.0061728395061731 0.54937316204921849 0.033012442103351157 2.1003355704697992 2.1000000000000005 0.81272482014388503 0.71008403361344552 0.6237091451080593 1.6120071684587816 4.0645833333333341
decision_type=2 2 2 2 2 2 2 2 2 2 2
left_child=5 2 4 -4 -2 6 7 -1 -8 10 -3
right_child=1 9 3 -5 -6 -7 8 -9 -10 -11 -12
leaf_value=3.7874625556147858e-06 -8.0855226047734869e-06 -0.0016965410425549463 -0.00055573665853210833 0.00020593831613566996 -0.001406095117012377 0.0020939443049146169 -0.00019035693744753909 -0.00057984405321790679 2.7543445738159799e-05 3.8083152154858192e-05 0.00027722167747992055
leaf_weight=21946 29890 313 1276 19254 279 65 21881 753 5030 87 52
leaf_count=21946 29890 313 1276 19254 279 65 21881 753 5030 87 52
internal_value=-2.1114e-05 4.07104e-05 5.10544e-05 0.000158061 -2.1438e-05 -8.49758e-05 -8.81165e-05 -1.51824e-05 -0.000149258 -0.00109262 -0.00138812
internal_weight=100826 51151 50699 20530 30169 49675 49610 22699 26911 452 365
internal_count=100826 51151 50699 20530 30169 49675 49610 22699 26911 452 365
is_linear=0
shrinkage=0.02


Tree=201
num_leaves=13
num_cat=0
split_feature=27 19 29 19 3 23 3 3 29 3 30 16
split_gain=0.956615 1.41318 1.45147 0.959081 0.769943 0.541792 0.895441 0.657813 0.451375 1.57744 0.690924 0.226462
threshold=0.30992957746478872 1.0061728395061731 2.0500000000000003 0.85767590618336897 2.1000000000000005 1.4449944994499451 0.87543103448275872 0.81272482014388503 3.4365079365079372 1.1380712082982902 4.0645833333333341 0.45000000000000007
decision_type=2 2 2 2 2 2 2 2 2 2 2 2
left_child=4 2 11 -4 5 7 -7 -1 9 -3 -10 -2
right_child=1 8 3 -5 -6 6 -8 -9 10 -11 -12 -13
leaf_value=-1.5773404547843337e-05 -0.00096482560362504881 -0.0022026315013567608 4.2618657169241331e-05 0.00054871811578350682 0.0020533155016045071 -5.1929961551319474e-05 0.0010646243876232691 -0.00016446646939837926 -0.0020056896650594127 0.0018783633646212126 0.00017960235254088446 -0.0024988274095636425
leaf_weight=21965 228 73 48859 1548 65 823 427 26395 240 74 65 64
leaf_count=21965 228 73 48859 1548 65 823 427 26395 240 74 65 64
internal_value=-2.06904e-05 3.98859e-05 5.00201e-05 5.83805e-05 -8.32671e-05 -8.63508e-05 0.000322589 -9.71406e-05 -0.00107001 -8.35017e-05 -0.00150926 -0.00134977
internal_weight=100826 51151 50699 50407 49675 49610 1250 48360 452 147 305 292
internal_count=100826 51151 50699 50407 49675 49610 1250 48360 452 147 305 292
is_linear=0
shrinkage=0.02


Tree=202
num_leaves=13
num_cat=0
split_feature=31 11 11 23 18 35 23 30 20 29 20 35
split_gain=0.995741 1.01556 0.791784 1.25505 0.783801 0.643771 1.56462 0.617995 0.522112 0.43169 0.848022 0.667313
threshold=4.2277854367715264 0.3977883675464321 0.07985507246376812 1.9722222222222225 0.94868421052631591 0.083067940552016967 1.0488657683779639 3.9486842105263165 1.1000000000000003 3.8660714285714293 1.2250000000000003 0.44519519519519518
decision_type=2 2 2 2 2 2 2 2 2 2 2 2
left_child=2 5 9 4 -4 7 -7 -2 -3 11 -11 -1
right_child=1 8 3 -5 -6 6 -8 -9 -10 10 -12 -13
leaf_value=-6.5026400221495644e-05 0.00083529330388144342 0.00083488446474075319 2.7377348000942383e-05 -0.0023342060682537791 -0.00039829049978486999 0.0016010520628520419 -0.00046125279503618266 -0.0003516732518925868 0.0037504524913701143 -0.00017351082536611666 -0.00094216475390362096 -0.00090894774499675993
leaf_weight=28504 239 68 63438 89 1775 383 227 639 53 4359 672 380
leaf_count=28504 239 68 63438 89 1775 383 227 639 53 4359 672 380
internal_value=-2.02775e-05 0.000472612 -2.83808e-05 1.2199e-05 1.56261e-05 0.000319907 0.000818265 -1.60419e-05 0.00223347 -0.000106807 -0.000278502 -7.65374e-05
internal_weight=100826 1609 99217 65302 65213 1488 610 878 121 33915 5031 28884
internal_count=100826 1609 99217 65302 65213 1488 610 878 121 33915 5031 28884
is_linear=0
shrinkage=0.02


Tree=203
num_leaves=15
num_cat=0
split_feature=31 19 29 5 26 29 31 29 13 15 15 35 25 19
split_gain=0.957452 1.35705 1.02521 0.89731 0.854002 1.26989 0.710177 0.660582 1.48774 1.08688 0.848665 0.727369 0.622778 0.594423
threshold=4.2277854367715264 1.0061728395061731 3.4365079365079372 1.4722222222222225 0.29705882352941176 2.2111111111111117 4.143323996265174 4.3166666666666673 1.0500000000000003 0.55016778523489951 0.36236747398113028 0.076018161805173359 0.64583333333333337 0.78596059113300509
decision_type=2 2 2 2 2 2 2 2 2 2 2 2 2 2
left_child=1 4 3 -3 6 -6 -1 8 10 11 -2 -9 -4 -11
right_child=7 2 12 -5 5 -7 -8 9 -10 13 -12 -13 -14 -15
leaf_value=-7.6761820745235764e-05 -0.0003230868612726529 -0.0016148054684911456 -0.0011225303176389749 0.0012463617920875549 -0.00082613529063914185 4.1832484774763879e-05 -0.00070349919393255915 -9.0156881646676504e-05 0.0036217660359714344 -0.0014931974346648919 0.00092848172966661867 0.0020052653826585338 -0.0032357903081795263 0.00038295012176706552
leaf_weight=43705 298 68 249 113 680 53579 738 130 67 211 699 117 85 87
leaf_count=43705 298 68 249 113 680 53579 738 130 67 211 699 117 85 87
internal_value=-1.98753e-05 -2.78232e-05 -0.00105024 0.000110903 -2.2366e-05 3.07403e-05 -8.74253e-05 0.000463438 0.000754073 -8.63668e-05 0.000544484 0.000870385 -0.00170616 -0.000913228
internal_weight=100826 99217 515 181 98702 54259 44443 1609 1064 545 997 247 334 298
internal_count=100826 99217 515 181 98702 54259 44443 1609 1064 545 997 247 334 298
is_linear=0
shrinkage=0.02


Tree=204
num_leaves=14
num_cat=0
split_feature=31 19 27 6 7 13 27 30 19 7 31 13 25
split_gain=0.920066 1.30522 1.14296 1.06135 0.873576 0.72701 1.16848 0.584074 0.533596 0.449149 0.59355 0.44102 0.209046
threshold=4.2277854367715264 1.0061728395061731 0.30992957746478872 0.37980769230769235 3.0294117647058827 0.70714285714285718 0.37459677419354848 3.9486842105263165 0.57585347142309173 3.0294117647058827 3.7993710691823903 0.81666666666666676 0.47222222222222227
decision_type=2 2 2 2 2 2 2 2 2 2 2 2 2
left_child=1 2 8 -4 5 6 -2 -7 -1 10 -3 -6 -11
right_child=4 9 3 -5 11 7 -8 -9 -10 12 -12 -13 -14
leaf_value=-6.7607540652950556e-05 0.00032426825568561575 -0.00056460294185332882 -0.0011666715477401787 5.1766916635161402e-05 0.00072377673145067897 0.0012281965405221969 0.0023357590588171089 -0.00085388743407922255 -0.00027966213700898773 -0.00078000234046452486 -0.0022359226511584388 0.0035972016763228636 0.00078259418859626313
leaf_weight=42957 1019 204 285 50074 57 61 132 290 5386 69 178 50 64
leaf_count=42957 1019 204 285 50074 57 61 132 290 5386 69 178 50 64
internal_value=-1.94823e-05 -2.72753e-05 -2.19214e-05 4.46267e-05 0.000454294 0.000320552 0.000567276 -0.000458807 -9.14504e-05 -0.00102999 -0.00137702 0.00219961 0
internal_weight=100826 99217 98702 50359 1609 1502 1151 351 48343 515 382 107 133
internal_count=100826 99217 98702 50359 1609 1502 1151 351 48343 515 382 107 133
is_linear=0
shrinkage=0.02


Tree=205
num_leaves=15
num_cat=0
split_feature=27 9 35 18 27 27 29 20 29 34 33 10 25 15
split_gain=0.887151 0.973279 1.14333 1.03311 1.01483 0.890235 0.8355 0.79479 0.445309 1.15508 0.567175 0.72193 0.421601 0.406526
threshold=0.24171245421245419 0.21111111111111114 0.16720430107526876 0.85357142857142865 0.42905081495685521 0.83486703250316596 2.0500000000000003 0.77500000000000013 4.4142857142857155 0.12132352941176471 0.35416666666666669 0.095454545454545472 0.5277777777777779 0.32363520947947527
decision_type=2 2 2 2 2 2 2 2 2 2 2 2 2 2
left_child=8 3 5 6 -4 -3 -2 -5 10 13 12 -12 -1 -10
right_child=1 2 4 7 -6 -7 -8 -9 9 -11 11 -13 -14 -15
leaf_value=-7.4011142610303673e-05 -0.00084609377363296316 0.00032226379079069111 -0.00073546671779517957 0 0.00029735671205140913 -0.00082560256178125795 4.015303664813296e-05 -0.00096397829535823547 0.0013666146149237952 0.0024406343668994337 -0.0011204785906048472 0 0.00060069986568984165 -0.00049630218513921842
leaf_weight=30895 426 10303 880 622 651 271 54361 743 58 99 467 446 370 205
leaf_count=30895 426 10303 880 622 651 271 54361 743 58 99 467 446 370 205
internal_value=1.35408e-05 5.45915e-05 0.000217315 1.93277e-05 -0.000289959 0.000291749 3.30488e-05 -0.000523325 -7.22593e-05 0.000620237 -8.03986e-05 -0.000572641 -6.56687e-05 -4.05195e-05
internal_weight=100797 68257 12105 56152 1531 10574 54787 1365 32540 362 32178 913 31265 263
internal_count=100797 68257 12105 56152 1531 10574 54787 1365 32540 362 32178 913 31265 263
is_linear=0
shrinkage=0.02


Tree=206
num_leaves=16
num_cat=0
split_feature=9 34 31 31 12 24 22 28 31 26 34 6 24 21 18
split_gain=0.813926 0.982349 1.09201 1.39991 0.936637 0.984578 0.960655 0.808946 0.750656 0.951526 0.734467 0.714856 0.711391 0.694192 0.346007
threshold=0.2678571428571429 0.05131578947368421 3.5358309990662935 3.882930803143569 1.5500000000000003 0.36666666666666675 0.7947368421052633 4.291666666666667 3.9209579704657331 0.56696428571428581 0.41421568627450983 1.7875939849624063 0.77500000000000013 1.1055555555555558 0.36038961038961043
decision_type=2 2 2 2 2 2 2 2 2 2 2 2 2 2 2
left_child=4 2 13 -4 8 14 -7 12 10 -10 -1 -9 -3 -2 -6
right_child=1 7 3 -5 5 6 -8 11 9 -11 -12 -13 -14 -15 -16
leaf_value=-3.2642110715228337e-05 0.0001293876624720938 -0.00028976159068234622 0.00059607319775278921 -4.9919752689638367e-05 -0.0011959929764270782 0.0032432247371900649 0.00053005746861760935 -0.0010435504282222076 9.116349413026624e-05 0.00087987300241011647 -0.00070673910507915215 0.00089364886996167109 0.00033653493265847897 -0.00053650012102615229 0.00043173780268673448
leaf_weight=73549 2854 3722 4750 1831 66 103 127 83 9980 655 652 521 886 799 219
leaf_count=73549 2854 3722 4750 1831 66 103 127 83 9980 655 652 521 886 799 219
internal_value=1.32668e-05 0.000146898 0.000260925 0.000414862 -1.08021e-05 0.000837529 0.00180567 -7.50964e-05 -1.60894e-05 0.000140836 -3.8719e-05 0.000608377 -0.000167078 -1.37361e-05 1.42388e-05
internal_weight=100797 15446 10234 6581 85351 515 230 5212 84836 10635 74201 604 4608 3653 285
internal_count=100797 15446 10234 6581 85351 515 230 5212 84836 10635 74201 604 4608 3653 285
is_linear=0
shrinkage=0.02


Tree=207
num_leaves=16
num_cat=0
split_feature=27 9 35 3 18 12 12 27 3 27 30 32 30 21 27
split_gain=0.841032 0.89927 1.08131 1.41231 0.997045 1.18429 1.04826 0.85351 0.527948 0.685052 0.641492 0.744569 0.63906 0.614573 0.551072
threshold=0.24171245421245419 0.21111111111111114 0.16720430107526876 0.97199529442520116 0.85357142857142865 0.36666666666666675 1.5500000000000003 0.83486703250316596 0.267479674796748 0.14093535572408813 3.6754385964912282 1.0000000180025095e-35 3.9750000000000005 0.31666666666666671 0.16722595078299773
decision_type=2 2 2 2 2 2 2 2 2 2 2 2 2 2 2
left_child=8 4 7 -4 6 -6 -2 -3 10 13 11 -1 -12 -10 -11
right_child=1 2 3 -5 5 -7 -8 -9 9 14 12 -13 -14 -15 -16
leaf_value=0.00020769527727398427 2.5250928280746931e-05 0.00031169701131555076 0.00067301319253912698 -0.00066839520084230526 0.00030857132401614063 -0.00092926292701531914 0.001108883138332102 -0.00081216612687477698 -0.00069887689706630673 0.00016966626826683015 0.0015097557822567823 -0.00089004435769298622 0 -0.00017580027639351459 -8.2690260645612213e-05
leaf_weight=1808 54429 10303 431 1100 450 915 358 271 1020 4419 267 283 175 8804 15764
leaf_count=1808 54429 10303 431 1100 450 915 358 271 1020 4419 267 283 175 8804 15764
internal_value=1.30048e-05 5.29766e-05 0.000209396 -0.00028386 1.9072e-05 -0.000514016 3.25545e-05 0.0002818 -7.05323e-05 -9.41701e-05 0.0002054 5.36387e-05 0.000897349 -0.000231259 -2.69309e-05
internal_weight=100797 68257 12105 1531 56152 1365 54787 10574 32540 30007 2533 2091 442 9824 20183
internal_count=100797 68257 12105 1531 56152 1365 54787 10574 32540 30007 2533 2091 442 9824 20183
is_linear=0
shrinkage=0.02


Tree=208
num_leaves=16
num_cat=0
split_feature=27 35 12 35 18 23 35 22 7 16 19 24 23 15 23
split_gain=0.807841 0.830382 1.05492 0.993365 0.986973 0.781705 0.708512 0.565229 0.540838 0.647318 0.587085 0.521125 0.443235 0.551721 0.470622
threshold=0.24171245421245419 0.19650488400488397 0.36666666666666675 0.18594360979625432 0.81534090909090928 1.3715549936788878 0.20064935064935069 1.648529411764706 0.25657894736842107 0.77500000000000013 0.14389233954451344 0.36666666666666675 0.29181873479318737 0.28623949579831937 0.37368187368187372
decision_type=2 2 2 2 2 2 2 2 2 2 2 2 2 2 2
left_child=8 2 3 -2 -4 6 -3 -7 9 10 -1 -11 13 -10 -14
right_child=1 5 4 -5 -6 7 -8 -9 12 11 -12 -13 14 -15 -16
leaf_value=3.9215941255732451e-05 -4.3934361569800985e-05 -0.00072725617147366927 0.00017152811138308101 0.00097043549071769322 -0.00022265749357361551 -0.0014709333187504991 -3.0969880208332688e-05 0.00024362248118205737 -0.00099688646906601866 7.1250950848614725e-06 0.0015459593846039337 0.0022914715295746214 0.00036817675501043244 -0.00013261490123316197 -9.0214044108663418e-05
leaf_weight=2081 23764 652 34448 390 2720 290 5902 91 477 79 108 103 916 860 27916
leaf_count=2081 23764 652 34448 390 2720 290 5902 91 477 79 108 103 916 860 27916
internal_value=1.27432e-05 5.192e-05 7.54898e-05 -2.7063e-05 0.000142402 -0.000155013 -0.000101963 -0.00103618 -6.91263e-05 0.000220364 0.000119463 0.00136512 -9.22221e-05 -0.000449457 -7.52795e-05
internal_weight=100797 68257 61322 24154 37168 6935 6554 381 32540 2371 2189 182 30169 1337 28832
internal_count=100797 68257 61322 24154 37168 6935 6554 381 32540 2371 2189 182 30169 1337 28832
is_linear=0
shrinkage=0.02


Tree=209
num_leaves=15
num_cat=0
split_feature=23 34 6 6 30 3 35 23 5 6 12 26 6 23
split_gain=0.792547 0.97797 1.06506 1.47864 1.0342 0.9586 0.881475 0.844465 0.976598 1.05997 0.835699 0.748843 1.60698 0.678062
threshold=1.0423132012413465 0.060661764705882353 2.1519230769230773 1.8535714285714286 2.5477272727272733 0.85530453492221137 0.095064303093500169 0.98222187104930481 2.8166666666666669 2.4522727272727276 0.63333333333333341 0.41421568627450983 1.0571895424836604 0.65843495934959362
decision_type=2 2 2 2 2 2 2 2 2 2 2 2 2 2
left_child=7 4 3 -3 -2 -6 -4 11 10 -10 -9 13 -13 -1
right_child=1 2 6 -5 5 -7 -8 8 9 -11 -12 12 -14 -15
leaf_value=-0.00012521860915855833 -0.0009119146521723233 -8.8119275422648611e-05 -0.0014801318026840167 0.00067541058017848239 0.00038975660710789109 6.3740747443772805e-05 -0.00024040269667814201 -0.00013573956208750833 0.0024195547710204944 -5.4651604544731877e-05 -0.00062136389456774344 -0.00031806078676421953 0.00021234251912215465 2.3726162962666923e-05
leaf_weight=19541 315 6490 341 1199 7754 6904 776 6578 114 153 1839 2731 13616 32446
leaf_count=19541 315 6490 341 1199 7754 6904 776 6578 114 153 1839 2731 13616 32446
internal_value=1.24871e-05 0.000113471 -5.28634e-05 2.97878e-05 0.000211958 0.000236913 -0.000629775 -1.85635e-05 -0.00020434 0.000974711 -0.000243152 4.90429e-06 0.000123091 -3.20699e-05
internal_weight=100797 23779 8806 7689 14973 14658 1117 77018 8684 267 8417 68334 16347 51987
internal_count=100797 23779 8806 7689 14973 14658 1117 77018 8684 267 8417 68334 16347 51987
is_linear=0
shrinkage=0.02


Tree=210
num_leaves=15
num_cat=0
split_feature=30 35 37 4 0 1 1 2 20 29 3 23 1 23
split_gain=0.956392 1.06975 1.26485 1.25169 0.911205 1.19877 0.960753 0.876553 0.698228 0.926645 1.01194 0.912877 0.770082 0.646303
threshold=3.7947368421052636 0.022305140961857355 8.5000000000000018 2.7750000000000004 0.90000000000000013 1.267857142857143 1.1833333333333336 0.76696832579185525 1.2250000000000003 4.1833333333333345 0.98222187104930481 1.0358427543679345 0.5277777777777779 1.0323891948596906
decision_type=2 2 2 2 2 2 2 2 2 2 2 2 2 2
left_child=8 4 3 -3 6 -6 -2 -4 11 10 -10 13 -13 -1
right_child=1 2 7 -5 5 -7 -8 -9 9 -11 -12 12 -14 -15
leaf_value=-5.1522981345049804e-05 0.00041104014287476952 0.0012694940417446892 0.00042338051211023936 -0.0012871559068214061 -0.00012278236389719988 0.00050206095448829843 0.0016025843621283867 -5.5121008282964094e-05 -0.00013018636968638262 0.0020587456058448468 -0.00068785184885330173 0.0004800977034828261 5.6991325750370692e-05 -0.0012546762939956452
leaf_weight=50843 3401 532 1661 84 3405 1906 301 19112 8084 69 1570 2240 7729 178
leaf_count=50843 3401 532 1661 84 3405 1906 301 19112 8084 69 1570 2240 7729 178
internal_value=-6.47457e-06 8.72148e-05 9.71031e-06 0.000901641 0.000269991 9.96824e-05 0.000511434 -1.63418e-05 -4.68977e-05 -0.000204403 -0.000222037 -2.16184e-05 0.000153142 -5.59655e-05
internal_weight=101115 30402 21389 616 9013 5311 3702 20773 70713 9723 9654 60990 9969 51021
internal_count=101115 30402 21389 616 9013 5311 3702 20773 70713 9723 9654 60990 9969 51021
is_linear=0
shrinkage=0.02


Tree=211
num_leaves=16
num_cat=0
split_feature=27 7 30 7 4 11 17 4 14 15 30 27 27 6 34
split_gain=1.05292 0.981526 2.14452 1.75416 1.54822 1.29875 0.746108 0.668354 0.64407 0.56508 1.52487 0.960185 0.516104 1.1123 0.86351
threshold=0.52280154486036856 1.7978125747071483 3.6485294117647062 1.2918187347931875 1.3666666666666669 0.27303030303030307 0.95000000000000007 1.1000000000000003 1.1770833333333337 0.16733333333333333 4.2899159663865554 0.14093535572408813 0.4232172936552499 2.7638888888888893 0.19375000000000003
decision_type=2 2 2 2 2 2 2 2 2 2 2 2 2 2 2
left_child=8 2 7 -4 6 -6 -3 -2 9 10 -1 -11 14 -14 -10
right_child=1 4 3 -5 5 -7 -8 -9 12 11 -12 -13 13 -15 -16
leaf_value=9.7968798554724416e-05 0.00025833905769092079 -0.0011503240083678042 -0.00021772575895993317 0.00088024895164618637 -0.00031046833427488766 0.00050716740553717425 0.0012672236905648157 -0.00021145198050111829 0.001654333622950428 -0.00025586136389155461 0.0028792727291584016 -2.6764136697516062e-05 -0.0025636293415753349 0.0013332045882467238 -0.00085649060085415843
leaf_weight=7739 2322 637 712 2869 1567 1527 50 2523 263 8161 78 72493 51 61 62
leaf_count=7739 2322 637 712 2869 1567 1527 50 2523 263 8161 78 72493 51 61 62
internal_value=-6.33985e-06 0.000167694 0.000288111 0.000659151 -9.80247e-05 8.99012e-05 -0.000956693 1.16492e-05 -3.03503e-05 -3.42494e-05 0.00012773 -5.00752e-05 0.000732808 -0.000367373 0.00114246
internal_weight=101115 12207 8426 3581 3781 3094 687 4845 88908 88471 7817 80654 437 112 325
internal_count=101115 12207 8426 3581 3781 3094 687 4845 88908 88471 7817 80654 437 112 325
is_linear=0
shrinkage=0.02


Tree=212
num_leaves=15
num_cat=0
split_feature=31 30 27 0 11 27 7 30 3 7 37 15 34 34
split_gain=1.10984 1.13471 1.69444 0.967859 1.06871 0.942125 1.02479 2.01788 1.51015 0.911967 0.834945 0.564946 0.508873 0.49605
threshold=4.2277854367715264 3.9486842105263165 0.28526220614828218 0.70833333333333337 0.15101126645853133 0.52280154486036856 1.7978125747071483 3.6485294117647062 1.0031250000000003 2.8775000000000004 15.500000000000002 0.46037455749685968 1.0000000180025095e-35 0.054093567251461951
decision_type=2 2 2 2 2 2 2 2 2 2 2 2 2 2
left_child=5 2 11 12 -5 9 7 -7 -8 10 -1 -2 -3 -11
right_child=1 3 -4 4 -6 6 8 -9 -10 13 -12 -13 -14 -15
leaf_value=0.00010184780506751324 -0.00031348108999000113 8.6710889672124113e-05 0.0038642131763955822 0.0010015455829218412 -0.0002711401707461091 5.3163947003818961e-06 -0.00071215536848197748 0.00063482275270899599 0.00014813684426490489 -0.00046706751481190816 -6.1560920547108877e-05 0.0014345516815330043 -0.0018132955891879525 -0.0019867350161075592
leaf_weight=15109 119 84 90 622 439 4842 1191 3555 2549 331 71766 163 125 130
leaf_count=15109 119 84 90 622 439 4842 1191 3555 2549 331 71766 163 125 130
internal_value=-6.20978e-06 0.000509025 0.00148203 0.000214277 0.000466032 -1.48253e-05 0.000150104 0.000273106 -0.000123384 -3.78628e-05 -3.30246e-05 0.000664682 -0.00100868 -0.000923936
internal_weight=101115 1642 372 1270 1061 99473 12137 8397 3740 87336 86875 282 209 461
internal_count=101115 1642 372 1270 1061 99473 12137 8397 3740 87336 86875 282 209 461
is_linear=0
shrinkage=0.02


Tree=213
num_leaves=14
num_cat=0
split_feature=31 7 27 27 7 6 15 7 14 7 7 0 2
split_gain=1.0663 1.03296 1.20291 0.905029 0.984253 1.71403 1.47071 0.877116 1.06466 0.776566 0.520399 0.518445 0.417178
threshold=4.2277854367715264 2.8775000000000004 0.49603149606299218 0.52280154486036856 1.7978125747071483 1.2426470588235297 0.42172772723547253 2.8775000000000004 1.2613636363636365 2.0226418318523591 1.8980241778239961 1.3666666666666669 1.0954545454545457
decision_type=2 2 2 2 2 2 2 2 2 2 2 2 2
left_child=3 2 9 7 5 -5 -6 8 -1 -2 -4 -3 -9
right_child=1 11 10 4 6 -7 -8 12 -10 -11 -12 -13 -14
leaf_value=-3.5225849523277159e-05 0.00046629905252876681 0.0034063822732252236 0.0037218242622258368 -0.00014114906015979075 0.0014713243748735172 0.00046635837372195935 -0.00022159629307321832 -0.0014526699099224061 0.0017475189157386325 -0.00057024438565720498 0.00060152530670166016 0.00092680051497050697 -0.0001801028947510788
leaf_weight=86743 963 66 55 2730 215 5667 3525 254 132 405 50 103 207
leaf_count=86743 963 66 55 2730 215 5667 3525 254 132 405 50 103 207
internal_value=-6.08097e-06 0.000498942 0.000319534 -1.45278e-05 0.000147119 0.000267671 -0.000120869 -3.7109e-05 -3.23618e-05 0.000151744 0.00236844 0.00198215 -0.000906102
internal_weight=101115 1642 1473 99473 12137 8397 3740 87336 86875 1368 105 169 461
internal_count=101115 1642 1473 99473 12137 8397 3740 87336 86875 1368 105 169 461
is_linear=0
shrinkage=0.02


Tree=214
num_leaves=15
num_cat=0
split_feature=31 30 27 0 11 27 30 21 22 11 37 15 30 27
split_gain=1.02641 1.06932 1.61668 0.93276 1.01418 0.869117 0.803366 1.53039 1.41686 0.776957 0.753443 0.538754 0.454411 0.425025
threshold=4.2277854367715264 3.9486842105263165 0.28526220614828218 0.70833333333333337 0.15101126645853133 0.52280154486036856 3.820855614973262 0.95000000000000007 1.0250000000000001 0.48913043478260876 15.500000000000002 0.46037455749685968 2.8480769230769236 0.21658075601374568
decision_type=2 2 2 2 2 2 2 2 2 2 2 2 2 2
left_child=5 2 11 13 -5 9 8 -8 -7 10 -1 -2 -11 -3
right_child=1 3 -4 4 -6 6 7 -9 -10 12 -12 -13 -14 -15
leaf_value=9.6207527493935124e-05 -0.0003190979558574267 -4.9581141334719364e-05 0.0037609893018784729 0.00097230785048733925 -0.00026721279637343217 0.00022138040875682998 6.2359123918995672e-06 0.00096582249263601919 -0.00030761313901285384 0.00072508252503579115 -5.9009902501581643e-05 0.0013876166000510706 -0.0010969044125343716 -0.001948361310362816
leaf_weight=15109 119 111 90 622 439 6486 1479 1238 2934 55 71767 163 405 98
leaf_count=15109 119 111 90 622 439 6486 1479 1238 2934 55 71767 163 405 98
internal_value=-5.94938e-06 0.000489536 0.00143411 0.000203176 0.000450498 -1.42386e-05 0.000144165 0.000447538 5.55258e-05 -3.63691e-05 -3.18986e-05 0.000635021 -0.000855217 -0.00099734
internal_weight=101115 1642 372 1270 1061 99473 12137 2717 9420 87336 86876 282 460 209
internal_count=101115 1642 372 1270 1061 99473 12137 2717 9420 87336 86876 282 460 209
is_linear=0
shrinkage=0.02


Tree=215
num_leaves=14
num_cat=0
split_feature=37 26 28 29 0 6 25 25 13 7 2 13 7
split_gain=0.726687 1.12743 1.13299 0.904909 0.632177 0.617644 1.15781 1.15043 0.606549 0.950808 0.748093 0.567741 0.512661
threshold=1.0000000180025095e-35 0.24264705882352941 1.0000000180025095e-35 2.0500000000000003 0.90000000000000013 1.1937500000000003 0.58571428571428574 0.23611111111111113 1.0500000000000003 1.6095564253098502 1.151923076923077 0.58571428571428574 1.100335570469799
decision_type=2 2 2 2 2 2 2 2 2 2 2 2 2
left_child=1 2 -1 4 12 7 -7 -3 10 -10 -5 -4 -2
right_child=3 5 11 8 -6 6 -8 -9 9 -11 -12 -13 -14
leaf_value=0.00077795747146811533 -0.00046703473352620464 0.0025380250941152162 -0.0010658090104575919 2.339733174371802e-05 0.001001933200150421 0.00094252222342509418 0.0037037822062318975 -0.00046683566151438534 -0.00032421038543525756 0.00042405007809390795 -0.00015240886025933201 0.00084347360048975261 -0.0017078508909155682
leaf_weight=370 1057 67 355 83094 95 259 86 183 857 3049 10954 68 162
leaf_count=370 1057 67 355 83094 95 259 86 183 857 3049 10954 68 162
internal_value=1.24269e-05 0.000466647 -1.51578e-05 5.96578e-06 -0.00051481 0.00112343 0.00167703 0.000312536 1.30642e-05 0.000257236 2.81162e-06 -0.000732825 -0.000642651
internal_weight=100656 1388 793 99268 1314 595 345 250 97954 3906 94048 423 1219
internal_count=100656 1388 793 99268 1314 595 345 250 97954 3906 94048 423 1219
is_linear=0
shrinkage=0.02


Tree=216
num_leaves=10
num_cat=0
split_feature=3 27 4 27 15 28 7 3 15
split_gain=0.848745 0.776177 0.975796 0.940721 0.793384 1.29017 0.850188 0.674903 0.325394
threshold=2.1000000000000005 0.28012738853503188 0.36666666666666675 1.5357142857142858 0.22271825396825398 3.5500000000000003 1.0502525252525257 1.0291616469421021 1.1123737373737377
decision_type=2 2 2 2 2 2 2 2 2
left_child=1 4 7 -4 5 -1 -6 -3 -2
right_child=8 2 3 -5 6 -7 -8 -9 -10
leaf_value=-1.5108273335543867e-05 0.0027686680584657385 -0.00023913591434381417 7.2509872577955725e-05 0.0021461982957341457 -0.00033094668862057239 0.00059014476941236999 -5.3944591700460015e-05 -0.0019147720377819212 0.00034868888963352553
leaf_weight=5927 59 2751 55550 86 5264 1834 29032 100 53
leaf_count=5927 59 2751 55550 86 5264 1834 29032 100 53
internal_value=1.21827e-05 1.01269e-05 5.73319e-05 7.59721e-05 -5.5281e-05 0.000126746 -9.67693e-05 -0.000302716 0.00173743
internal_weight=100656 100544 58487 55636 42057 7761 34296 2851 112
internal_count=100656 100544 58487 55636 42057 7761 34296 2851 112
is_linear=0
shrinkage=0.02


Tree=217
num_leaves=13
num_cat=0
split_feature=30 7 13 7 3 26 30 29 15 29 30 30
split_gain=1.05493 1.9606 1.33248 1.68115 0.997963 0.992633 0.774409 0.889599 0.785114 0.736037 0.701118 0.329291
threshold=3.7303030303030305 0.72281323877068571 1.0500000000000003 1.5876740821124979 0.58086312118570194 0.39444444444444454 1.0833333333333337 2.0500000000000003 0.34552139037433155 4.1833333333333345 4.2426470588235299 3.9486842105263165
decision_type=2 2 2 2 2 2 2 2 2 2 2 2
left_child=6 5 4 -4 -3 10 -1 8 -8 -9 -2 -7
right_child=1 2 3 -5 -6 11 7 9 -10 -11 -12 -13
leaf_value=0.00081055603452495769 0.00035984960951647915 -0.0013232267298404642 -0.0011309167884645008 0.00073527109530706499 5.5179414980936172e-05 0.0029360502465165779 -0.00030762668536442279 -3.4597455290470121e-05 -0.0015793746919277683 0.001078555394245797 0.0028689888807443471 0.00087184497484794031
leaf_weight=427 453 209 208 2001 31941 137 1052 63632 247 236 50 63
leaf_count=427 453 209 208 2001 31941 137 1052 63632 247 236 50 63
internal_value=1.19384e-05 0.000100569 7.88292e-05 0.000554163 4.58259e-05 0.00114567 -3.52865e-05 -4.10069e-05 -0.000559187 -3.0294e-05 0.000639444 0.0023504
internal_weight=100656 35062 34359 2209 32150 703 65594 65167 1299 63868 503 200
internal_count=100656 35062 34359 2209 32150 703 65594 65167 1299 63868 503 200
is_linear=0
shrinkage=0.02


Tree=218
num_leaves=15
num_cat=0
split_feature=30 27 15 15 26 27 27 0 30 37 0 2 15 15
split_gain=1.01352 1.49218 1.56789 1.32618 1.17085 1.04228 0.884931 2.28431 1.86812 1.49324 0.906708 0.916483 0.506469 0.454758
threshold=3.7303030303030305 0.82207001522070022 0.11189358372456962 0.12579113924050633 0.39444444444444454 0.50775240384615394 0.77108940354509004 1.5500000000000003 3.4868421052631584 35.500000000000007 1.6333333333333335 1.4330357142857146 0.48846085567193326 0.65297689323663366
decision_type=2 2 2 2 2 2 2 2 2 2 2 2 2 2
left_child=6 3 -3 4 -2 -5 10 9 -9 -8 11 -1 -12 -4
right_child=1 2 13 5 -6 -7 7 8 -10 -11 12 -13 -14 -15
leaf_value=-4.0905174627410516e-05 0.00042584802652227466 0.00067502894491519572 -0.0035018883735300549 4.7736810997722955e-05 0.0020736737511739011 0.00038392010502819751 -0.00010489856391105541 0.0055295409970596192 0.00048914200801780259 0.0012952903458445342 -0.00013550602522866356 0.0015660435339094889 -0.0010136541179162544 -0.0013598774870236716
leaf_weight=62450 723 104 81 29551 236 4234 1374 59 67 386 524 140 594 133
leaf_count=62450 723 104 81 29551 236 4234 1374 59 67 386 524 140 594 133
internal_value=1.17058e-05 9.85808e-05 -0.0012584 0.00011136 0.000845238 9.01841e-05 -3.45808e-05 0.00039157 0.00297697 0.000197635 -4.73653e-05 -3.71011e-05 -0.000611977 -0.00224185
internal_weight=100656 35062 318 34744 959 33785 65594 1886 126 1760 63708 62590 1118 214
internal_count=100656 35062 318 34744 959 33785 65594 1886 126 1760 63708 62590 1118 214
is_linear=0
shrinkage=0.02


Tree=219
num_leaves=13
num_cat=0
split_feature=30 13 3 30 2 3 26 30 22 2 26 4
split_gain=0.973429 1.13465 1.03371 1.03153 1.02009 0.962346 0.777154 0.744137 1.16541 0.748082 0.667939 0.590369
threshold=3.7303030303030305 1.0500000000000003 0.32993197278911562 3.8480769230769236 0.68990384615384626 1.2508741258741261 0.39444444444444454 1.0833333333333337 0.3550420168067227 0.30384615384615393 0.55277777777777792 1.9000000000000001
decision_type=2 2 2 2 2 2 2 2 2 2 2 2
left_child=7 2 6 11 -4 -5 -2 -1 10 -10 -9 -3
right_child=1 3 4 5 -6 -7 -8 8 9 -11 -12 -13
leaf_value=0.00079526153964040453 0.00047301002102106157 0.00096446947595937469 0.00062842559150787963 0.00055710991328222705 3.1021751030703414e-05 0.0018831082104760059 0.0024264202887813251 -0.00032033919013092218 -0.00050445631836740354 -1.0233282421413326e-05 -0.0013623305984295398 -0.00060024484701272916
leaf_weight=427 319 121 1188 1423 31215 270 118 2838 1250 60802 277 408
leaf_count=427 319 121 1188 1423 31215 270 118 2838 1250 60802 277 408
internal_value=1.14781e-05 9.66192e-05 6.66597e-05 0.00053445 5.32706e-05 0.000776453 0.00103191 -3.38815e-05 -3.9492e-05 -2.03662e-05 -0.000417021 -0.000221225
internal_weight=100656 35062 32840 2222 32403 1693 437 65594 65167 62052 3115 529
internal_count=100656 35062 32840 2222 32403 1693 437 65594 65167 62052 3115 529
is_linear=0
shrinkage=0.02


Tree=220
num_leaves=12
num_cat=0
split_feature=28 5 15 24 35 7 26 6 31 11 11
split_gain=0.861405 0.853774 0.8202 0.840869 1.48377 0.77178 0.7315 1.00538 0.506165 0.463246 0.357623
threshold=2.4500000000000006 2.0500000000000003 0.16733333333333333 1.1000000000000003 0.10177338355304456 2.382847386393486 0.17914438502673799 0.51315789473684215 2.9260777170613239 0.28271848924022841 0.2006289308176101
decision_type=2 2 2 2 2 2 2 2 2 2 2
left_child=1 9 6 5 -5 -4 8 -8 -2 10 -1
right_child=2 -3 3 4 -6 -7 7 -9 -10 -11 -12
leaf_value=-0.00022218035934019436 -0.00049921224528177554 0.0016218499558987003 -6.9769777591553397e-06 0.00095529317969336735 -0.00051138511183974032 0.00035669787632133104 -0.00052833979695553592 0.00047456521219138499 0.00017364671658574735 -0.001637114779923552 0.00068258869750746371
leaf_weight=7295 732 99 83205 917 383 2399 431 4201 1117 91 172
leaf_count=7295 732 99 83205 917 383 2399 431 4201 1117 91 172
internal_value=1.03887e-05 -0.000193357 2.72056e-05 1.0896e-05 0.000515385 3.10607e-06 0.000244287 0.000378901 -8.75803e-05 -0.00021888 -0.000199823
internal_weight=101042 7657 93385 86904 1300 85604 6481 4632 1849 7558 7467
internal_count=101042 7657 93385 86904 1300 85604 6481 4632 1849 7558 7467
is_linear=0
shrinkage=0.02


Tree=221
num_leaves=16
num_cat=0
split_feature=7 6 32 7 34 26 2 1 33 24 2 29 31 26 29
split_gain=0.689888 1.57279 1.25958 1.03497 0.80786 0.820783 0.789333 0.754341 0.691115 0.665668 0.786102 0.625487 1.2786 0.637923 0.472958
threshold=2.2510504201680677 2.4522727272727276 0.29166666666666669 2.1003355704697992 0.06904761904761901 0.84807692307692317 0.74342105263157909 1.1547619047619049 0.38750000000000007 0.29166666666666669 0.324561403508772 4.0500000000000007 3.793218390804598 0.62019230769230782 3.3166666666666669
decision_type=2 2 2 2 2 2 2 2 2 2 2 2 2 2 2
left_child=3 4 7 9 5 -2 -6 -3 -4 14 -11 13 -13 -5 -1
right_child=1 2 8 11 6 -7 -8 -9 -10 10 -12 12 -14 -15 -16
leaf_value=-0.00011478708290727206 0.00036908114126631809 0.00012735961706607373 -0.0022590153724760622 -0.00040661242604255675 -0.0025630478517097589 -0.0019992477248112362 -0.00030007159449702242 0.0013102680514765603 0.0002643278403126675 -0.00076678812705636295 7.8261646967992934e-05 0.0021500780866259622 -0.00022999019049607907 -0.0014047778513490783 9.49838557790064e-06
leaf_weight=19637 1434 306 72 1608 66 58 960 934 90 441 42190 103 624 320 32199
leaf_count=19637 1434 306 72 1608 66 58 960 934 90 441 42190 103 624 320 32199
internal_value=1.01793e-05 0.000270239 0.00080683 -2.19491e-07 -2.49645e-05 0.000267768 -0.000460074 0.00102708 -0.000810055 1.06266e-05 6.92498e-05 -0.000389612 9.84696e-05 -0.000578748 -3.73943e-05
internal_weight=101042 3920 1402 97122 2518 1492 1026 1240 162 94467 42631 2655 727 1928 51836
internal_count=101042 3920 1402 97122 2518 1492 1026 1240 162 94467 42631 2655 727 1928 51836
is_linear=0
shrinkage=0.02


Tree=222
num_leaves=15
num_cat=0
split_feature=22 28 37 12 4 2 31 7 6 3 21 5 27 26
split_gain=0.847216 0.820932 0.787002 1.08746 1.12439 0.950159 1.20441 0.786576 1.31259 0.823901 0.661465 0.623906 0.494775 0.436543
threshold=0.3550420168067227 2.4500000000000006 46.500000000000007 0.45000000000000007 2.291666666666667 1.0250000000000001 3.6814487053425116 2.382847386393486 2.4522727272727276 0.8393508863399376 0.2678571428571429 2.0500000000000003 0.41390292115088956 0.10818713450292396
decision_type=2 2 2 2 2 2 2 2 2 2 2 2 2 2
left_child=2 11 3 4 -1 12 -7 9 -9 -3 -5 13 -4 -2
right_child=1 7 5 10 -6 6 -8 8 -10 -11 -12 -13 -14 -15
leaf_value=0.00014136318904026487 -0.00052965197175488643 0.00010382973019264358 -0.0007432212696578546 -0.0012250367480905811 0.003031598004911627 0.00088549699774686835 -0.00058239111408189815 1.534691526053993e-05 0.00096675298784090118 -2.1443944445854782e-05 -8.3463410593377142e-07 0.0014561074871695442 -0.0020771945321905443 -0.00012726149629185799
leaf_weight=1897 1414 35089 1069 396 54 343 629 1507 964 52066 347 87 136 5044
leaf_count=1897 1414 35089 1069 396 54 343 629 1507 964 52066 347 87 136 5044
internal_value=9.96754e-06 2.30983e-05 -0.000247132 -1.47024e-05 0.000229502 -0.000529892 -5.33802e-05 3.89832e-05 0.00039104 2.88783e-05 -0.000668263 -0.000192845 -0.000905255 -0.000217051
internal_weight=101042 96171 4871 2694 1951 2177 972 89626 2471 87155 743 6545 1205 6458
internal_count=101042 96171 4871 2694 1951 2177 972 89626 2471 87155 743 6545 1205 6458
is_linear=0
shrinkage=0.02


Tree=223
num_leaves=13
num_cat=0
split_feature=22 27 26 0 11 15 8 4 15 27 34 1
split_gain=0.813962 0.734489 0.698589 1.08089 1.47153 1.40073 0.579356 0.536357 0.809459 0.49167 0.454071 0.339088
threshold=0.3550420168067227 0.69371296905859137 0.48684210526315791 0.70833333333333337 0.27303030303030307 0.72889276096942823 0.90000000000000013 2.7750000000000004 0.61128803963198874 0.17509124087591241 0.17914438502673799 1.0500000000000003
decision_type=2 2 2 2 2 2 2 2 2 2 2 2
left_child=1 7 6 5 -5 -4 10 8 -1 -9 -2 -3
right_child=2 11 3 4 -6 -7 -8 9 -10 -11 -12 -13
leaf_value=-0.00022359841436929022 -2.0906726696051302e-05 -0.0021926465763577392 4.6397708647517657e-06 0.00015221663600445014 0.00078601593162581234 -0.0011035951651617673 -0.0017159495549865917 0.00035703008515494211 0.00070761837174787231 -0.0014624816703694061 0.00012352643588366192 -4.1169860146262428e-05
leaf_weight=4003 67149 110 5884 10863 1708 491 77 68 406 231 9999 53
leaf_count=4003 67149 110 5884 10863 1708 491 77 68 406 231 9999 53
internal_value=9.76474e-06 -0.000242235 2.26371e-05 0.000131473 0.000239237 -7.94673e-05 -3.93748e-06 -0.000193751 -0.000135299 -0.00101583 -2.05469e-06 -0.00156267
internal_weight=101042 4871 96171 18946 12571 6375 77225 4708 4409 299 77148 163
internal_count=101042 4871 96171 18946 12571 6375 77225 4708 4409 299 77148 163
is_linear=0
shrinkage=0.02


Tree=224
num_leaves=16
num_cat=0
split_feature=22 28 15 23 29 37 12 1 2 31 21 0 31 27 37
split_gain=0.782122 0.783764 0.882147 0.978204 0.835435 0.757075 1.04998 1.1442 0.914256 1.1565 0.633508 0.593379 0.660269 0.475742 0.383726
threshold=0.3550420168067227 2.4500000000000006 0.16733333333333333 0.22421849822752174 4.2361111111111116 46.500000000000007 0.45000000000000007 0.88194444444444453 1.0250000000000001 3.6814487053425116 0.2678571428571429 0.90000000000000013 3.1581140350877197 0.41390292115088956 2.5000000000000004
decision_type=2 2 2 2 2 2 2 2 2 2 2 2 2 2 2
left_child=5 11 4 -4 -3 6 7 -1 13 -10 -8 14 -13 -7 -2
right_child=1 2 3 -5 -6 8 10 -9 9 -11 -12 12 -14 -15 -16
leaf_value=-9.9351052562275134e-05 -0.00079209684913462779 0.00023162601264514586 0.0011572704937876455 1.6347934399574633e-05 0.0017965663843591449 -0.00072378528816581999 -0.0011966306884684155 0.00092785415296651878 0.00087268922467162642 -0.00056582793947633969 0 0.0010238606342886903 -0.0010912064462900162 -0.0020325655760108563 -0.00018836852676280727
leaf_weight=1316 468 5976 300 83210 140 1069 396 635 343 629 347 291 68 136 5718
leaf_count=1316 468 5976 300 83210 140 1069 396 635 343 629 347 291 68 136 5718
internal_value=9.56365e-06 2.21836e-05 3.77071e-05 2.05939e-05 0.000269659 -0.000237455 -9.45417e-06 0.000230465 -0.000514744 -4.71865e-05 -0.000651794 -0.000188811 0.000591708 -0.000882906 -0.000235901
internal_weight=101042 96171 89626 83510 6116 4871 2694 1951 2177 972 743 6545 359 1205 6186
internal_count=101042 96171 89626 83510 6116 4871 2694 1951 2177 972 743 6545 359 1205 6186
is_linear=0
shrinkage=0.02


Tree=225
num_leaves=10
num_cat=0
split_feature=24 24 31 0 31 35 37 11 13
split_gain=1.00212 1.28492 0.909163 1.19665 1.12267 0.880675 1.19402 0.760121 0.613913
threshold=1.5500000000000003 1.1000000000000003 4.2277854367715264 0.45000000000000007 4.1155435473617299 0.10177338355304456 52.500000000000007 0.076018161805173359 0.47222222222222227
decision_type=2 2 2 2 2 2 2 2 2
left_child=1 2 4 -4 -1 6 -3 -7 -2
right_child=8 5 3 -5 -6 7 -8 -9 -10
leaf_value=-4.0128306821930592e-06 -6.2499166220084001e-05 0.0017163686898596789 -0.001510609066379922 0.0006111507532643337 -0.00048456566751543486 0.0016751202731065348 0.00028685334476007932 -0.00059345134576403258 -0.0024794788729576838
leaf_weight=96103 85 434 110 1528 1984 69 550 327 103
leaf_count=96103 85 434 110 1528 1984 69 550 327 103
internal_value=-2.71908e-07 2.35631e-06 -5.93749e-06 0.000460898 -1.38446e-05 0.000608081 0.000929696 -0.000166613 -0.00145149
internal_weight=101293 101105 99725 1638 98087 1380 984 396 188
internal_count=101293 101105 99725 1638 98087 1380 984 396 188
is_linear=0
shrinkage=0.02


Tree=226
num_leaves=12
num_cat=0
split_feature=31 31 0 29 27 6 7 0 21 31 33
split_gain=0.814039 1.15048 1.13724 1.0748 1.11755 0.770981 1.15965 0.855737 0.728721 0.696492 0.608029
threshold=4.2277854367715264 4.1155435473617299 0.45000000000000007 4.1833333333333345 0.30674242424242426 1.5941176470588239 2.2046823658269443 0.90000000000000013 1.5857142857142861 4.0346024904214568 0.11805555555555557
decision_type=2 2 2 2 2 2 2 2 2 2 2
left_child=1 3 -2 9 -5 7 -7 -3 10 -1 -4
right_child=2 5 8 4 -6 6 -8 -9 -10 -11 -12
leaf_value=-2.1632892075029178e-05 -0.0014809364160256727 0.00091424298748164117 0.0002037365045077942 -5.6576059538708404e-05 0.00050638271641745638 -0.0010000606123820878 0.00052769986969051943 -0.00059362743945815899 0.0024060896489509318 0.00041583195590843853 0.0011329903473725192
leaf_weight=90467 110 282 1044 2403 3314 1165 229 314 84 1476 405
leaf_count=90467 110 282 1044 2403 3314 1165 229 314 84 1476 405
internal_value=-2.68778e-07 -7.65183e-06 0.000440908 1.95156e-06 0.000268071 -0.000483491 -0.000741527 0.000103777 0.000587074 -1.44924e-05 0.000471561
internal_weight=101293 99650 1643 97660 5717 1990 1394 596 1533 91943 1449
internal_count=101293 99650 1643 97660 5717 1990 1394 596 1533 91943 1449
is_linear=0
shrinkage=0.02


Tree=227
num_leaves=16
num_cat=0
split_feature=7 7 31 31 21 27 31 29 31 7 6 4 9 29 31
split_gain=0.796133 1.11478 1.03927 1.71837 1.2405 1.13115 1.07073 1.02441 1.32841 0.929879 1.21519 0.788777 0.682017 0.526471 0.458666
threshold=2.2510504201680677 2.1003355704697992 3.5236497283477157 3.6366749688667501 0.81666666666666676 0.77108940354509004 3.6677282377919327 4.0500000000000007 3.793218390804598 2.0032679738562096 1.4472222222222224 1.5500000000000003 0.31666666666666671 3.5857142857142867 3.4951918631530288
decision_type=2 2 2 2 2 2 2 2 2 2 2 2 2 2 2
left_child=1 9 4 5 13 -4 -5 11 -9 12 -11 -3 -1 -2 -6
right_child=2 7 3 6 14 -7 -8 8 -10 10 -12 -13 -14 -15 -16
leaf_value=1.3698933120066427e-06 0.0007220208470941718 -0.0014317772156196022 0.0023470233375453608 -0.0014196259375159623 -0.00083360412445935336 -0.00026290453597903253 0.00035688615563509655 0.0023675515525268787 -0.00011238084945693636 0.0025524760623580047 0.00030323861462553753 -0.00043391987058833607 -0.00027469173657500718 -0.0012573153886102863 -0.0027491778543550678
leaf_weight=88956 315 424 277 139 273 78 2720 97 637 101 1938 1482 3725 60 71
leaf_count=88956 315 424 277 139 273 78 2720 97 637 101 1938 1482 3725 60 71
internal_value=-2.56313e-07 -1.1627e-05 0.000278541 0.000433789 -0.000400838 0.0017473 0.000266088 -0.000416843 0.000207305 -2.188e-07 0.000421944 -0.000662408 -9.62327e-06 0.000373812 -0.00127148
internal_weight=101293 97360 3933 3214 719 355 2859 2640 734 94720 2039 1906 92681 375 344
internal_count=101293 97360 3933 3214 719 355 2859 2640 734 94720 2039 1906 92681 375 344
is_linear=0
shrinkage=0.02


Tree=228
num_leaves=11
num_cat=0
split_feature=24 24 22 23 16 31 4 31 28 0
split_gain=0.965064 1.23543 1.57729 2.0557 1.34193 0.834717 1.47138 1.03674 0.670204 0.584166
threshold=1.5500000000000003 1.1000000000000003 0.59411764705882364 0.48013157894736841 0.45000000000000007 4.2277854367715264 1.2250000000000003 4.1155435473617299 2.9000000000000004 0.63333333333333341
decision_type=2 2 2 2 2 2 2 2 2 2
left_child=1 5 3 -3 -4 7 -7 -1 9 -2
right_child=8 2 4 -5 -6 6 -8 -9 -10 -11
leaf_value=-3.93492427944461e-06 0.001183429154065939 -0.00024919718503952027 -0.00077444374016145392 0.003701518424856129 0.00072455345385173371 -0.00046561163992969539 0.00083412120020193116 -0.00046573818322695037 -0.0027593865464715394 -0.0017126958255182234
leaf_weight=96103 50 79 326 132 843 487 1151 1984 83 55
leaf_count=96103 50 79 326 132 843 487 1151 1984 83 55
internal_value=-2.5321e-07 2.32412e-06 0.000596273 0.00218694 0.000297378 -5.80649e-06 0.000441499 -1.3387e-05 -0.00142439 -0.000243788
internal_weight=101293 101105 1380 211 1169 99725 1638 98087 188 105
internal_count=101293 101105 1380 211 1169 99725 1638 98087 188 105
is_linear=0
shrinkage=0.02


Tree=229
num_leaves=11
num_cat=0
split_feature=24 24 22 23 16 31 31 3 9 37
split_gain=0.92776 1.18634 1.51406 1.97765 1.28931 0.80127 0.995715 0.67042 0.413014 0.678195
threshold=1.5500000000000003 1.1000000000000003 0.59411764705882364 0.48013157894736841 0.45000000000000007 4.2277854367715264 4.1155435473617299 1.3344519015659957 1.0000000180025095e-35 87.500000000000014
decision_type=2 2 2 2 2 2 2 2 2 2
left_child=1 5 3 -3 -4 6 -1 -7 -2 -10
right_child=8 2 4 -5 -6 7 -8 -9 9 -11
leaf_value=-3.8562277655132379e-06 0 -0.00024433635635140504 -0.00075904930691893507 0.0036285929759936547 0.0007100966826698484 0.00069869229309033889 -0.00045643280204929492 -0.00016918092119766297 -0.0033203765872406631 -0.00019544722670215671
leaf_weight=96103 60 79 326 132 843 1147 1984 491 71 57
leaf_count=96103 60 79 326 132 843 1147 1984 491 71 57
internal_value=-2.5209e-07 2.273e-06 0.000584301 0.00214291 0.000291258 -5.69241e-06 -1.31215e-05 0.000432556 -0.00139659 -0.00203015
internal_weight=101293 101105 1380 211 1169 99725 98087 1638 188 128
internal_count=101293 101105 1380 211 1169 99725 98087 1638 188 128
is_linear=0
shrinkage=0.02


Tree=230
num_leaves=16
num_cat=0
split_feature=22 4 30 16 35 5 30 29 11 3 21 35 11 29 11
split_gain=0.771249 0.852392 0.689232 1.0292 0.592478 0.746391 0.57497 0.569163 0.689682 0.792266 0.555032 0.492187 0.235599 0.251778 0.223493
threshold=0.3550420168067227 0.29166666666666669 2.6583333333333337 1.0000000180025095e-35 0.19271581739803254 1.6125000000000003 2.2899159663865549 2.5277777777777781 0.026432231020027903 0.99679487179487192 0.81666666666666676 0.021818470326880352 0.034602490421455905 1.0000000180025095e-35 0.062284482758620661
decision_type=2 2 2 2 2 2 2 2 2 2 2 2 2 2 2
left_child=7 2 6 -4 10 -6 -2 12 11 -10 -3 -9 13 -1 -14
right_child=1 4 3 -5 5 -7 -8 8 9 -11 -12 -13 14 -15 -16
leaf_value=0.0003755238886448103 -3.5153883748939907e-05 0.00011227074531173418 -0.00040990183132551207 0.00020397559845623082 3.4352818072271606e-05 -0.00032908523480901832 -0.00096033486605606375 -0.00030863163061439991 -0.00050526378510785204 0.00016861392729344423 7.4756032748287945e-06 -0.0012090142784746531 0.0018349922885154857 -0.00035373659282539679 0.00032410563244706107
leaf_weight=367 445 40300 2111 2239 5689 3703 779 510 1416 1343 41002 541 56 387 208
leaf_count=367 445 40300 2111 2239 5689 3703 779 510 1416 1343 41002 541 56 387 208
internal_value=1.4778e-05 2.72438e-05 -0.000212473 -9.1685e-05 4.20912e-05 -0.000107916 -0.000632737 -0.000231622 -0.000344751 -0.000173734 5.95452e-05 -0.000783014 0.00018182 0 0.000693578
internal_weight=101096 96268 5574 4350 90694 9392 1224 4828 3810 2759 81302 1051 1018 754 264
internal_count=101096 96268 5574 4350 90694 9392 1224 4828 3810 2759 81302 1051 1018 754 264
is_linear=0
shrinkage=0.02


Tree=231
num_leaves=9
num_cat=0
split_feature=27 34 22 12 35 15 29 35
split_gain=0.764826 0.80912 0.759093 0.723035 1.42304 0.861334 0.559564 0.474127
threshold=1.5357142857142858 1.0000000180025095e-35 0.3550420168067227 0.36666666666666675 0.19453765846383292 0.19065794256633947 4.3875000000000011 0.24496553588322742
decision_type=2 2 2 2 2 2 2 2
left_child=2 -2 6 5 -5 -4 7 -1
right_child=1 -3 3 4 -6 -7 -8 -9
leaf_value=-0.00015059405874930733 0 0.0034288955065939165 0.00015504461501843721 0.00010493588498068196 -0.00023267853107982115 -8.3777143051532148e-05 -0.0015871006373531563 -0.0011658650819136173
leaf_weight=4502 59 52 7381 50458 5525 32806 119 194
leaf_count=4502 59 52 7381 50458 5525 32806 119 194
internal_value=1.448e-05 0.00165964 1.25398e-05 2.49052e-05 7.14307e-05 -3.96593e-05 -0.000232266 -0.000195144
internal_weight=101096 111 100985 96170 55983 40187 4815 4696
internal_count=101096 111 100985 96170 55983 40187 4815 4696
is_linear=0
shrinkage=0.02


Tree=232
num_leaves=16
num_cat=0
split_feature=12 35 10 28 28 0 34 31 9 14 7 30 19 1 31
split_gain=0.712068 1.46144 0.872842 0.945246 0.774518 0.969521 0.760916 0.660028 0.581756 0.689539 0.515725 1.01244 0.533328 0.38719 0.299459
threshold=0.36666666666666675 0.19453765846383292 1.0000000180025095e-35 3.2250000000000005 3.4500000000000006 1.5500000000000003 0.17156862745098037 3.6814487053425116 0.31666666666666671 0.73030303030303034 0.50581395348837221 3.5941176470588241 0.76618139924591555 1.2111111111111115 3.7781293952180035
decision_type=2 2 2 2 2 2 2 2 2 2 2 2 2 2 2
left_child=8 2 3 -2 5 -3 -4 -6 10 13 11 -1 -12 -10 -11
right_child=1 4 6 -5 7 -7 -8 -9 9 14 12 -13 -14 -15 -16
leaf_value=5.1735527969706866e-05 0.0001751686348916386 2.7604854392434312e-06 9.6268302142657309e-05 -0.00040705973215787581 -0.00082624061338937098 0.0024454221436206033 0.00041402228544664809 -0.00023655178841234238 -0.001729641894805799 -0.00032557481053200639 -7.514908621624021e-05 0.0010355450557297237 0.00034770488824163162 0 0.0015026161399754611
leaf_weight=3097 1852 1668 44826 2736 1070 66 3257 2902 225 86 37487 487 1223 61 53
leaf_count=3097 1852 1668 44826 2736 1070 66 3257 2902 225 86 37487 487 1223 61 53
internal_value=1.41851e-05 5.96665e-05 9.27429e-05 -0.000169884 -0.000243829 0.000104204 0.000118016 -0.000398258 -4.77325e-05 -0.000783527 -4.00656e-05 0.000188709 -6.15139e-05 -0.00134916 0.000312009
internal_weight=101096 58377 52671 4588 5706 1734 48083 3972 42719 425 42294 3584 38710 286 139
internal_count=101096 58377 52671 4588 5706 1734 48083 3972 42719 425 42294 3584 38710 286 139
is_linear=0
shrinkage=0.02


Tree=233
num_leaves=9
num_cat=0
split_feature=27 14 22 31 27 27 29 26
split_gain=0.73268 0.771273 0.72865 0.587205 1.20555 0.709246 0.536715 0.442385
threshold=1.5357142857142858 0.39444444444444454 0.3550420168067227 3.9245929180666845 0.83486703250316596 0.73097601323407779 4.3875000000000011 0.74342105263157909
decision_type=2 2 2 2 2 2 2 2
left_child=2 -2 6 5 -5 -4 7 -1
right_child=1 -3 3 4 -6 -7 -8 -9
leaf_value=-0.0001562706399827159 -7.5668377696343195e-06 0.0031278521687753743 -5.5405889754607862e-06 0.00017241394667684578 -0.0017081232445083395 0.00032992802104872955 -0.0015549857483422461 -0.0013568400112233419
leaf_weight=4569 51 60 80943 12493 135 2599 119 127
leaf_count=4569 51 60 80943 12493 135 2599 119 127
internal_value=1.39072e-05 0.00162412 1.20061e-05 2.4123e-05 0.000151251 4.78382e-06 -0.000227839 -0.000191432
internal_weight=101096 111 100985 96170 12628 83542 4815 4696
internal_count=101096 111 100985 96170 12628 83542 4815 4696
is_linear=0
shrinkage=0.02


Tree=234
num_leaves=10
num_cat=0
split_feature=27 34 12 35 27 15 15 30 30
split_gain=0.703068 0.771321 0.674335 1.45627 1.09668 0.775159 0.766766 0.582336 0.525974
threshold=1.5357142857142858 1.0000000180025095e-35 0.36666666666666675 0.19453765846383292 0.30992957746478872 0.17787193973634649 0.14222503160556257 2.6055555555555561 3.4641025641025647
decision_type=2 2 2 2 2 2 2 2 2
left_child=2 -2 5 4 -4 8 -5 -7 -1
right_child=1 -3 3 6 -6 7 -8 -9 -10
leaf_value=3.6593880517014987e-05 0 0.0033181712417690839 -7.8432765501132769e-06 0.0020208091340188322 0.00017474527264868165 -0.00042874337998495614 -0.00027225309159713019 -6.8883486287534191e-05 0.00042282814190621718
leaf_weight=5890 59 52 24645 56 27983 1916 5639 32973 1883
leaf_count=5890 59 52 24645 56 27983 1916 5639 32973 1883
internal_value=1.36206e-05 0.00159097 1.17564e-05 5.6037e-05 8.90544e-05 -4.85449e-05 -0.000247248 -8.8956e-05 0.00013153
internal_weight=101096 111 100985 58323 52628 42662 5695 34889 7773
internal_count=101096 111 100985 58323 52628 42662 5695 34889 7773
is_linear=0
shrinkage=0.02


Tree=235
num_leaves=12
num_cat=0
split_feature=7 4 14 5 21 27 37 23 7 17 7
split_gain=0.913578 2.0138 0.953307 0.896009 0.771138 0.698253 0.604363 1.23835 0.568148 0.539046 0.48689
threshold=2.1003355704697992 4.3000000000000016 0.84807692307692317 2.1055555555555561 0.68333333333333346 1.5357142857142858 32.500000000000007 1.502808988764045 4.041666666666667 0.61250000000000016 2.8775000000000004
decision_type=2 2 2 2 2 2 2 2 2 2 2
left_child=5 3 -3 8 -5 6 9 -8 -2 -1 -4
right_child=1 2 10 4 -6 -7 7 -9 -10 -11 -12
leaf_value=0.00011604535284284876 -0.00062466465785606165 -2.1891326476366091e-05 0.0035429727048664301 -0.00056873928021118267 8.7708340456004529e-05 0.0017112720381353319 -2.7051022901726684e-05 0.002416353810982532 0.0012805667128719268 -0.00012165461035314987 0.00074208417190955241
leaf_weight=27682 2596 76 89 977 2604 95 62050 81 59 4385 50
leaf_count=27682 2596 76 89 977 2604 95 62050 81 59 4385 50
internal_value=-1.15954e-06 -0.000231474 0.00165572 -0.000298652 -8.8816e-05 1.44958e-05 1.26421e-05 -2.36269e-05 -0.00057763 8.32237e-05 0.0026312
internal_weight=100744 6451 215 6236 3581 94293 94198 62131 2655 32067 139
internal_count=100744 6451 215 6236 3581 94293 94198 62131 2655 32067 139
is_linear=0
shrinkage=0.02


Tree=236
num_leaves=16
num_cat=0
split_feature=7 17 3 14 31 7 11 15 27 19 23 19 37 11 33
split_gain=0.876762 1.25037 1.05879 1.28053 0.83881 0.723525 0.998623 0.938704 0.676078 1.27772 0.791128 0.775203 0.609074 0.764365 0.724252
threshold=2.1003355704697992 0.81666666666666676 1.1035759897828865 0.77350427350427364 3.8409843467790492 2.2510504201680677 0.15916328894035903 0.75086206896551733 0.75096899224806213 0.73444413716814172 1.0323891948596906 0.40637703252032525 16.500000000000004 0.026432231020027903 0.15476190476190474
decision_type=2 2 2 2 2 2 2 2 2 2 2 2 2 2 2
left_child=8 5 3 -3 -4 7 -7 -2 12 11 -11 -10 14 -14 -1
right_child=1 2 4 -5 -6 6 -8 -9 9 10 -12 -13 13 -15 -16
leaf_value=5.4875107640593181e-05 -0.00035397279016359919 -0.0018353054311015819 0.0010720870719826074 0.0002095915630561154 7.8188199810003494e-05 -0.0012699859800773697 -2.6693208514963346e-05 -0.0012703232533896147 2.7146548756703673e-05 0 -0.0017711869544453091 0.0010273768695380141 -0.00025658776911664701 -1.0023072659348147e-06 0.00040437349102044558
leaf_weight=14404 1257 200 557 292 929 294 2187 735 492 391 133 945 5020 70044 2864
leaf_count=14404 1257 200 557 292 929 294 2187 735 492 391 133 945 5020 70044 2864
internal_value=-1.12701e-06 -0.000226755 0.000188373 -0.000605489 0.000458394 -0.000412565 -0.000178956 -0.000698034 1.42076e-05 0.000381576 -0.000451145 0.000692381 6.28884e-06 -1.82345e-05 0.000113461
internal_weight=100744 6451 1978 492 1486 4473 2481 1992 94293 1961 524 1437 92332 75064 17268
internal_count=100744 6451 1978 492 1486 4473 2481 1992 94293 1961 524 1437 92332 75064 17268
is_linear=0
shrinkage=0.02


Tree=237
num_leaves=13
num_cat=0
split_feature=7 17 22 2 7 26 15 27 26 37 23 2
split_gain=0.842416 1.2021 0.915485 1.15766 0.694551 1.50688 0.900965 0.671672 0.584548 0.565498 1.19118 0.69337
threshold=2.1003355704697992 0.81666666666666676 0.73030303030303034 0.97500000000000009 2.2510504201680677 0.85357142857142865 0.75086206896551733 1.5357142857142858 0.24264705882352941 32.500000000000007 1.502808988764045 0.30384615384615393
decision_type=2 2 2 2 2 2 2 2 2 2 2 2
left_child=7 4 8 -4 6 -6 -2 9 -3 11 -11 -1
right_child=1 2 3 -5 5 -7 -8 -9 -10 10 -12 -13
leaf_value=-0.00033416584348928567 -0.00034690457596676613 0.0011794289866009274 -0.00093147890623082824 0.00072016331364804602 -9.4955167715864811e-05 -0.003366482699739522 -0.0012449857333783703 0.0016780864362864151 -0.00067894760051060235 -2.6337366887596816e-05 0.0023700638923300319 0.00010141308782026134
leaf_weight=1524 1257 72 192 1167 2425 56 735 95 547 62050 81 30543
leaf_count=1524 1257 72 192 1167 2425 56 735 95 547 62050 81 30543
internal_value=-1.10566e-06 -0.000222272 0.000184697 0.000478445 -0.000404474 -0.000175478 -0.000684206 1.39236e-05 -0.000443582 1.21036e-05 -2.29761e-05 8.03806e-05
internal_weight=100744 6451 1978 1359 4473 2481 1992 94293 619 94198 62131 32067
internal_count=100744 6451 1978 1359 4473 2481 1992 94293 619 94198 62131 32067
is_linear=0
shrinkage=0.02


Tree=238
num_leaves=16
num_cat=0
split_feature=7 17 15 21 26 7 26 15 15 23 23 17 26 17 31
split_gain=0.809926 1.15505 0.730693 0.997015 0.744175 0.666632 1.44914 0.86473 0.556295 0.810746 0.800139 1.07691 0.584544 0.582859 0.500109
threshold=2.1003355704697992 0.81666666666666676 0.72889276096942823 0.95000000000000007 0.63397129186602885 2.2510504201680677 0.85357142857142865 0.75086206896551733 0.14339826839826839 0.46440092165898622 0.86121248986212506 0.76388888888888895 0.55277777777777792 0.78888888888888908 2.8238526179702657
decision_type=2 2 2 2 2 2 2 2 2 2 2 2 2 2 2
left_child=8 5 4 -4 -3 7 -7 -2 10 12 11 -1 -10 -11 -12
right_child=1 2 3 -5 -6 6 -8 -9 9 13 14 -13 -14 -15 -16
leaf_value=0.00026870019188582545 -0.00033997750949821742 4.557390797272914e-05 2.7377677359372421e-05 0.0012809297636497852 -0.0013676780365608834 -9.3057629290460128e-05 -0.003301474801425276 -0.0012201535899894695 -0.000170074839002836 3.6180543903568359e-05 -0.00050224379891365667 0.0017518817662046508 -0.0010039026838737531 -0.00013008607740916682 8.157938749377944e-05
leaf_weight=4575 1257 706 661 428 183 2425 56 735 5870 70952 827 206 362 9554 1947
leaf_count=4575 1257 706 661 428 183 2425 56 735 5870 70952 827 206 362 9554 1947
internal_value=-1.08791e-06 -0.000217949 0.000180908 0.000530661 -0.000236537 -0.000396563 -0.000172105 -0.000670654 1.36468e-05 -5.76992e-07 0.000178228 0.000335403 -0.00022042 1.6322e-05 -8.91073e-05
internal_weight=100744 6451 1978 1089 889 4473 2481 1992 94293 86738 7555 4781 6232 80506 2774
internal_count=100744 6451 1978 1089 889 4473 2481 1992 94293 86738 7555 4781 6232 80506 2774
is_linear=0
shrinkage=0.02


Tree=239
num_leaves=15
num_cat=0
split_feature=3 2 26 30 5 18 18 2 0 0 0 0 18 18
split_gain=0.655547 1.11037 1.50318 0.810356 0.763052 0.734898 0.675314 0.727323 0.694321 0.658942 0.63659 0.522086 0.869159 0.421022
threshold=0.64879240943070748 0.74342105263157909 0.3550420168067227 3.6201923076923084 4.2500000000000009 0.91287878787878796 0.34166666666666673 0.29705882352941176 0.90000000000000013 0.55000000000000016 0.90000000000000013 1.5500000000000003 0.76696832579185525 0.57518796992481214
decision_type=2 2 2 2 2 2 2 2 2 2 2 2 2 2
left_child=1 6 10 11 5 -5 8 -8 -1 -4 -3 13 -13 -2
right_child=3 2 9 4 -6 -7 7 -9 -10 -11 -12 12 -14 -15
leaf_value=9.9982991139497304e-05 -7.2435460650737438e-05 0.00039156482493067418 0.0021046771165690844 4.8973319518243264e-05 0.0022741216225702254 -0.00039896835726086453 -0.0016916203035526917 -0.00010196884637087525 0.00083773703006180858 0.00080531328245757859 -0.0004242810928298317 6.7956598155493572e-05 0.0013665339624525136 -0.00024159303924566123
leaf_weight=8275 31387 1352 235 41572 59 1513 117 5028 548 620 522 1930 232 7354
leaf_count=8275 31387 1352 235 41572 59 1513 117 5028 548 620 522 1930 232 7354
internal_value=-1.06997e-06 0.000113281 0.000482449 -2.39083e-05 3.63951e-05 3.29932e-05 4.038e-05 -0.000140705 0.000147118 0.0011782 0.000158772 -8.77588e-05 0.00021306 -0.000104815
internal_weight=100744 16697 2729 84047 43144 43085 13968 5145 8823 855 1874 40903 2162 38741
internal_count=100744 16697 2729 84047 43144 43085 13968 5145 8823 855 1874 40903 2162 38741
is_linear=0
shrinkage=0.02


Tree=240
num_leaves=13
num_cat=0
split_feature=23 37 30 3 23 6 5 23 17 7 29 18
split_gain=0.734021 1.81705 1.20342 1.76745 1.25841 0.868994 1.01977 0.815361 0.714823 0.586047 0.391328 0.353739
threshold=1.1094320255474455 151.50000000000003 3.1519230769230773 0.61569230769230787 1.2175391895888794 3.1214285714285719 3.5500000000000003 0.80708020050125329 1.3541666666666667 2.5916172920781215 4.1833333333333345 0.59411764705882364
decision_type=2 2 2 2 2 2 2 2 2 2 2 2
left_child=5 2 4 -4 -2 6 8 -8 -1 10 -7 -3
right_child=1 11 3 -5 -6 9 7 -9 -10 -11 -12 -13
leaf_value=2.0130097453886669e-07 0.00026084383412305803 -0.0010142709495443286 0.00092815324474930148 0.0001634660133366235 -0.00060164888264142976 -0.0024458531400219337 0 0.0025645847937890462 0.0015580889203790891 0 -0.00030074319153121023 -0.0035604712792805266
leaf_weight=82571 1187 64 1337 13380 1537 120 90 110 116 117 64 54
leaf_count=82571 1187 64 1337 13380 1537 120 90 110 116 117 64 54
internal_value=2.70312e-05 0.000144535 0.000161928 0.000233732 -0.000222228 2.10585e-06 6.1339e-06 0.00142553 2.5454e-06 -0.00106682 -0.00176475 -0.00230274
internal_weight=100747 17559 17441 14717 2724 83188 82887 200 82687 301 184 118
internal_count=100747 17559 17441 14717 2724 83188 82887 200 82687 301 184 118
is_linear=0
shrinkage=0.02


Tree=241
num_leaves=13
num_cat=0
split_feature=23 31 19 18 22 14 20 29 28 18 28 18
split_gain=0.704703 1.04771 1.18445 1.19468 1.08387 0.981516 0.962444 0.646821 0.843023 0.690993 0.565878 0.355563
threshold=1.1094320255474455 3.0717142857142865 0.21767001114827197 0.324561403508772 1.1380952380952383 1.0250000000000001 1.1000000000000003 1.3166666666666669 1.5500000000000003 0.91287878787878796 3.5500000000000003 0.24264705882352941
decision_type=2 2 2 2 2 2 2 2 2 2 2 2
left_child=7 4 3 -3 6 -4 -2 -1 11 -10 -6 -9
right_child=1 2 5 -5 10 -7 -8 8 9 -11 -12 -13
leaf_value=0.00075664237636116757 -0.00050122095219393885 0.0014197915561672814 0.00012189125523790368 -0.00012061684189370761 -0.00061170665645948795 0.0011500985121044021 0.001011014119910367 -0.00025319669996538472 1.0161410413277891e-05 -0.00039163034479573088 -0.0024630488010195942 -0.0018553609188890804
leaf_weight=450 317 592 14677 287 885 382 344 122 80734 1747 75 135
leaf_count=450 317 592 14677 287 885 382 344 122 80734 1747 75 135
internal_value=2.64907e-05 0.000141624 0.000191303 0.000906354 -0.000340306 0.000148787 0.000271375 2.06577e-06 -1.93559e-06 1.52068e-06 -0.000771558 -0.00114124
internal_weight=100747 17559 15938 879 1621 15059 661 83188 82738 82481 960 257
internal_count=100747 17559 15938 879 1621 15059 661 83188 82738 82481 960 257
is_linear=0
shrinkage=0.02


Tree=242
num_leaves=15
num_cat=0
split_feature=23 6 2 31 2 6 31 17 28 24 6 7 27 28
split_gain=0.676714 1.05537 1.13794 0.929446 1.02234 0.826699 0.766182 0.786314 0.744018 0.711784 0.647523 0.5641 0.46703 0.309687
threshold=1.1094320255474455 2.8535714285714291 1.2182539682539686 3.0646654719235369 0.77350427350427364 3.1214285714285719 3.9209579704657331 1.0000000180025095e-35 3.5500000000000003 0.45000000000000007 3.3166666666666669 2.5916172920781215 0.30992957746478872 3.9000000000000004
decision_type=2 2 2 2 2 2 2 2 2 2 2 2 2 2
left_child=5 3 -3 8 -5 6 7 -1 -2 -8 -4 12 -7 -13
right_child=1 2 10 4 -6 11 9 -9 -10 -11 -12 13 -14 -15
leaf_value=0.00035853836521802541 -0.00020172251018461902 -0.00099360837959326241 0.0031661154406851738 0.00037680913713112197 4.2125246097695364e-05 -0.00022934094497135707 8.1064335092053994e-05 -2.8389241376465435e-05 -0.001799236020216575 0.00049447359810305519 0.00037955861418477948 0.0012108380290178154 -0.0024989046838323949 -0.00083089104165201598
leaf_weight=2161 1453 50 114 5859 9895 68 8097 70502 128 2127 60 50 116 67
leaf_count=2161 1453 50 114 5859 9895 68 8097 70502 128 2127 60 50 116 67
internal_value=2.59562e-05 0.00013878 0.00150059 0.000120435 0.000167263 2.01882e-06 5.95058e-06 -1.67348e-05 -0.000339486 0.000168128 0.00227728 -0.00104057 -0.0017254 0
internal_weight=100747 17559 224 17335 15754 83188 82887 72663 1581 10224 174 301 184 117
internal_count=100747 17559 224 17335 15754 83188 82887 72663 1581 10224 174 301 184 117
is_linear=0
shrinkage=0.02


Tree=243
num_leaves=15
num_cat=0
split_feature=3 31 19 3 27 4 5 27 3 34 10 31 27 4
split_gain=0.627217 1.55773 1.15395 0.959811 0.945761 1.31872 1.12068 0.867655 1.21529 0.982801 0.871822 1.28271 0.658428 0.626148
threshold=0.62178642056690847 3.1581140350877197 0.25943732193732194 0.40138888888888896 0.25887605042016809 1.0000000180025095e-35 1.3875000000000002 0.18469899665551839 2.1000000000000005 0.10818713450292396 1.0000000180025095e-35 3.9209579704657331 0.92390405293631106 1.9000000000000001
decision_type=2 2 2 2 2 2 2 2 2 2 2 2 2 2
left_child=1 2 3 -1 6 -6 -3 8 9 -2 11 -9 -12 -4
right_child=7 4 13 -5 5 -7 -8 10 -10 -11 12 -13 -14 -15
leaf_value=2.58127883857347e-06 -0.0002351902150896428 0.00039516725071199666 -0.00013459440512251369 0.00052493482424903178 -0.0014331095231076083 0.00093744841353682719 -0.00099011463202615651 -0.00024150824550659425 0.0027643220466479924 0.00019946801232332688 6.4359967838880665e-05 0.00052590089149964162 -0.0006341488170007938 -0.0010438833647605146
leaf_weight=3491 11109 1330 4569 2400 94 1821 279 7748 55 2534 63476 973 540 328
leaf_count=3491 11109 1330 4569 2400 94 1821 279 7748 55 2534 63476 973 540 328
internal_value=2.54369e-05 0.000148088 2.78218e-05 0.000217192 0.000513196 0.000814497 0.000147822 5.00962e-06 -0.00014086 -0.000153708 3.26207e-05 -0.000154641 5.82919e-05 -0.000197941
internal_weight=100747 14312 10788 5891 3524 1915 1609 86435 13698 13643 72737 8721 64016 4897
internal_count=100747 14312 10788 5891 3524 1915 1609 86435 13698 13643 72737 8721 64016 4897
is_linear=0
shrinkage=0.02


Tree=244
num_leaves=13
num_cat=0
split_feature=23 37 30 2 2 6 5 26 17 28 37 13
split_gain=0.642293 1.7485 1.11371 1.31758 1.31402 0.797978 0.980198 0.866175 0.691429 0.53203 0.665629 0.505011
threshold=1.1094320255474455 151.50000000000003 3.1519230769230773 0.77350427350427364 0.94868421052631591 3.1214285714285719 3.5500000000000003 0.34166666666666673 1.3541666666666667 4.2250000000000005 41.500000000000007 0.47222222222222227
decision_type=2 2 2 2 2 2 2 2 2 2 2 2
left_child=5 2 4 -4 -2 6 8 -8 -1 10 -7 -3
right_child=1 11 3 -5 -6 9 7 -9 -10 -11 -12 -13
leaf_value=-1.1570065466140582e-07 -0.00031156013637143173 -0.00054845773090015759 0.00049323632383019148 8.8008323974580522e-05 0.0018915936404040881 -7.4843561649322511e-05 -0.00021579326788584392 0.0023905862856280899 0.0015318223101607822 0.00051527935361105298 -0.0023254360362059542 -0.0034589310368495201
leaf_weight=82571 2614 53 4804 9913 110 98 73 127 116 61 142 65
leaf_count=82571 2614 53 4804 9913 110 98 73 127 116 61 142 65
internal_value=2.49285e-05 0.000134844 0.000151918 0.000221013 -0.000217602 1.60498e-06 5.47e-06 0.00139704 1.94949e-06 -0.00102272 -0.00145598 -0.00226595
internal_weight=100747 17559 17441 14717 2724 83188 82887 200 82687 301 240 118
internal_count=100747 17559 17441 14717 2724 83188 82887 200 82687 301 240 118
is_linear=0
shrinkage=0.02


Tree=245
num_leaves=16
num_cat=0
split_feature=31 33 27 26 26 24 37 24 21 1 30 27 27 19 8
split_gain=0.60544 0.789565 0.913141 1.30142 0.774797 1.17697 1.08121 0.756035 0.722729 1.13134 0.789465 0.661647 1.06787 0.488511 0.355009
threshold=3.9288247213779131 0.31666666666666671 0.78964130070398941 0.29705882352941176 0.64852941176470602 0.63333333333333341 20.500000000000004 1.1000000000000003 0.84523809523809534 1.6833333333333336 4.1937500000000005 0.70615218564490034 0.46180371352785149 0.63176169590643283 1.0000000180025095e-35
decision_type=2 2 2 2 2 2 2 2 2 2 2 2 2 2 2
left_child=1 2 7 -4 6 -6 -3 -1 9 10 -2 12 -10 -11 -13
right_child=8 4 3 -5 5 -7 -8 -9 11 13 -12 14 -14 -15 -16
leaf_value=-4.9349385256721352e-05 0.00045219013871501272 -0.00096253239619545643 -0.0019174844059679245 0.00052946807591840845 -0.0030329984812824812 -0.00031320658686396835 0 0.00050447215506778885 -9.9440972861595709e-05 -0.0015817023587157157 -0.00012131298808105887 -0.00026472959726575823 0.00074095752852960581 -9.647632570571552e-05 -0.002687975753817642
leaf_weight=82850 4557 638 88 1763 106 180 1763 993 5856 169 1183 61 672 217 55
leaf_count=82850 4557 638 88 1763 106 180 1763 993 5856 169 1183 61 672 217 55
internal_value=-2.48846e-05 -4.35641e-05 -3.28464e-05 0.000405795 -0.000381374 -0.00137003 -0.000258405 -4.2659e-05 0.000103599 0.000260473 0.00033225 -3.95745e-05 -1.11975e-05 -0.000777318 -0.00152451
internal_weight=101151 88381 85694 1851 2687 286 2401 83843 12770 6126 5740 6644 6528 386 116
internal_count=101151 88381 85694 1851 2687 286 2401 83843 12770 6126 5740 6644 6528 386 116
is_linear=0
shrinkage=0.02


Tree=246
num_leaves=16
num_cat=0
split_feature=25 2 31 31 19 21 29 31 5 23 0 21 29 13 25
split_gain=0.756667 0.932463 1.10733 1.74917 0.760718 1.40304 0.749342 0.58135 0.680674 1.16082 0.850352 0.516428 0.861085 0.779681 0.379769
threshold=0.5634920634920636 1.4409722222222225 3.7370107962213228 3.597268829231917 0.39930069930069939 0.47222222222222227 3.683333333333334 3.9245929180666845 2.2928571428571431 1.334474885844749 1.4500000000000002 0.89444444444444449 3.7888888888888892 0.18333333333333332 0.61250000000000016
decision_type=2 2 2 2 2 2 2 2 2 2 2 2 2 2 2
left_child=7 4 3 -3 6 -6 -2 8 10 -10 -1 13 -13 -9 -4
right_child=1 2 14 -5 5 -7 -8 11 9 -11 -12 12 -14 -15 -16
leaf_value=-6.3845479124617161e-05 0.00026524632701578919 0.00058466889460881551 0.0011497788375074214 0.0053028403628956186 -0.00060478853113060704 8.6763984099848211e-05 0.0013560177264164905 -0.00056885254203474945 -0.00030070336287618872 0.0015558603625087178 0.00029893758871915978 -0.00069352145190026428 4.2654875626703993e-05 0.00029536023668547454 -0.00036603859437057393
leaf_weight=64624 2165 88 108 53 1306 11351 292 446 6541 134 2682 716 5415 5079 151
leaf_count=64624 2165 88 108 53 1306 11351 292 446 6541 134 2682 716 5415 5079 151
internal_value=-2.44033e-05 0.000103904 0.00105659 0.00247746 7.78927e-05 1.45326e-05 0.000399942 -4.77661e-05 -6.85243e-05 -0.00026148 -4.92323e-05 8.31182e-05 -4.1886e-05 0.000223608 0.000231693
internal_weight=101151 15514 400 141 15114 12657 2457 85637 73981 6675 67306 11656 6131 5525 259
internal_count=101151 15514 400 141 15114 12657 2457 85637 73981 6675 67306 11656 6131 5525 259
is_linear=0
shrinkage=0.02


Tree=247
num_leaves=9
num_cat=0
split_feature=27 31 33 24 3 1 27 3
split_gain=0.596888 0.559379 0.752459 0.83442 0.807621 0.493685 0.574583 0.535022
threshold=1.5357142857142858 3.9288247213779131 0.31666666666666671 1.1000000000000003 1.3581168232909528 1.6833333333333336 0.16722595078299773 1.2642183288409705
decision_type=2 2 2 2 2 2 2 2
left_child=1 2 3 -1 -4 7 -7 -3
right_child=-2 5 4 -5 -6 6 -8 -9
leaf_value=-4.1059175982456439e-05 0.0015345388529252033 6.6294467284825484e-05 -0.00031771042811152227 0.00045836789068177773 -0.0027320395461444195 0.00077144754981553119 -0.00082483782849278862 0.00043112010303614798
leaf_weight=84259 96 10297 2620 1355 56 106 432 1930
leaf_count=84259 96 10297 2620 1355 56 106 432 1930
internal_value=-2.39021e-05 -2.55118e-05 -4.34827e-05 -3.30275e-05 -0.000373971 9.79891e-05 -0.000490117 0.00012476
internal_weight=101151 101055 88290 85614 2676 12765 538 12227
internal_count=101151 101055 88290 85614 2676 12765 538 12227
is_linear=0
shrinkage=0.02


Tree=248
num_leaves=15
num_cat=0
split_feature=25 2 27 24 1 35 14 23 33 2 27 10 6 15
split_gain=0.719193 0.898946 0.81181 1.14733 1.00902 0.733933 0.666704 0.513827 0.788314 0.654881 0.584951 0.508327 2.2045 1.01
threshold=0.5634920634920636 1.4409722222222225 0.34384952229299365 1.0000000180025095e-35 0.78888888888888908 0.27315608919382506 0.97500000000000009 0.64375688867894831 1.0000000180025095e-35 1.5131578947368423 0.78964130070398941 0.12132352941176471 1.4641025641025645 0.39298029556650249
decision_type=2 2 2 2 2 2 2 2 2 2 2 2 2 2
left_child=7 2 4 -4 -2 6 -3 8 9 -1 -10 12 -9 -13
right_child=1 5 3 -5 -6 -7 -8 11 10 -11 -12 13 -14 -15
leaf_value=-1.4199406298415452e-05 -0.00012937844688514337 0.0020472046625988364 -0.0020777880074908436 4.0118176105368912e-05 0.00086484453140739641 -0.00099933832351650526 0.00012873566291463656 -4.2558724381174119e-05 -0.00030414045059405106 -0.0012585709590551464 0.0017223300146205084 0.00018901454080297249 0.00036325630827069918 -0.00012995997391568746
leaf_weight=12077 635 221 101 13313 1065 54 125 28921 7950 170 54 4689 6563 25213
leaf_count=12077 635 221 101 13313 1065 54 125 28921 7950 170 54 4689 6563 25213
internal_value=-2.34203e-05 0.000101666 7.61138e-05 2.31188e-05 0.000487882 0.0010371 0.00138757 -4.61996e-05 -0.000134304 -3.24915e-05 -0.000288793 -1.87561e-05 3.22339e-05 -7.95972e-05
internal_weight=101151 15514 15114 13414 1700 400 346 85637 20251 12247 8004 65386 35484 29902
internal_count=101151 15514 15114 13414 1700 400 346 85637 20251 12247 8004 65386 35484 29902
is_linear=0
shrinkage=0.02


Tree=249
num_leaves=15
num_cat=0
split_feature=25 2 5 35 27 3 24 5 30 2 4 1 15 35
split_gain=0.690753 0.863495 0.843525 1.03748 0.779316 1.2688 1.10277 0.513678 0.886663 1.125 0.759021 0.756878 0.65505 0.512438
threshold=0.5634920634920636 1.4409722222222225 3.5500000000000003 0.27315608919382506 0.34384952229299365 1.2310308738880169 1.0000000180025095e-35 2.2111111111111117 3.5419580419580421 1.341666666666667 1.1000000000000003 1.3875000000000002 0.27063246351172049 0.0095695970695970512
decision_type=2 2 2 2 2 2 2 2 2 2 2 2 2 2
left_child=7 4 3 -3 5 -2 -6 10 11 -10 13 -9 -12 -1
right_child=1 2 -4 -5 6 -7 -8 8 9 -11 12 -13 -14 -15
leaf_value=3.9008023671876447e-06 0.00035500970831829517 0.0018443621764580409 -0.0012505292498840475 -0.0011020505428314209 -0.0020370391387383915 0.0030763856923743471 3.931592995181282e-05 -0.00089016041631978363 4.3899425806050902e-05 -0.0005137361616205057 -0.0001864569284362614 7.8375843559072618e-05 5.682604051605215e-05 -0.0001571580931398672
leaf_weight=12242 1629 298 51 51 101 71 13313 1140 5685 1928 5005 424 37523 21690
leaf_count=12242 1629 298 51 51 101 71 13313 1140 5685 1928 5005 424 37523 21690
internal_value=-2.29518e-05 9.96323e-05 0.00101647 0.00138148 7.45749e-05 0.000478024 2.26354e-05 -4.52777e-05 -0.000186843 -9.6107e-05 -2.81513e-05 -0.00062144 2.79522e-05 -9.87597e-05
internal_weight=101151 15514 400 349 15114 1700 13414 85637 9177 7613 76460 1564 42528 33932
internal_count=101151 15514 400 349 15114 1700 13414 85637 9177 7613 76460 1564 42528 33932
is_linear=0
shrinkage=0.02


Tree=250
num_leaves=13
num_cat=0
split_feature=24 35 27 3 24 34 7 27 29 19 2 3
split_gain=0.8748 1.02563 1.26475 0.652272 1.24688 1.76062 0.950139 0.734884 0.707811 0.679956 0.615072 0.514619
threshold=1.3666666666666669 0.020906177156177104 0.82207001522070022 1.0161945974298454 0.77500000000000013 1.0000000180025095e-35 1.7568506006006008 0.14093535572408813 3.2361111111111116 0.40637703252032525 0.97500000000000009 0.98882646691635456
decision_type=2 2 2 2 2 2 2 2 2 2 2 2
left_child=3 11 10 6 9 -6 7 -1 -8 -5 -3 -2
right_child=1 2 -4 4 5 -7 8 -9 -10 -11 -12 -13
leaf_value=-0.00016749936644335124 0.00045973975057444301 0.0011663857493957464 -0.00052086318648138707 0.00039453261649509885 -0.00023467578482038863 0.00081088661048134216 -0.00080453456250246635 1.9388006411204156e-05 -0.00017679251650492024 9.1855692027457419e-07 0.0033601817488670351 -0.0016003161901003355
leaf_weight=9804 119 135 84 1930 929 2004 834 59181 5869 19790 112 75
leaf_count=9804 119 135 84 1930 929 2004 834 59181 5869 19790 112 75
internal_value=4.09882e-06 0.000816823 0.00149568 -7.00167e-08 8.91735e-05 0.000476373 -2.9272e-05 -7.03116e-06 -0.000256605 3.63879e-05 0.0022203 -0.000293856
internal_weight=100866 525 331 100341 24653 2933 75688 68985 6703 21720 247 194
internal_count=100866 525 331 100341 24653 2933 75688 68985 6703 21720 247 194
is_linear=0
shrinkage=0.02


Tree=251
num_leaves=15
num_cat=0
split_feature=2 28 19 14 21 11 11 10 10 19 26 31 31 14
split_gain=0.630093 0.777964 1.17804 0.77857 0.919563 0.75226 0.794472 0.7155 0.683544 0.650702 0.635583 0.859249 0.588724 0.349955
threshold=1.0250000000000001 2.9000000000000004 0.78596059113300509 1.1770833333333337 1.1339285714285716 0.060292895720814262 0.055363984674329451 0.10263157894736842 0.10263157894736842 0.29497688104245484 0.095454545454545472 4.3357843137254912 3.3321839080459772 0.53589743589743599
decision_type=2 2 2 2 2 2 2 2 2 2 2 2 2 2
left_child=5 2 12 7 -5 6 8 -3 -1 -8 13 -12 -2 -7
right_child=1 3 -4 4 -6 10 9 -9 -10 -11 11 -13 -14 -15
leaf_value=-0.00012084752358846764 -0.00016347398883418033 0.0001849795137664207 0.0035102583467960359 0.00044505816276214986 0.0028205192567389687 -0.00017110946845865535 -0.0011996484382466957 -2.9026355360516708e-05 0.00034530272977412727 -0.00029029558223949093 2.625830733245653e-05 0.001893027617473795 0.0010420238476452953 -0.00078487685475593953
leaf_weight=19019 283 10111 56 436 79 1668 453 16197 1336 1182 49103 97 341 505
leaf_count=19019 283 10111 56 436 79 1668 453 16197 1336 1182 49103 97 341 505
internal_value=4.01792e-06 8.57414e-05 0.00075428 6.83652e-05 0.000838293 -2.64845e-05 -0.000124417 5.28506e-05 -8.97296e-05 -0.000549511 1.52436e-05 3.02188e-05 0.00048055 -0.000318936
internal_weight=100866 27503 680 26823 515 73363 21990 26308 20355 1635 51373 49200 624 2173
internal_count=100866 27503 680 26823 515 73363 21990 26308 20355 1635 51373 49200 624 2173
is_linear=0
shrinkage=0.02


Tree=252
num_leaves=12
num_cat=0
split_feature=24 35 27 13 31 3 31 27 33 27 3
split_gain=0.833667 0.98213 1.2151 0.721453 1.06298 1.34552 0.859127 0.626355 0.549284 0.522754 0.496606
threshold=1.3666666666666669 0.020906177156177104 0.82207001522070022 1.0500000000000003 3.7508169934640532 0.88475373547316005 3.6618176047397379 1.5357142857142858 0.77500000000000013 0.51903565561890053 0.98882646691635456
decision_type=2 2 2 2 2 2 2 2 2 2 2
left_child=3 10 9 7 6 -6 -5 8 -1 -3 -2
right_child=1 2 -4 4 5 -7 -8 -9 -10 -11 -12
leaf_value=-1.0502135345641652e-05 0.00045048650138634298 0.0004417392918292214 -0.00051302572668984877 0.00019093724969440992 0.0026204667914481389 0.0004563178560510698 -0.00075785152282659498 0.0021824223720110381 -0.0014190052677919198 0.0027369041325616054 -0.0015725710717114537
leaf_weight=96332 119 66 84 1439 124 1772 515 50 109 181 75
leaf_count=96332 119 66 84 1439 124 1772 515 50 109 181 75
internal_value=3.94054e-06 0.000797329 0.00146178 -1.26748e-07 0.000268177 0.000605736 -5.45341e-05 -1.09411e-05 -1.22271e-05 0.00217226 -0.000288669
internal_weight=100866 525 331 100341 3850 1896 1954 96491 96441 247 194
internal_count=100866 525 331 100341 3850 1896 1954 96491 96441 247 194
is_linear=0
shrinkage=0.02


Tree=253
num_leaves=13
num_cat=0
split_feature=25 6 14 23 3 13 2 3 31 29 27 6
split_gain=0.825248 0.810108 0.767482 1.03601 1.0287 0.717769 1.35041 1.21266 0.976588 0.550264 0.611574 0.335919
threshold=0.68333333333333346 0.67543859649122817 0.48684210526315791 1.4830459770114945 0.79853430688285199 1.0500000000000003 0.74342105263157909 0.79853430688285199 3.7292449874686722 1.267857142857143 0.14093535572408813 0.45227272727272733
decision_type=2 2 2 2 2 2 2 2 2 2 2 2
left_child=5 11 4 -4 -3 9 7 -7 -8 -1 -11 -2
right_child=1 2 3 -5 -6 6 8 -9 -10 10 -12 -13
leaf_value=0.00066980309439021229 -0.00012143219422016825 -4.9329474696164275e-05 9.4810471688920082e-05 -0.0020339752333138577 0.00065929778738451131 0.0004225733687606039 -0.00021640356113764993 0.0044144362615326704 0.00049084544345034693 -0.00016532581409130044 -7.9064248792147156e-06 -0.0018009199844587834
leaf_weight=451 110 1164 4745 91 2575 77 1340 57 1824 11352 76973 107
leaf_count=451 110 1164 4745 91 2575 77 1340 57 1824 11352 76973 107
internal_value=3.86561e-06 0.000189049 0.000220636 5.18614e-05 0.000436111 -1.37124e-05 0.000275668 0.00223408 0.000188209 -2.45814e-05 -2.82553e-05 -0.00100411
internal_weight=100866 8792 8575 4836 3739 92074 3298 134 3164 88776 88325 217
internal_count=100866 8792 8575 4836 3739 92074 3298 134 3164 88776 88325 217
is_linear=0
shrinkage=0.02


Tree=254
num_leaves=13
num_cat=0
split_feature=24 27 2 13 2 31 2 19 27 33 7 13
split_gain=0.793696 0.866611 1.28869 0.668642 1.08606 1.19968 0.976738 0.634285 0.60254 0.528571 0.44587 0.375701
threshold=1.3666666666666669 0.82207001522070022 0.97500000000000009 1.0500000000000003 0.74342105263157909 3.7781293952180035 0.69615384615384623 0.62867965367965384 1.5357142857142858 0.77500000000000013 1.6254032258064519 0.58571428571428574
decision_type=2 2 2 2 2 2 2 2 2 2 2 2
left_child=3 2 10 8 6 -6 -5 -3 9 -1 -2 -4
right_child=1 7 11 4 5 -7 -8 -9 -10 -11 -12 -13
leaf_value=-1.0164810606879285e-05 0.0010347448208535364 0.0012529179560286658 0.0039342781816210067 0.00030081762356704537 -0.00015066912464333263 0.0005686204247798602 0.0035782586481120137 -0.0013238990142804767 0.0021406579074951318 -0.001391862348930256 -0.00078966894369015747 0.0015572777875634128
leaf_weight=96332 127 54 68 87 1956 1735 72 107 50 109 85 84
leaf_count=96332 127 54 68 87 1956 1735 72 107 50 109 85 84
internal_value=3.78527e-06 0.000777922 0.00132269 -1.80899e-07 0.000258112 0.000184859 0.00187307 -0.000393507 -1.05956e-05 -1.1859e-05 0.000255985 0.00272289
internal_weight=100866 525 364 100341 3850 3691 159 161 96491 96441 212 152
internal_count=100866 525 364 100341 3850 3691 159 161 96491 96441 212 152
is_linear=0
shrinkage=0.02


Tree=255
num_leaves=13
num_cat=0
split_feature=26 37 27 20 37 36 28 16 2 31 11 11
split_gain=0.916292 1.06892 0.89844 1.81784 1.05822 0.904613 0.782036 0.964205 0.680878 0.619459 0.61614 0.74688
threshold=0.90454545454545465 101.50000000000001 0.73097601323407779 1.7750000000000001 42.500000000000007 1.0000000180025095e-35 3.3666666666666667 0.90000000000000013 1.2426470588235297 3.7491935483870971 0.35192592592592592 0.17509124087591241
decision_type=2 2 2 2 2 2 2 2 2 2 2 2
left_child=2 10 5 4 -4 8 -3 -8 -1 -7 11 -2
right_child=1 6 3 -5 -6 9 7 -9 -10 -11 -12 -13
leaf_value=-4.8484415284124064e-05 -0.0014836570122136192 -0.001147259847512321 0.00027576781809329987 -0.0025084213966346646 0.0013847785432767211 0 -0.00026432542424452931 0.0031282570871753968 -0.00030889613485889642 0.00015276235285465497 -0.0028355863237682776 5.5465862007424382e-05
leaf_weight=44744 291 61 1874 81 432 33148 55 67 4436 15700 77 200
leaf_count=44744 291 61 1874 81 432 33148 55 67 4436 15700 77 200
internal_value=-7.43129e-06 -0.00070254 -2.11912e-06 0.000380969 0.00048888 -1.1557e-05 0.000586518 0.00153857 -7.21883e-05 4.92822e-05 -0.001136 -0.000838757
internal_weight=101166 751 100415 2387 2306 98028 183 122 49180 48848 568 491
internal_count=101166 751 100415 2387 2306 98028 183 122 49180 48848 568 491
is_linear=0
shrinkage=0.02


Tree=256
num_leaves=15
num_cat=0
split_feature=19 11 16 2 5 21 23 21 21 30 13 7 20 22
split_gain=0.925245 0.921059 1.67124 1.66212 0.735323 0.692192 0.681907 0.587958 1.01336 0.955059 0.52971 0.665952 0.414032 0.257928
threshold=1.0061728395061731 0.33213429256594723 1.1000000000000003 1.3660287081339715 3.354166666666667 0.78888888888888908 1.0000000180025095e-35 0.81666666666666676 0.47222222222222227 3.7303030303030305 0.81666666666666676 2.1516196447230933 0.70833333333333337 1.0954545454545457
decision_type=2 2 2 2 2 2 2 2 2 2 2 2 2 2
left_child=1 7 4 -4 -3 6 -2 8 -1 -9 11 -7 -8 -12
right_child=5 2 3 -5 -6 10 12 9 -10 -11 13 -13 -14 -15
leaf_value=-0.00012459095971065952 0.001607654341687895 0.00026728839750481798 0.00098992743637672689 0.0048488045201219359 -0.0012778213620185852 -0.00038771265467932059 -0.0011084413141180568 -0.00013594174655953556 8.4065697533443185e-05 4.945643158084121e-05 -0.0011424866425139564 -0.0028020200154311222 0.00073414434175022322 0.00077287898311075172
leaf_weight=12191 71 2160 256 56 127 84 175 28548 39096 18098 54 140 59 51
leaf_count=12191 71 2160 256 56 127 84 175 28548 39096 18098 54 140 59 51
internal_value=-7.28433e-06 -2.37374e-06 0.000368962 0.00174087 0.000176076 -0.000767766 -4.57737e-05 -1.23379e-05 3.42698e-05 -6.37964e-05 -0.00140256 -0.00195235 -0.0005992 -0.000121651
internal_weight=101166 100532 2599 312 2287 634 305 97933 51287 46646 329 224 234 105
internal_count=101166 100532 2599 312 2287 634 305 97933 51287 46646 329 224 234 105
is_linear=0
shrinkage=0.02


Tree=257
num_leaves=15
num_cat=0
split_feature=19 10 23 23 21 26 19 19 21 23 13 15 31 22
split_gain=0.888964 0.765731 1.05029 1.41896 1.15908 0.957926 0.929723 0.885814 0.666686 0.654966 0.509405 0.776806 0.404093 0.248196
threshold=1.0061728395061731 0.34166666666666673 1.3715549936788878 1.4830459770114945 1.6833333333333336 0.91987179487179505 0.84946956432176346 0.87545620437956218 0.78888888888888908 1.0000000180025095e-35 0.81666666666666676 0.38304780326056925 4.103575989782887 1.0954545454545457
decision_type=2 2 2 2 2 2 2 2 2 2 2 2 2 2
left_child=1 5 4 -4 -3 7 -7 -1 9 -2 11 -10 -11 -12
right_child=8 2 3 -5 -6 6 -8 -9 10 12 13 -13 -14 -15
leaf_value=-1.6885189545987747e-05 0.0015763821708012936 0.00025721061697389619 0.0042407951912572309 0.00026253362496693927 -0.0017891174818562194 -0.00047166345318158469 -0.0028318101742181435 0.00046904840729055134 0 -0.0010539827074693598 -0.0011204530085836138 -0.0026277048334930882 0.00084323631944479768 0.00075800476209172659
leaf_weight=94344 71 3866 60 100 111 448 81 1522 61 182 54 163 52 51
leaf_count=94344 71 3866 60 100 111 448 81 1522 61 182 54 163 52 51
internal_value=-7.13375e-06 -2.31843e-06 0.000263935 0.00185005 0.000196713 -1.38543e-05 -0.000861184 -9.05641e-06 -0.000752557 -4.33947e-05 -0.00137554 -0.00191475 -0.000586432 -0.000117487
internal_weight=101166 100532 4137 160 3977 96395 529 95866 634 305 329 224 234 105
internal_count=101166 100532 4137 160 3977 96395 529 95866 634 305 329 224 234 105
is_linear=0
shrinkage=0.02


Tree=258
num_leaves=14
num_cat=0
split_feature=10 37 23 14 18 21 5 12 27 27 36 11 12
split_gain=0.70571 1.11899 1.63813 1.21247 0.778356 1.07413 1.26902 0.695314 0.666659 0.646683 0.602295 0.539971 0.319743
threshold=0.34166666666666673 3.5000000000000004 1.3715549936788878 1.1770833333333337 0.85357142857142865 0.78888888888888908 2.9500000000000006 1.2916666666666667 0.48943609581907455 1.5357142857142858 1.0000000180025095e-35 0.37791327913279132 0.90000000000000013
decision_type=2 2 2 2 2 2 2 2 2 2 2 2 2
left_child=4 7 3 -3 9 8 -7 12 -6 10 -1 -4 -2
right_child=1 2 11 -5 5 6 -8 -9 -10 -11 -12 -13 -14
leaf_value=-6.1550674480562837e-05 -0.0012222173539074984 0.00012241956232281461 0.0037678942552634648 0.0013309703904229241 0.00050040611036579008 -0.0010226755149669667 0.001415759563446045 -0.0031047738471935539 -0.00054426173613171026 0.0017759427060315639 3.9282988748685406e-05 0.00093754831044112936 0.00071658783067356463
leaf_weight=47499 75 3581 68 368 601 1037 88 56 405 79 47190 66 53
leaf_count=47499 75 3581 68 368 601 1037 88 56 405 79 47190 66 53
internal_value=-6.98953e-06 0.000244511 0.000315445 0.00023819 -1.81725e-05 -0.000396114 -0.000820889 -0.00126223 6.9673e-05 -9.56025e-06 -1.1193e-05 0.00248166 -0.000343834
internal_weight=101166 4267 4083 3949 96899 2131 1125 184 1006 94768 94689 134 128
internal_count=101166 4267 4083 3949 96899 2131 1125 184 1006 94768 94689 134 128
is_linear=0
shrinkage=0.02


Tree=259
num_leaves=14
num_cat=0
split_feature=26 28 28 3 27 20 14 24 27 25 12 8 3
split_gain=0.850425 0.895481 0.948946 0.880409 0.858689 1.74712 0.91401 0.73963 1.22785 0.71404 0.695925 0.566884 0.258106
threshold=0.90454545454545465 3.1000000000000005 3.5500000000000003 0.90294884799304453 0.73097601323407779 1.7750000000000001 0.39444444444444454 1.3666666666666669 0.65636927480916041 0.78888888888888908 0.77500000000000013 0.29166666666666669 1.0000000180025095e-35
decision_type=2 2 2 2 2 2 2 2 2 2 2 2 2
left_child=4 11 3 -3 7 6 -6 9 -9 -1 -4 12 -2
right_child=1 2 10 -5 5 -7 -8 8 -10 -11 -12 -13 -14
leaf_value=-4.0883207373363505e-06 4.6786460383185029e-06 -0.00050695090838100598 -0.0018040181225851962 0.0020462638190668872 -0.00011561468586154369 -0.002459465355040079 0.00074053750956220991 0.00029696281980629539 0.0038293261883350521 -0.0003173853330524908 0.00024672245695477442 -0.0033219614576908852 -0.0013864647409769411
leaf_weight=94778 56 90 150 115 694 81 1612 197 50 3003 103 60 177
leaf_count=94778 56 90 150 115 694 81 1612 197 50 3003 103 60 177
internal_value=-6.83801e-06 -0.000676493 -9.89816e-05 0.000882963 -1.71673e-06 0.000372802 0.000478665 -1.09458e-05 0.00107719 -1.38187e-05 -0.000934529 -0.00153853 -0.00101237
internal_weight=101166 751 458 205 100415 2387 2306 98028 247 97781 253 293 233
internal_count=101166 751 458 205 100415 2387 2306 98028 247 97781 253 293 233
is_linear=0
shrinkage=0.02


Tree=260
num_leaves=15
num_cat=0
split_feature=32 6 5 23 7 6 22 19 19 33 29 6 33 23
split_gain=0.855414 0.75888 1.15482 1.07587 0.721111 0.892003 1.5606 0.769419 1.16044 0.899645 0.69256 0.561555 0.441903 0.337684
threshold=0.70833333333333337 1.4868421052631582 0.89444444444444449 0.95359603789836356 2.2510504201680677 2.4522727272727276 1.0690476190476195 0.73444413716814172 0.84946956432176346 0.38750000000000007 3.8819444444444451 1.7573529411764708 0.61250000000000016 0.78175416133162623
decision_type=2 2 2 2 2 2 2 2 2 2 2 2 2 2
left_child=4 2 -2 -4 7 10 -7 9 -9 -1 -6 13 -13 -3
right_child=1 11 3 -5 5 6 -8 8 -10 -11 -12 12 -14 -15
leaf_value=1.5766301442563183e-05 -0.00078045164144808252 0.00029660765941326434 0.00098149563283173014 0.0040427249670028685 0.0002975955433606354 0.00026151986796386673 0.0018011807034844938 -0.00050384732037415264 0.00019163197739082468 -0.00038056116123148738 -0.00039250170883572326 0.0013430267963558435 -0.0004504683734597387 -0.0015997582395653148
leaf_weight=90108 60 50 132 82 1593 1004 366 2837 1423 2348 909 158 72 89
leaf_count=90108 60 50 132 82 1593 1004 366 2837 1423 2348 909 158 72 89
internal_value=8.95135e-06 0.000735064 0.0015316 0.00222736 4.1958e-06 0.000271817 0.00068216 -6.42036e-06 -0.000269204 5.58505e-06 4.27699e-05 0.000111577 0.000739438 -0.000852159
internal_weight=101231 643 274 214 100588 3872 1370 96716 4260 92456 2502 369 230 139
internal_count=101231 643 274 214 100588 3872 1370 96716 4260 92456 2502 369 230 139
is_linear=0
shrinkage=0.02


Tree=261
num_leaves=12
num_cat=0
split_feature=32 7 7 16 19 37 13 27 35 0 37
split_gain=0.822071 0.692916 0.748659 0.993438 0.75644 0.643034 1.5983 0.731227 0.641562 0.827791 0.513112
threshold=0.70833333333333337 2.2510504201680677 2.1003355704697992 0.45000000000000007 0.73444413716814172 44.500000000000007 0.38750000000000007 0.39936708860759501 0.17868968779564801 0.63333333333333341 42.500000000000007
decision_type=2 2 2 2 2 2 2 2 2 2 2
left_child=1 2 4 -4 -1 7 -7 -3 -2 -10 -11
right_child=8 5 3 -5 -6 6 -8 -9 9 10 -12
leaf_value=1.3728540920395335e-05 0.0024537299573421478 0.00040201148588230701 -0.00088011064524103045 -5.383085209408233e-05 -0.0002974682548407241 -0.0015971932302821768 0.00091314192327085432 -0.00025206815660140983 -0.0015640423775595776 0.001441622053689145 0.00011470485561423832
leaf_weight=90847 76 1462 895 1741 3233 108 1037 1265 66 233 268
leaf_count=90847 76 1462 895 1741 3233 108 1037 1265 66 233 268
internal_value=8.7783e-06 4.11438e-06 -6.29016e-06 -0.000338623 2.92207e-06 0.000266453 0.000665269 9.49705e-05 0.000720601 0.000462911 0.000754973
internal_weight=101231 100588 96716 2636 94080 3872 1145 2727 643 567 501
internal_count=101231 100588 96716 2636 94080 3872 1145 2727 643 567 501
is_linear=0
shrinkage=0.02


Tree=262
num_leaves=13
num_cat=0
split_feature=32 4 6 27 27 6 33 19 26 28 19 6
split_gain=0.790563 0.794841 1.68779 1.05352 0.671096 0.900638 1.28426 0.999263 0.80337 0.58377 0.543205 0.488028
threshold=0.70833333333333337 0.90000000000000013 1.4868421052631582 0.22956891317547054 0.51526806526806535 1.2426470588235297 0.15476190476190474 0.65724275724275738 0.84807692307692317 3.5500000000000003 0.21076774505070012 1.7350877192982459
decision_type=2 2 2 2 2 2 2 2 2 2 2 2
left_child=4 -2 3 -3 8 6 -6 -7 10 -10 -1 -4
right_child=1 2 11 -5 5 7 -8 -9 9 -11 -12 -13
leaf_value=0.00014269165819843772 -0.00098726852403746698 0 -0.00096279138135253837 0.0033218727015808924 3.4765454577955055e-06 0.00040459766593573909 -0.0011783427839547815 -4.8496305572320217e-06 0 0.0031577363664453679 -3.3234739281861145e-05 0.00063634537526818563
leaf_weight=7679 88 59 107 147 2572 5685 424 4023 51 53 80101 242
leaf_count=7679 88 59 107 147 2572 5685 424 4023 51 53 80101 242
internal_value=8.60103e-06 0.000706651 0.00099577 0.00242461 4.02543e-06 0.000139966 -0.000161116 0.000233927 -1.55142e-05 0.00172362 -1.77279e-05 0.000114883
internal_weight=101231 643 555 206 100588 12704 2996 9708 87884 104 87780 349
internal_count=101231 643 555 206 100588 12704 2996 9708 87884 104 87780 349
is_linear=0
shrinkage=0.02


Tree=263
num_leaves=13
num_cat=0
split_feature=32 4 30 27 7 7 16 33 4 16 27 29
split_gain=0.759473 0.764821 0.888234 0.746327 0.665919 0.718018 0.954007 0.750871 0.621203 0.561931 0.482603 0.324539
threshold=0.70833333333333337 0.90000000000000013 3.6961538461538468 0.22956891317547054 2.2510504201680677 2.1003355704697992 0.45000000000000007 0.38750000000000007 4.3000000000000016 1.4500000000000002 0.53873431533006011 4.0500000000000007
decision_type=2 2 2 2 2 2 2 2 2 2 2 2
left_child=4 -2 3 -3 5 7 -7 -1 9 -6 -10 -4
right_child=1 2 11 -5 8 6 -8 -9 10 -11 -12 -13
leaf_value=1.2308990117467711e-05 -0.00096796190076404152 0 -0.0001909194016220546 0.0025825946272789745 0.00024507492268986729 -0.00086235625289355635 -5.2506462705593582e-05 -0.0003354697111048108 0.0021832634303076514 -0.0013072572680229836 0 0.0010625015359658461
leaf_weight=91530 88 55 200 172 3609 895 1741 2550 114 92 57 128
leaf_count=91530 88 55 200 172 3609 895 1741 2550 114 92 57 128
internal_value=8.43442e-06 0.000692622 0.000976406 0.00194017 3.94771e-06 -6.25018e-06 -0.000331711 2.76937e-06 0.000261127 0.000203101 0.00144232 0.000271392
internal_weight=101231 643 555 227 100588 96716 2636 94080 3872 3701 171 328
internal_count=101231 643 555 227 100588 96716 2636 94080 3872 3701 171 328
is_linear=0
shrinkage=0.02


Tree=264
num_leaves=15
num_cat=0
split_feature=7 4 3 7 22 22 3 11 22 22 31 37 4 31
split_gain=0.663632 0.732167 0.789962 0.728109 0.749637 0.720893 0.683121 1.25789 0.662058 0.593136 0.551291 1.47138 1.04938 0.548853
threshold=2.2510504201680677 4.3000000000000016 1.3754432624113477 2.1003355704697992 0.85357142857142865 0.48684210526315791 1.0506787745367825 0.25940062199604186 1.3717105263157896 0.97500000000000009 3.9380987136210206 44.500000000000007 3.7750000000000004 3.8379330034259618
decision_type=2 2 2 2 2 2 2 2 2 2 2 2 2 2
left_child=3 10 13 6 5 -5 8 -8 -1 -6 11 -2 -12 -3
right_child=1 2 -4 4 9 -7 7 -9 -10 -11 12 -13 -14 -15
leaf_value=-2.8765652407391606e-05 6.2114453548208222e-05 0.0009099256581273572 0 0.00036239302991067661 0.00069641673921519876 -0.00091003237641416488 0.00011414500413082906 0.0020588330471957173 0.00024092716481180582 -0.00024765432370405129 5.6733830164873063e-05 0.001198560832658919 -0.0019163372984220242 0.0040872923201984834
leaf_weight=76150 1562 56 71 202 349 1022 14512 133 3817 1094 1443 654 114 52
leaf_count=76150 1562 56 71 202 349 1022 14512 133 3817 1094 1443 654 114 52
internal_value=8.26097e-06 0.000262274 0.00151351 -1.96081e-06 -0.000327813 -0.000691635 7.1256e-06 0.000132767 -1.57619e-05 -1.17556e-05 0.000199494 0.000402797 -8.35887e-05 0.00257718
internal_weight=101231 3952 179 97279 2667 1224 94612 14645 79967 1443 3773 2216 1557 108
internal_count=101231 3952 179 97279 2667 1224 94612 14645 79967 1443 3773 2216 1557 108
is_linear=0
shrinkage=0.02


Tree=265
num_leaves=14
num_cat=0
split_feature=15 4 33 5 31 19 26 26 26 5 25 15 31
split_gain=0.75109 0.861906 0.850214 1.13797 0.974223 0.805554 0.83118 0.729473 0.69756 0.624449 0.712117 0.694599 0.5977
threshold=0.78736702127659586 1.1000000000000003 0.31666666666666671 2.8166666666666669 3.8078196637799295 0.22276159654800434 0.97500000000000009 0.29705882352941176 0.74342105263157909 1.8660714285714286 0.68333333333333346 0.45173237753882917 2.2578201368523954
decision_type=2 2 2 2 2 2 2 2 2 2 2 2 2
left_child=1 5 3 8 -5 12 -7 -4 -2 10 -3 -11 -1
right_child=2 9 7 4 -6 6 -8 -9 -10 11 -12 -13 -14
leaf_value=-0.00013648794144315322 -0.00020827712955084874 9.3960716017572071e-05 0.00030329854892832892 -0.00010633193850517274 0.0013533553243036101 -8.6164068928193242e-05 -0.0017797069799186838 -0.0022647011321451928 -0.0011271596728452569 0.000166754324159991 0.00041898476559795939 -9.0987243681075753e-05 0.00028124469760935038
leaf_weight=1941 4302 33589 54 373 336 31880 115 142 364 5842 2957 14644 4451
leaf_count=1941 4302 33589 54 373 336 31880 115 142 364 5842 2957 14644 4451
internal_value=8.3102e-06 2.15865e-05 -0.000217215 -0.000167641 0.00057322 -5.15284e-05 -9.26746e-05 -0.00151077 -0.000282555 7.09739e-05 0.000120554 -1.69898e-05 0.000152829
internal_weight=100990 95419 5571 5375 709 38387 31995 196 4666 57032 36546 20486 6392
internal_count=100990 95419 5571 5375 709 38387 31995 196 4666 57032 36546 20486 6392
is_linear=0
shrinkage=0.02


Tree=266
num_leaves=16
num_cat=0
split_feature=4 19 25 27 37 18 31 25 22 18 27 31 22 27 27
split_gain=0.718392 0.815882 0.897517 0.911748 0.750709 0.65357 1.23652 0.803814 0.775462 0.748435 0.630766 1.45474 0.768852 0.52685 0.409675
threshold=1.1000000000000003 0.22276159654800434 0.95000000000000007 0.45318120503597126 63.500000000000007 0.35147058823529415 3.3003759398496242 0.58571428571428574 0.31414473684210531 0.37980769230769235 0.21070533476548511 2.2578201368523954 0.90454545454545465 0.68360888659261188 0.29352812126047073
decision_type=2 2 2 2 2 2 2 2 2 2 2 2 2 2 2
left_child=1 10 3 -3 -4 6 7 -2 -8 14 12 -12 -1 -11 -7
right_child=5 2 4 -5 -6 9 8 -9 -10 13 11 -13 -14 -15 -16
leaf_value=0.0001809955378493706 -0.00010937403480591867 -0.00013819784885680839 -0.00042729460022279198 0.00013522498770421291 -0.0023882893497745197 -0.00042028389509441783 -0.0008722252126147108 0.00096423928241274064 0.00036063603219900259 4.9572648029910505e-06 -0.00084809547766149986 0.00059606979663410792 -0.00040595519718135897 0.00031451248983645073 -0.002654544927420155
leaf_weight=2807 5436 26379 278 5948 118 101 203 291 8010 45334 315 2090 1306 2314 60
leaf_count=2807 5436 26379 278 5948 118 101 203 291 8010 45334 315 2090 1306 2314 60
internal_value=8.13679e-06 -5.86573e-05 -9.954e-05 -8.75749e-05 -0.00104582 5.07464e-05 0.000171307 -5.27586e-05 0.000328741 1.53789e-05 0.000145024 0.000402215 -3.05539e-06 2.02131e-05 -0.00133663
internal_weight=100990 39241 32723 32327 396 61749 13940 5727 8213 47809 6518 2405 4113 47648 161
internal_count=100990 39241 32723 32327 396 61749 13940 5727 8213 47809 6518 2405 4113 47648 161
is_linear=0
shrinkage=0.02


Tree=267
num_leaves=16
num_cat=0
split_feature=4 19 25 27 20 5 34 2 23 20 23 19 27 28 22
split_gain=0.689998 0.783475 0.86334 0.875735 0.800527 0.726473 1.03316 1.11023 1.01175 0.658279 0.835024 0.834064 0.605527 0.902867 0.738447
threshold=1.1000000000000003 0.22276159654800434 0.95000000000000007 0.45318120503597126 1.3666666666666669 1.8660714285714286 0.057189542483660101 0.97500000000000009 0.44482496194824966 1.5500000000000003 1.0295206971677562 0.60063291139240516 0.21070533476548511 2.291666666666667 0.90454545454545465
decision_type=2 2 2 2 2 2 2 2 2 2 2 2 2 2 2
left_child=1 12 3 -3 -4 9 8 -8 -7 11 -11 -2 14 -14 -1
right_child=5 2 4 -5 -6 6 7 -9 -10 10 -12 -13 13 -15 -16
leaf_value=0.00017737819922271681 0.00016841678049092426 -0.00013543410027100786 -0.00058424511266325768 0.0001325213894122789 -0.0030770791570345563 -0.00058451561508951965 -0.00060704714762141432 -8.1536530285037276e-05 0.00011119742537298609 -0.00077358839017193336 1.8167390816937881e-05 -9.5561628728556226e-05 -0.00039921913197082758 0.0005820163950423044 -0.00039784850478627996
leaf_weight=2807 29946 26379 332 5948 64 886 2107 7043 13535 733 1853 5646 450 1955 1306
leaf_count=2807 29946 26379 332 5948 64 886 2107 7043 13535 733 1853 5646 450 1955 1306
internal_value=7.96586e-06 -5.74926e-05 -9.75587e-05 -8.58172e-05 -0.00102569 4.97266e-05 -3.72654e-05 -0.000203746 6.76856e-05 0.000103696 -0.000202816 0.000126258 0.00014209 0.000394084 -2.94787e-06
internal_weight=100990 39241 32723 32327 396 61749 23571 9150 14421 38178 2586 35592 6518 2405 4113
internal_count=100990 39241 32723 32327 396 61749 23571 9150 14421 38178 2586 35592 6518 2405 4113
is_linear=0
shrinkage=0.02


Tree=268
num_leaves=16
num_cat=0
split_feature=21 23 12 5 37 27 4 13 34 13 30 36 23 5 4
split_gain=0.719463 1.18506 1.29787 1.12411 0.953372 0.8444 1.64394 0.914563 0.856587 0.791234 0.873378 0.783875 0.998035 0.732653 0.62734
threshold=0.81666666666666676 1.0912061794414736 1.5500000000000003 2.683333333333334 151.50000000000003 0.75096899224806213 2.7750000000000004 0.95000000000000007 0.14642857142857144 1.4142857142857144 3.9750000000000005 1.0000000180025095e-35 0.65471908187735539 2.8660714285714293 4.6333333333333337
decision_type=2 2 2 2 2 2 2 2 2 2 2 2 2 2 2
left_child=5 9 4 -4 -3 11 7 -7 -8 13 -11 14 -13 -2 -1
right_child=1 2 3 -5 -6 6 8 -9 -10 10 -12 12 -14 -15 -16
leaf_value=-2.5642313924223282e-05 -0.00012817714204507304 7.1366651940624336e-05 0.0022421494169721327 6.9490075111389165e-06 -0.0016653185942041592 0.00045036942552542316 0.0035438653372582936 -0.0018633497754732768 0.00013544410467147827 -0.0031800617550460388 0 -1.9207392412591988e-05 0.00023386699406038124 0.0005782783352566086 -0.0020587661471523221
leaf_weight=25653 30536 16944 204 176 125 1022 103 70 50 69 59 10790 14538 592 59
leaf_count=25653 30536 16944 204 176 125 1022 103 70 50 69 59 10790 14538 592 59
internal_value=7.79444e-06 -4.73996e-05 8.42934e-05 0.00123853 5.78691e-05 5.94004e-05 0.000574311 0.000289778 0.00251064 -0.000121239 -0.00168399 4.66224e-05 0.000125667 -0.000114384 -3.08563e-05
internal_weight=100990 48705 17449 380 17069 52285 1245 1092 153 31256 128 51040 25328 31128 25712
internal_count=100990 48705 17449 380 17069 52285 1245 1092 153 31256 128 51040 25328 31128 25712
is_linear=0
shrinkage=0.02


Tree=269
num_leaves=15
num_cat=0
split_feature=15 2 22 0 36 26 2 22 31 7 7 7 22 23
split_gain=0.727076 0.85017 1.5114 1.12763 0.821525 1.1095 1.48584 1.0561 0.885466 0.783277 0.774746 0.865618 0.799029 0.671191
threshold=0.78736702127659586 1.2426470588235297 0.7947368421052633 1.7083333333333337 1.0000000180025095e-35 0.73508771929824568 1.1081871345029242 1.9045454545454545 3.862193903048476 2.1881770529994182 2.0522063595068141 1.9464967284623775 0.44097222222222227 1.6726190476190479
decision_type=2 2 2 2 2 2 2 2 2 2 2 2 2 2
left_child=4 10 3 -3 5 13 -7 8 -6 -4 11 -2 -12 -1
right_child=1 2 9 -5 7 6 -8 -9 -10 -11 12 -13 -14 -15
leaf_value=-6.1185205598602736e-05 -0.00033188101940658779 0 -0.00029067694418358079 -0.0019792970622840682 4.2708555931105477e-05 0.00081712018633097936 -0.00098724839273193078 -0.0022563442045992073 0.00026760543550513784 0.0012454707954099881 0.00092517086297027337 0.00056509374772142245 -0.00071701359290343063 0.00083546883223661731
leaf_weight=46029 1522 466 163 150 39053 1138 211 75 8580 531 119 594 2026 333
leaf_count=46029 1522 466 163 150 39053 1138 211 75 8580 531 119 594 2026 333
internal_value=7.63925e-06 -0.000214253 0.000226462 -0.000483423 2.07033e-05 -3.78367e-05 0.000526449 7.94558e-05 8.34381e-05 0.000870509 -0.000352134 -7.50665e-05 -0.000620474 -5.44934e-05
internal_weight=100990 5571 1310 616 95419 47711 1349 47708 47633 694 4261 2116 2145 46362
internal_count=100990 5571 1310 616 95419 47711 1349 47708 47633 694 4261 2116 2145 46362
is_linear=0
shrinkage=0.02


Tree=270
num_leaves=14
num_cat=0
split_feature=11 27 2 37 27 37 30 37 37 31 25 2 31
split_gain=0.582881 0.749764 0.702572 0.661583 0.610184 0.593415 1.35314 0.646294 0.5585 0.540359 0.818581 0.689512 0.208933
threshold=0.080145985401459854 1.0200000000000002 0.34166666666666673 78.500000000000014 0.15808405906853462 15.500000000000002 4.1026315789473697 5.5000000000000009 5.5000000000000009 3.6852499352499355 0.58571428571428574 1.1026315789473686 3.2163170633319891
decision_type=2 2 2 2 2 2 2 2 2 2 2 2 2
left_child=5 2 3 -2 -4 6 8 -8 -1 11 -11 -7 -3
right_child=1 12 4 -5 -6 9 7 -9 -10 10 -12 -13 -14
leaf_value=-0.00013733380237475459 -0.00041547388696309295 -0.00055107130867535956 -0.00017166553243799982 -0.0027090260270051657 4.9387247234740703e-05 -0.00011581695313938642 0.00043513636827468871 0.0020981075691765753 0.0001381801056044503 -0.00023010652895169581 -0.001064434667130125 0.00041699003232152838 -0.0026154044843637028
leaf_weight=6176 328 59 5431 62 60056 16418 248 172 5613 4795 531 1024 50
leaf_count=6176 328 59 5431 62 60056 16418 248 172 5613 4795 531 1024 50
internal_value=-1.20875e-05 2.2782e-05 2.5698e-05 -0.000817561 3.08974e-05 -7.81543e-05 3.36818e-05 0.00114658 -5.30633e-06 -0.000138562 -0.000315534 -8.3919e-05 -0.00161817
internal_weight=100963 65986 65877 390 65487 34977 12209 420 11789 22768 5326 17442 109
internal_count=100963 65986 65877 390 65487 34977 12209 420 11789 22768 5326 17442 109
is_linear=0
shrinkage=0.02


Tree=271
num_leaves=15
num_cat=0
split_feature=23 23 22 30 17 37 29 23 1 29 15 15 15 26
split_gain=0.573428 0.739236 0.925825 0.791795 0.896307 0.791722 0.56953 0.562891 1.00735 0.774835 0.516838 1.55375 0.74419 0.514334
threshold=0.82373653686826853 0.87307510068704108 0.74342105263157909 2.6449579831932781 0.61250000000000016 65.500000000000014 2.7888888888888892 0.81589473684210534 1.4722222222222225 3.3875000000000006 0.77431481930633039 0.62080234392607625 0.80064102564102579 0.10263157894736842
decision_type=2 2 2 2 2 2 2 2 2 2 2 2 2 2
left_child=7 2 5 13 -5 -2 -4 10 9 -9 11 -1 -12 -3
right_child=1 3 6 4 -6 -7 -8 8 -10 -11 12 -13 -14 -15
leaf_value=-7.4809344794368195e-05 0.0013223621209234114 0.00020810534851362477 0.00079647075633207962 7.2071105006039869e-05 -0.00013781118475127003 0.00028260101202186246 4.9156185130412595e-05 5.4318010415930763e-05 0.0018455195760549003 -0.0010411461950941259 -0.0011141767982140328 0.00031259604264050723 -0.00017099352868986717 -0.00064265885503610252
leaf_weight=40414 520 352 448 33500 10732 744 4879 379 65 709 410 4606 2023 1182
leaf_count=40414 520 352 448 33500 10732 744 4879 379 65 709 410 4606 2023 1182
internal_value=-1.18537e-05 3.39475e-05 0.000231979 5.20062e-06 2.09174e-05 0.000719663 0.000114157 -6.13945e-05 -0.000498623 -0.000650972 -5.05396e-05 -3.49396e-05 -0.000334827 -0.000440911
internal_weight=100963 52357 6591 45766 44232 1264 5327 48606 1153 1088 47453 45020 2433 1534
internal_count=100963 52357 6591 45766 44232 1264 5327 48606 1153 1088 47453 45020 2433 1534
is_linear=0
shrinkage=0.02


Tree=272
num_leaves=13
num_cat=0
split_feature=10 37 27 27 27 37 34 5 7 27 37 37
split_gain=0.488483 0.918487 0.66618 0.688049 0.628674 0.860956 0.716179 1.01685 0.646721 0.590478 0.431667 0.224474
threshold=1.0000000180025095e-35 145.50000000000003 0.16722595078299773 0.15410428497676817 0.15808405906853462 118.50000000000001 0.054093567251461951 1.8660714285714286 2.2510504201680677 0.21070533476548511 23.500000000000004 148.50000000000003
decision_type=2 2 2 2 2 2 2 2 2 2 2 2
left_child=1 2 3 -1 5 10 8 -8 -6 -4 -2 -3
right_child=4 11 9 -5 6 -7 7 -9 -10 -11 -12 -13
leaf_value=-5.9229819243092144e-06 0 0.00263862426259688 -0.00054470120779105593 0.00076611560935428897 6.0511050269571889e-05 -0.0014979558956363928 3.2098382738022709e-05 -0.00022974279959438776 0.00045048836941324817 -0.00014337254417216871 -0.0002641276669184551 0.0005521154403686524
leaf_weight=4165 5907 54 1748 514 45372 182 17916 8832 1776 10125 4313 59
leaf_count=4165 5907 54 1748 514 45372 182 17916 8832 1776 10125 4313 59
internal_value=-1.1608e-05 -0.000110583 -0.000123506 7.70422e-05 7.84205e-06 -0.000137553 2.84472e-05 -5.39966e-05 7.54315e-05 -0.000203382 -0.00011206 0.00166471
internal_weight=100963 16665 16552 4679 84298 10402 73896 26748 47148 11873 10220 113
internal_count=100963 16665 16552 4679 84298 10402 73896 26748 47148 11873 10220 113
is_linear=0
shrinkage=0.02


Tree=273
num_leaves=13
num_cat=0
split_feature=4 7 31 9 31 30 3 30 29 27 4 29
split_gain=0.582288 0.939498 0.745652 0.558316 1.36883 1.81945 1.32105 0.5364 0.747164 0.518938 0.48921 0.241148
threshold=4.3000000000000016 2.1178513071895426 3.8316310578426269 0.47222222222222227 3.9921567421259847 3.9354166666666672 1.2157568063196502 2.6754385964912282 2.7071428571428577 0.44480286738351255 4.7750000000000012 3.9500000000000006
decision_type=2 2 2 2 2 2 2 2 2 2 2 2
left_child=3 10 -3 7 5 -5 -6 9 -9 -1 11 -2
right_child=1 2 -4 4 6 -7 -8 8 -10 -11 -12 -13
leaf_value=-0.00012195121317991775 0.0013071527368411784 0.00013340417827878681 0.0026516878534489732 -0.00044742242032413308 -0.0028007029287698791 0.001285889027070026 2.7791267404189478e-06 0.00026866850640435 -7.437513201378159e-06 -0.00074384867419932514 -0.001246622159164779 -0.00023186288541182876
leaf_weight=6494 80 89 125 1346 162 292 102 4101 87420 594 96 62
leaf_count=6494 80 89 125 1346 162 292 102 4101 87420 594 96 62
internal_value=-1.13743e-05 0.000702825 0.00166159 -1.46994e-05 -0.000354044 -0.000131143 -0.00168807 -8.0456e-06 4.83097e-06 -0.000175674 -0.000124257 0.000571856
internal_weight=100963 452 214 100511 1902 1638 264 98609 91521 7088 238 142
internal_count=100963 452 214 100511 1902 1638 264 98609 91521 7088 238 142
is_linear=0
shrinkage=0.02


Tree=274
num_leaves=13
num_cat=0
split_feature=4 22 22 23 23 4 30 24 24 15 4 15
split_gain=0.559611 0.790482 0.595003 0.573884 0.737444 1.43345 0.728023 0.604182 1.352 0.659065 0.521323 0.444008
threshold=4.3000000000000016 0.64852941176470602 1.0250000000000001 0.82373653686826853 0.87307510068704108 3.3666666666666667 2.6449579831932781 0.63333333333333341 0.90000000000000013 0.77431481930633039 4.7750000000000012 0.63967276099629056
decision_type=2 2 2 2 2 2 2 2 2 2 2 2
left_child=3 -2 10 7 5 -5 -6 9 -9 -1 -3 -4
right_child=1 2 11 4 6 -7 -8 8 -10 -11 -12 -13
leaf_value=-6.9642033926558552e-05 0.0024962234129140407 0.00050472340745026949 -3.5541515659402918e-05 0.00018194998591130799 -0.00042515525930479219 0.0021362996235970528 1.7900951850728843e-05 0.00043988242750883893 -0.00025655932004478484 -0.00044004720101166055 -0.0013667399292692131 0.0020825927238911392
leaf_weight=41838 79 120 52 6417 1533 153 43958 2715 1871 2026 107 94
leaf_count=41838 79 120 52 6417 1533 153 43958 2715 1871 2026 107 94
internal_value=-1.11468e-05 0.000688999 0.000268297 -1.44085e-05 3.15651e-05 0.00022962 2.73256e-06 -6.40141e-05 0.00015358 -8.69976e-05 -0.000337984 0.00127034
internal_weight=100963 452 373 100511 52061 6570 45491 48450 4586 43864 227 146
internal_count=100963 452 373 100511 52061 6570 45491 48450 4586 43864 227 146
is_linear=0
shrinkage=0.02


Tree=275
num_leaves=16
num_cat=0
split_feature=9 31 3 31 33 31 31 31 31 13 23 23 31 27 24
split_gain=0.71264 0.680437 1.35967 1.28407 0.790268 0.725731 0.668254 1.5512 1.16015 0.957531 0.911042 0.707878 0.664474 0.56065 0.354953
threshold=0.47222222222222227 4.0702439692982466 0.85115174960436091 4.1606040564373901 0.58571428571428574 1.9344086021505378 3.6472473604826554 3.7224014336917564 3.5690356041491458 1.267857142857143 1.2489669421487606 0.92885264341957263 2.00925925925926 0.38907531692766595 0.29166666666666669
decision_type=2 2 2 2 2 2 2 2 2 2 2 2 2 2 2
left_child=1 5 3 -3 -4 14 8 9 11 -8 -9 -2 -7 -10 -1
right_child=6 2 4 -5 -6 12 7 10 13 -11 -12 -13 -14 -15 -16
leaf_value=0.00015779390931129457 -0.0010271656552171397 0.0039672950266012499 8.108852012717292e-05 0.00076812214837781382 0.0022943266594048703 -0.00071007424883970914 -0.0013590868453883646 -0.00010719650211909963 -1.5364183533576229e-05 -0.0045985952134315784 -0.0018010102192292344 0.00035482856043933953 -3.7913097368595196e-05 0.002156652560583631 0.00074612306550218561
leaf_weight=1462 304 65 4329 261 64 592 197 1025 60 50 146 272 91538 131 607
leaf_count=1462 304 65 4329 261 64 592 197 1025 60 50 146 272 91538 131 607
internal_value=-3.01067e-05 -2.21038e-05 0.000211914 0.00145678 0.000116637 -3.39375e-05 -0.000387487 -0.000645229 7.64532e-05 -0.00208669 -0.000329617 -0.000358287 -4.23561e-05 0.00142944 0.000335779
internal_weight=101103 98918 4719 326 4393 94199 2185 1418 767 247 1171 576 92130 191 2069
internal_count=101103 98918 4719 326 4393 94199 2185 1418 767 247 1171 576 92130 191 2069
is_linear=0
shrinkage=0.02


Tree=276
num_leaves=9
num_cat=0
split_feature=29 9 34 3 30 29 31 7
split_gain=0.7721 0.733985 0.882865 0.871682 0.851347 1.04229 0.767887 0.73041
threshold=1.267857142857143 0.47222222222222227 0.080128205128205107 1.1035759897828865 4.1291666666666673 3.8944444444444448 4.0702439692982466 1.7805664830841861
decision_type=2 2 2 2 2 2 2 2
left_child=-1 4 7 -4 6 -6 -2 -3
right_child=1 2 3 -5 5 -7 -8 -9
leaf_value=0.00077750016612864858 -4.8407382681016588e-05 0.00064679772771419365 -0.0014815705932025461 -4.0944854043564708e-06 0.001984630346749768 0.0001748991559094814 0.00032440774733115743 -0.00037301270332601335
leaf_weight=469 90952 374 467 263 130 5113 2257 1078
leaf_count=469 90952 374 467 263 130 5113 2257 1078
internal_value=-2.95022e-05 -3.3378e-05 -0.000396337 -0.000964401 -2.52242e-05 0.000222418 -3.92658e-05 -0.000102928
internal_weight=101103 100634 2182 730 98452 5243 93209 1452
internal_count=101103 100634 2182 730 98452 5243 93209 1452
is_linear=0
shrinkage=0.02


Tree=277
num_leaves=9
num_cat=0
split_feature=30 9 30 30 15 15 3 27
split_gain=0.714899 0.706099 0.816707 0.871858 0.838749 0.657981 0.999732 0.410013
threshold=1.0833333333333337 0.47222222222222227 4.1291666666666673 4.1715686274509816 1.2041666666666668 0.48013157894736841 0.85530453492221137 0.38487525987525989
decision_type=2 2 2 2 2 2 2 2
left_child=-1 2 4 -4 -2 7 -7 -3
right_child=1 5 3 -5 -6 6 -8 -9
leaf_value=0.00077367851185420212 -4.304379791838739e-05 -0.00067935455625302331 0.00061653389911894483 4.7968370049740334e-05 0.00073173947751840798 0.00073806082036592994 -0.00047682860698649492 -0.0029034582789127647
leaf_weight=439 92680 105 1549 3694 559 315 1699 63
leaf_count=439 92680 105 1549 3694 559 315 1699 63
internal_value=-2.89075e-05 -3.25222e-05 -2.45252e-05 0.000218024 -3.82759e-05 -0.000388524 -0.00028131 -0.00159656
internal_weight=101103 100664 98482 5243 93239 2182 2014 168
internal_count=101103 100664 98482 5243 93239 2182 2014 168
is_linear=0
shrinkage=0.02


Tree=278
num_leaves=12
num_cat=0
split_feature=31 16 31 33 2 7 3 28 17 28 20
split_gain=0.660392 0.931747 0.702287 0.894126 0.72644 0.753202 0.714047 0.617457 0.489673 0.244431 0.218325
threshold=1.9344086021505378 0.77500000000000013 3.4566073262581312 0.77500000000000013 1.5419580419580421 1.7568506006006008 0.63670033670033688 1.7083333333333337 0.2678571428571429 1.5500000000000003 0.77500000000000013
decision_type=2 2 2 2 2 2 2 2 2 2 2
left_child=1 7 4 6 5 -2 -4 9 -9 -1 -3
right_child=2 10 3 -5 -6 -7 -8 8 -10 -11 -12
leaf_value=0.00048415047726081928 -8.3713259234437793e-05 0.00080639301946288657 0.00038614859719715463 -0.0021184911531738088 0.0020539296466496686 -0.00046984426749898729 -2.3625253332817635e-06 -0.00052974625997796688 0.00026724752954772265 0.0015662244558334352 0.0026284160614013677
leaf_weight=571 37107 74 1953 77 60 2151 57664 525 730 113 78
leaf_count=571 37107 74 1953 77 60 2151 57664 525 730 113 78
internal_value=-2.83258e-05 0.000322763 -3.58477e-05 7.22531e-06 -0.000101494 -0.000105147 1.02095e-05 0.000197827 -5.85132e-05 0.000681536 0.00182831
internal_weight=101103 2091 99012 59694 39318 39258 59617 1939 1255 684 152
internal_count=101103 2091 99012 59694 39318 39258 59617 1939 1255 684 152
is_linear=0
shrinkage=0.02


Tree=279
num_leaves=9
num_cat=0
split_feature=29 33 37 30 27 27 29 37
split_gain=0.695105 0.573093 0.977477 1.319 0.817661 0.80884 0.791381 0.609897
threshold=1.267857142857143 1.0000000180025095e-35 14.500000000000002 4.2565789473684221 0.82207001522070022 0.19785943223443223 4.1055555555555561 94.500000000000014
decision_type=2 2 2 2 2 2 2 2
left_child=-1 5 3 -3 -4 7 -7 -2
right_child=1 2 4 -5 -6 6 -8 -9
leaf_value=0.00073791865773514831 -8.7011517603862004e-05 9.0434203037299574e-05 -0.00012447065649226041 0.0022648388800913829 -0.0015205736405709211 2.6712800625886176e-05 0.00036639279923335295 -0.00058536974589029948
leaf_weight=469 12277 6843 34606 112 168 42610 2940 1078
leaf_count=469 12277 6843 34606 112 168 42610 2940 1078
internal_value=-2.77514e-05 -3.14337e-05 -8.8159e-05 0.000127528 -0.00013159 8.58302e-06 4.88719e-05 -0.000128069
internal_weight=101103 100634 41729 6955 34774 58905 45550 13355
internal_count=101103 100634 41729 6955 34774 58905 45550 13355
is_linear=0
shrinkage=0.02


Tree=280
num_leaves=15
num_cat=0
split_feature=29 10 35 13 11 27 20 11 14 3 26 6 17 14
split_gain=0.662852 1.10061 1.10177 1.02374 1.11633 0.841534 0.796036 0.58753 1.16631 1.02767 0.797829 0.746208 0.527374 0.362309
threshold=3.683333333333334 0.31009615384615391 0.22053033811949976 0.68333333333333346 0.20747728860936407 0.82207001522070022 0.29166666666666669 0.18577749683944372 0.46410256410256417 0.75517339803054095 1.1583333333333334 1.9428104575163403 1.1833333333333336 0.45227272727272733
decision_type=2 2 2 2 2 2 2 2 2 2 2 2 2 2
left_child=7 3 6 5 -5 -2 -3 8 13 -10 11 -9 -4 -1
right_child=1 2 12 4 -6 -7 -8 10 9 -11 -12 -13 -14 -15
leaf_value=-8.2313799697893351e-05 9.5155809706949269e-05 -0.0010023286988337834 -0.00025883164115854211 -0.00024976925344892992 0.00020580542211906912 -0.0010911580100655557 0.00063865352969155818 -9.4036536877379947e-05 0.00042891450366084726 2.189110029865177e-05 0.0021352895676043995 -0.00049249174805422919 -0.0025500685603995071 -0.001746835618648889
leaf_weight=37130 28360 118 183 8766 2826 238 2415 5931 3516 8619 55 2812 55 51
leaf_count=37130 28360 118 183 8766 2826 238 2415 5931 3516 8619 55 2812 55 51
internal_value=-1.22126e-05 4.72286e-05 0.000432783 2.03765e-05 -0.000137826 8.48577e-05 0.000557533 -5.63269e-05 -2.92269e-05 0.000140697 -0.000207054 -0.000223418 -0.000846824 -8.49597e-05
internal_weight=101075 42961 2771 40190 11592 28598 2533 58114 49316 12135 8798 8743 238 37181
internal_count=101075 42961 2771 40190 11592 28598 2533 58114 49316 12135 8798 8743 238 37181
is_linear=0
shrinkage=0.02


Tree=281
num_leaves=16
num_cat=0
split_feature=2 2 11 30 13 13 11 37 35 20 35 26 35 11 13
split_gain=0.752062 0.821043 1.00345 1.05268 0.922553 1.12035 0.919173 0.765406 0.602319 0.93437 0.918359 0.767414 0.911664 0.640831 0.631149
threshold=1.0250000000000001 1.341666666666667 0.3977883675464321 3.3416666666666672 1.0500000000000003 0.88194444444444453 0.21452540747842758 3.5000000000000004 0.1035759897828863 1.9000000000000001 0.1155154369440083 0.13809523809523808 0.10031446540880502 0.22257607926397738 1.0000000180025095e-35
decision_type=2 2 2 2 2 2 2 2 2 2 2 2 2 2 2
left_child=8 4 3 -3 5 -2 -6 -4 11 10 -10 14 -13 -11 -1
right_child=1 2 7 -5 6 -7 -8 -9 9 13 -12 12 -14 -15 -16
leaf_value=0.00019486635377155372 0.00014119036647464696 0.0024310051392892312 -0.0004202861338853836 -0.00026724227165659495 0.00011210838641821002 -0.00031454076699374877 0.0010512640751683367 0.0024429579064397526 -0.00054968079285481716 0.0012813271809783246 -0.00011165311143175186 9.1861133037156019e-06 0.00098431488340215158 -0.00090289026987357222 -0.00027339047477506538
leaf_weight=1362 18897 56 50 4246 890 2423 830 99 2213 286 15141 47413 385 59 6725
leaf_count=1362 18897 56 50 4246 890 2423 830 99 2213 286 15141 47413 385 59 6725
internal_value=-1.19739e-05 7.71427e-05 -0.000170528 -0.000228682 0.000125434 8.89033e-05 0.000571807 0.00142307 -4.5405e-05 -0.000147131 -0.000168144 -1.3005e-05 1.72906e-05 0.000875925 -0.000193262
internal_weight=101075 27491 4451 4302 23040 21320 1720 149 73584 17699 17354 55885 47798 345 8087
internal_count=101075 27491 4451 4302 23040 21320 1720 149 73584 17699 17354 55885 47798 345 8087
is_linear=0
shrinkage=0.02


Tree=282
num_leaves=15
num_cat=0
split_feature=2 2 11 15 13 15 15 31 37 17 14 3 26 14
split_gain=0.722433 0.788216 0.962873 1.00261 0.886473 1.24795 0.943613 0.778172 0.737131 0.694306 0.693633 0.765364 0.657555 0.351271
threshold=1.0250000000000001 1.341666666666667 0.3977883675464321 0.41565737633153371 1.0500000000000003 0.75086206896551733 0.8185736677115989 4.1606040564373901 3.5000000000000004 1.2111111111111115 0.65833333333333344 0.5707610146862484 1.0954545454545457 0.84807692307692317
decision_type=2 2 2 2 2 2 2 2 2 2 2 2 2 2
left_child=7 4 3 -3 5 -2 -6 9 -4 12 11 -9 -1 -12
right_child=1 2 8 -5 6 -7 -8 10 -10 -11 13 -13 -14 -15
leaf_value=-5.2092671941995726e-05 0.00013354278624969231 0.0003967028150907729 -0.00041220368674168222 -0.00037412411792353653 0.00024266571943241963 -0.00041992408089352356 0.0012790560178660058 0.0025044991595021791 0.0023950662648323739 -0.0016961963142006142 -0.0016247484052037619 0.00050124147482085639 0.0016844097053867646 0.00026748964532476957
leaf_weight=72375 19551 824 50 3478 1204 1769 516 87 99 101 81 796 85 59
leaf_count=72375 19551 824 50 3478 1204 1769 516 87 99 101 81 796 85 59
internal_value=-1.17262e-05 7.56147e-05 -0.000167035 -0.000224042 0.000122936 8.71155e-05 0.000560514 -4.44938e-05 0.00139382 -5.23473e-05 0.000501809 0.000715131 -4.98712e-05 -0.000764347
internal_weight=101075 27491 4451 4302 23040 21320 1720 73584 149 72561 1023 883 72460 140
internal_count=101075 27491 4451 4302 23040 21320 1720 73584 149 72561 1023 883 72460 140
is_linear=0
shrinkage=0.02


Tree=283
num_leaves=15
num_cat=0
split_feature=2 2 11 30 13 13 11 31 22 37 35 3 35 22
split_gain=0.693903 0.756801 0.923928 1.00884 0.851845 1.06629 0.864791 0.748112 0.905147 0.709922 0.690264 1.10666 0.744233 0.555741
threshold=1.0250000000000001 1.341666666666667 0.3977883675464321 3.3416666666666672 1.0500000000000003 0.88194444444444453 0.21452540747842758 4.1606040564373901 1.5477272727272731 3.5000000000000004 0.1035759897828863 0.88924963924963929 0.1155154369440083 0.55277777777777792
decision_type=2 2 2 2 2 2 2 2 2 2 2 2 2 2
left_child=7 4 3 -3 5 -2 -6 10 13 -4 11 -1 -12 -9
right_child=1 2 9 -5 6 -7 -8 8 -10 -11 12 -13 -14 -15
leaf_value=4.2021457391544944e-05 0.00013638390822160546 0.0023841093326437061 -0.00040427674467747026 -0.00025731339833213334 0.0001032627667947735 -0.00030820781189141815 0.0010144858569121704 -0.0010311435387944277 0.0025388590016482788 0.0023481135011309447 -0.0005033696391528109 -0.00015291952662127461 -0.00011020697282445757 0.00048454437112864859
leaf_weight=38598 18897 56 50 4246 890 2423 830 104 79 99 2234 16663 15066 840
leaf_count=38598 18897 56 50 4246 890 2423 830 104 79 99 2234 16663 15066 840
internal_value=-1.14818e-05 7.41144e-05 -0.000163632 -0.000219514 0.000120488 8.53633e-05 0.000549456 -4.35976e-05 0.000492032 0.00136515 -5.13004e-05 -1.65821e-05 -0.000161608 0.000305164
internal_weight=101075 27491 4451 4302 23040 21320 1720 73584 1023 149 72561 55261 17300 944
internal_count=101075 27491 4451 4302 23040 21320 1720 73584 1023 149 72561 55261 17300 944
is_linear=0
shrinkage=0.02


Tree=284
num_leaves=16
num_cat=0
split_feature=29 11 5 27 27 29 12 17 31 24 11 7 17 6 27
split_gain=0.615285 0.933622 1.39215 1.48278 1.15557 1.14015 0.829106 0.84108 0.996117 0.829753 0.933272 0.769118 0.760291 0.708823 0.572888
threshold=3.683333333333334 0.19367341835458868 1.8819444444444446 0.66563146997929612 0.19157801418439713 4.4365079365079376 0.90000000000000013 0.21111111111111114 3.399275362318841 0.90000000000000013 0.24292389853137511 1.7978125747071483 0.18333333333333332 1.0871212121212122 0.35192592592592592
decision_type=2 2 2 2 2 2 2 2 2 2 2 2 2 2 2
left_child=6 2 4 -4 -2 12 7 8 -1 11 -11 -8 -3 -9 -7
right_child=1 5 3 -5 -6 14 9 13 -10 10 -12 -13 -14 -15 -16
leaf_value=-5.142062658445099e-05 -0.00022853333962131032 -0.0018756745981447626 -0.00022636885608000095 0.0014127308010522808 0.0001522817560952361 -0.00010105692271916371 0.00041275704790896594 -0.00025628012100554858 0.00031588499106181616 -0.001261892462566448 0.00042954114376086191 -0.00014710584826795774 0.00026102907788021727 -6.9111135140245494e-05 -0.0023226228911502689
leaf_weight=10624 3844 64 10589 222 18217 104 3626 11893 4074 315 209 1313 9821 26060 100
leaf_count=10624 3844 64 10589 222 18217 104 3626 11893 4074 315 209 1313 9821 26060 100
internal_value=-1.12458e-05 4.60195e-05 -5.33974e-06 -0.000191531 8.5459e-05 0.000214317 -5.37515e-05 -7.82192e-05 4.97382e-05 0.000180174 -0.000569176 0.000261898 0.000245807 -0.000128037 -0.00125058
internal_weight=101075 42961 32872 10811 22061 10089 58114 52651 14698 5463 524 4939 9885 37953 204
internal_count=101075 42961 32872 10811 22061 10089 58114 52651 14698 5463 524 4939 9885 37953 204
is_linear=0
shrinkage=0.02


Tree=285
num_leaves=14
num_cat=0
split_feature=2 14 37 6 5 15 18 25 15 15 14 18 5
split_gain=1.04063 0.947947 1.67601 0.72431 0.835379 0.699055 0.692417 0.909121 0.737058 0.645135 0.551189 0.541048 0.447759
threshold=1.3514705882352944 1.2111111111111115 5.5000000000000009 2.5147058823529416 1.9500000000000002 0.8185736677115989 0.81534090909090928 1.2250000000000003 0.45725359911406421 0.72889276096942823 0.45804195804195807 0.65833333333333344 1.9500000000000002
decision_type=2 2 2 2 2 2 2 2 2 2 2 2 2
left_child=1 6 -3 10 -5 -4 7 -1 -8 -6 11 -2 -12
right_child=3 2 5 4 9 -7 8 -9 -10 -11 12 -13 -14
leaf_value=1.9802102681593586e-05 -0.00068402915582721968 -0.0013665844097330766 0.00050317661515597643 0.0019662739118424858 -0.00048497894902351912 0.0030183261863945066 0.00026571387375236315 -0.0020989094104295896 -0.00042294872494427326 0.00048970187069676441 -0.00022942283551911921 0.00054000470455855241 -0.0010752539349554939
leaf_weight=93854 291 72 85 80 737 127 783 79 2747 421 390 279 924
leaf_count=93854 291 72 85 80 737 127 783 79 2747 421 390 279 924
internal_value=-4.74588e-07 1.09101e-05 0.00116089 -0.000359897 8.04751e-06 0.00207075 7.43276e-06 1.78691e-05 -0.000267299 -0.000121772 -0.000606733 -6.7621e-05 -0.000832537
internal_weight=100869 97747 284 3122 1238 212 97463 93933 3530 1158 1884 570 1314
internal_count=100869 97747 284 3122 1238 212 97463 93933 3530 1158 1884 570 1314
is_linear=0
shrinkage=0.02


Tree=286
num_leaves=14
num_cat=0
split_feature=2 14 14 31 27 27 4 4 27 35 11 5 16
split_gain=0.999384 0.910888 1.05693 1.05172 0.776063 0.827314 0.683382 1.29813 0.625603 0.564892 0.460981 0.453922 0.289388
threshold=1.3514705882352944 1.2111111111111115 1.4392857142857145 3.7003184713375803 0.4494897433254304 0.48660607510165038 4.7750000000000012 4.5500000000000007 0.50775240384615394 0.29316826549131453 0.060292895720814262 2.4365079365079372 1.3666666666666669
decision_type=2 2 2 2 2 2 2 2 2 2 2 2 2
left_child=1 6 3 -3 9 11 7 -1 -7 10 -2 -6 -8
right_child=4 2 -4 -5 5 8 12 -9 -10 -11 -12 -13 -14
leaf_value=7.4738909912140738e-06 9.6185018503388683e-05 -0.000144266771598601 -0.0011154364904419321 0.0026819221392462528 0.00010550747315088908 -0.0013596453129405706 -0.00014892507683147085 0.0031688853295949787 0.00013307372937183419 -0.0020708870288637495 -0.00061612451096815799 0.0021364939159580639 -0.0023442884726183754
leaf_weight=97292 428 69 59 156 91 140 53 50 499 95 1759 110 68
leaf_count=97292 428 69 59 156 91 140 53 50 499 95 1759 110 68
internal_value=-4.62939e-07 1.06918e-05 0.00113797 0.00177754 -0.000352693 0.000157601 7.28113e-06 9.26556e-06 -0.000181591 -0.000544883 -0.000472195 0.00127635 -0.00148204
internal_weight=100869 97747 284 225 3122 840 97463 97342 639 2282 2187 201 121
internal_count=100869 97747 284 225 3122 840 97463 97342 639 2282 2187 201 121
is_linear=0
shrinkage=0.02


Tree=287
num_leaves=13
num_cat=0
split_feature=2 14 37 14 3 4 4 5 5 35 0 12
split_gain=0.965071 1.03947 0.872359 1.10717 0.819865 0.762387 0.821264 0.525517 0.663431 0.45412 0.381543 0.216469
threshold=1.341666666666667 1.0250000000000001 6.5000000000000009 1.2613636363636365 0.93355408388520977 4.7750000000000012 4.3000000000000016 1.8166666666666669 2.5857142857142867 1.0000000180025095e-35 1.3666666666666669 1.3666666666666669
decision_type=2 2 2 2 2 2 2 2 2 2 2 2
left_child=1 5 11 -4 10 6 -1 9 -9 -6 -2 -3
right_child=4 2 3 -5 7 -7 -8 8 -10 -11 -12 -13
leaf_value=5.2885005705397603e-06 -0.00061683052319746752 0 0.0006061835401206851 0.0029655311029890309 0.0011159116966383798 -0.0018336790237161848 0.0015724881827386458 -0.00060873848247719573 -3.5376037276946268e-05 -7.5350936325811746e-06 -0.0024229801040474733 -0.0017145426250421085
leaf_weight=95177 128 53 832 90 173 88 132 1741 1577 716 99 63
leaf_count=95177 128 53 832 90 173 88 132 1741 1577 716 99 63
internal_value=-4.51486e-07 1.27169e-05 0.000641679 0.000853232 -0.000288982 5.75516e-06 7.59689e-06 -0.000222622 -0.000339425 0.000201879 -0.00146248 -0.000941015
internal_weight=100869 96435 1038 922 4434 95397 95309 4207 3318 889 227 116
internal_count=100869 96435 1038 922 4434 95397 95309 4207 3318 889 227 116
is_linear=0
shrinkage=0.02


Tree=288
num_leaves=15
num_cat=0
split_feature=2 14 14 31 18 20 25 30 15 30 24 23 15 3
split_gain=0.929544 0.847922 0.987531 1.00832 0.665256 1.17586 0.873363 0.55239 0.889736 0.847583 1.09134 0.625162 0.599984 0.52283
threshold=1.3514705882352944 1.2111111111111115 1.4392857142857145 3.7003184713375803 0.81534090909090928 1.9000000000000001 1.2250000000000003 4.2052631578947377 0.46688596491228074 4.1143790849673207 1.0000000180025095e-35 1.100359712230216 0.41392780172413796 1.0423132012413465
decision_type=2 2 2 2 2 2 2 2 2 2 2 2 2 2
left_child=1 4 3 -3 6 -6 -1 9 12 13 -11 -10 -9 -2
right_child=7 2 -4 -5 5 -7 -8 8 11 10 -12 -13 -14 -15
leaf_value=1.9143750772649849e-05 -0.0010362195549158243 -0.00016276929789865521 -0.001076950272087191 0.0026029111841056919 -0.00020714115239593782 -0.0028401912621089393 -0.0020574786118519161 -0.00049868308183024916 -0.0010077049990687942 0.0026589412490526836 0 -0.0031408232679733862 0.0018050185041349443 -0.00020045318069298365
leaf_weight=93854 371 69 59 156 3462 68 79 168 307 85 236 76 59 1820
leaf_count=93854 371 69 59 156 3462 68 79 168 307 85 236 76 59 1820
internal_value=-4.44745e-07 1.03097e-05 0.00109793 0.00171675 7.01534e-06 -0.000262274 1.7247e-05 -0.000340148 -0.000884044 -0.000203495 0.000743497 -0.00147108 6.69433e-05 -0.000347349
internal_weight=100869 97747 284 225 97463 3530 93933 3122 610 2512 321 383 227 2191
internal_count=100869 97747 284 225 97463 3530 93933 3122 610 2512 321 383 227 2191
is_linear=0
shrinkage=0.02


Tree=289
num_leaves=15
num_cat=0
split_feature=2 14 19 37 14 18 4 4 27 35 35 35 24 27
split_gain=0.897217 0.984293 0.981385 0.828584 1.03886 0.757253 0.731996 0.789952 0.617452 0.52206 0.494306 0.698253 0.626177 0.398392
threshold=1.341666666666667 1.0250000000000001 0.65156402737047914 6.5000000000000009 1.2613636363636365 0.85357142857142865 4.7750000000000012 4.3000000000000016 0.66563146997929612 0.035842754367934208 0.049099967855994804 0.03858560794044661 0.22500000000000003 0.16611479028697568
decision_type=2 2 2 2 2 2 2 2 2 2 2 2 2 2
left_child=1 6 10 13 -5 8 7 -1 -4 -7 11 -2 -12 -3
right_child=2 3 5 4 -6 9 -8 -9 -10 -11 12 -13 -14 -15
leaf_value=5.0109091919029758e-06 -0.00042504334259483456 0.00025932351557108073 0.00035165368725394961 0.00059080732633455763 0.002877810231369475 0.00054223581203600253 -0.0017969288130601246 0.0015420425238449182 0.0024842170369429669 -0.00059298355342372584 -0.00040937162540763259 0.00085921704160923863 -0.0012962992564491604 -0.0019369787459864334
leaf_weight=95177 1110 50 795 832 90 203 88 132 59 672 828 194 573 66
leaf_count=95177 1110 50 795 832 90 203 88 132 59 672 828 194 573 66
internal_value=-4.46055e-07 1.22474e-05 -0.000278652 0.00062429 0.000830619 8.85573e-05 5.47011e-06 7.27688e-06 0.000516128 -0.000317574 -0.000516953 -0.0002253 -0.000780578 -0.000917201
internal_weight=100869 96435 4434 1038 922 1729 95397 95309 854 875 2705 1304 1401 116
internal_count=100869 96435 4434 1038 922 1729 95397 95309 854 875 2705 1304 1401 116
is_linear=0
shrinkage=0.02


Tree=290
num_leaves=13
num_cat=0
split_feature=17 5 33 23 11 29 16 6 23 12 16 23
split_gain=0.673394 0.785074 1.4673 0.807858 0.645338 1.21517 0.73289 0.571656 1.78705 0.834035 0.558171 0.355767
threshold=1.2361111111111114 2.5857142857142867 0.15476190476190474 1.0954131652661065 0.34440765268579837 4.1833333333333345 1.1000000000000003 1.9750000000000003 1.334474885844749 0.90000000000000013 1.2250000000000003 1.0390117694805197
decision_type=2 2 2 2 2 2 2 2 2 2 2 2
left_child=4 2 -2 10 7 6 -6 9 -9 -1 -3 -7
right_child=1 3 -4 -5 5 11 -8 8 -10 -11 -12 -13
leaf_value=-2.7926459522138855e-06 -0.0036532428449597854 0.00035126554910267622 3.6016479134559636e-07 0.0015786031913012266 4.5087861903951778e-05 0.0034694887357845641 0.0012438977472484113 -0.00015969418757299719 0.001147291231294011 0.00021533160891448158 -0.0014559194149437898 0.0011368495386133912
leaf_weight=76674 85 105 78 78 1504 55 238 13870 428 7707 159 91
leaf_count=76674 85 105 78 78 1504 55 238 13870 428 7707 159 91
internal_value=4.50293e-07 -0.000726494 -0.00186547 -0.000146888 4.21448e-06 0.000370331 0.000215847 -2.69637e-06 -0.000119716 1.7016e-05 -0.000702322 0.00211816
internal_weight=101072 505 163 342 100567 1888 1742 98679 14298 84381 264 146
internal_count=101072 505 163 342 100567 1888 1742 98679 14298 84381 264 146
is_linear=0
shrinkage=0.02


Tree=291
num_leaves=12
num_cat=0
split_feature=4 5 6 28 10 12 37 37 29 3 10
split_gain=0.730206 0.788583 0.981688 1.47448 1.12519 0.698764 0.699709 0.95989 0.954481 0.67111 0.574271
threshold=1.1000000000000003 0.95000000000000007 1.3944444444444446 4.1000000000000005 0.10263157894736842 1.1000000000000003 16.500000000000004 20.500000000000004 3.2678571428571432 2.1000000000000005 0.58571428571428574
decision_type=2 2 2 2 2 2 2 2 2 2 2
left_child=5 2 4 -4 -2 6 8 -8 -1 10 -3
right_child=1 9 3 -5 -6 -7 7 -9 -10 -11 -12
leaf_value=-8.1363269572186581e-05 0.0003529171377077326 2.6198930978811839e-05 0.00066204235284295792 0.0037941195894228784 -0.00087207007788409107 0.0021404385200717991 -0.00058713062569704609 -9.1330098636195059e-05 0.00031738106060569661 0.0016985914483666419 -0.0014527113749867393
leaf_weight=6140 2517 58284 363 74 335 55 1665 27526 3916 94 103
leaf_count=6140 2517 58284 363 74 335 55 1665 27526 3916 94 103
internal_value=4.50752e-07 4.34286e-05 0.000344913 0.00123007 0.000205014 -6.68408e-05 -7.02977e-05 -0.00011999 7.29534e-05 2.62907e-05 2.33691e-05
internal_weight=101072 61770 3289 437 2852 39302 39247 29191 10056 58481 58387
internal_count=101072 61770 3289 437 2852 39302 39247 29191 10056 58481 58387
is_linear=0
shrinkage=0.02


Tree=292
num_leaves=12
num_cat=0
split_feature=4 5 10 31 33 12 37 30 34 35 31
split_gain=0.701387 0.75855 0.714881 0.986101 0.673024 0.672088 0.671991 1.27002 0.958906 0.587795 0.56868
threshold=1.1000000000000003 0.84523809523809534 0.05131578947368421 3.7224014336917564 0.70714285714285718 1.1000000000000003 16.500000000000004 3.0954545454545461 1.0000000180025095e-35 0.16371473354231972 4.2277854367715264
decision_type=2 2 2 2 2 2 2 2 2 2 2
left_child=5 2 3 -2 10 6 7 -1 -8 -4 -3
right_child=1 4 9 -5 -6 -7 8 -9 -10 -11 -12
leaf_value=-0.00015929310197651924 0.00056176189257897322 2.398591334494445e-05 0.00016466139949607557 0.0025498703422666595 -0.0018236107818591289 0.0020991317561843939 1.4908765814718359e-05 0.00028974166932086733 -0.00021623210276016514 -0.0018287779826384324 0.00044992368474080873
leaf_weight=4866 839 58740 652 117 76 55 12414 5190 16777 63 1283
leaf_count=4866 839 58740 652 117 76 55 12414 5190 16777 63 1283
internal_value=4.46053e-07 4.25692e-05 0.000463057 0.00082033 3.06965e-05 -6.55023e-05 -6.88973e-05 7.14754e-05 -0.000117598 -1.64855e-06 3.32717e-05
internal_weight=101072 61770 1671 956 60099 39302 39247 10056 29191 715 60023
internal_count=101072 61770 1671 956 60099 39302 39247 10056 29191 715 60023
is_linear=0
shrinkage=0.02


Tree=293
num_leaves=15
num_cat=0
split_feature=4 5 30 23 15 33 37 30 37 34 34 26 17 11
split_gain=0.673541 0.737187 0.963386 0.922028 0.765918 0.643351 0.639283 1.25534 0.947896 0.894971 0.893647 0.767576 0.620262 0.618165
threshold=1.1000000000000003 0.95000000000000007 3.5941176470588241 1.2862394957983196 0.35546372819100092 0.70714285714285718 16.500000000000004 3.0954545454545461 20.500000000000004 0.11437908496732026 1.0000000180025095e-35 0.26969696969696971 1.2361111111111114 0.15310718882147453
decision_type=2 2 2 2 2 2 2 2 2 2 2 2 2 2
left_child=6 2 4 -4 -2 12 7 13 9 -8 -10 -9 -3 -1
right_child=1 5 3 -5 -6 -7 8 11 10 -11 -12 -13 -14 -15
leaf_value=-0.00010315392012093168 0.00043953517058065958 3.3755099413672347e-05 0.00071604418886001627 0.0033190764534857965 -0.00026932373656926296 -0.0017880737303923339 -0.00034158046534793946 2.7002661946062068e-05 4.9492717815143107e-05 -0.0015434552936614315 -0.00018059448067669768 0.00051799773791993877 -0.00069724280107965816 -0.0011507595454653104
leaf_weight=4634 1398 57940 769 60 1062 76 1352 2449 11618 314 15939 2758 465 238
leaf_count=4634 1398 57940 769 60 1062 76 1352 2449 11618 314 15939 2758 465 238
internal_value=4.4391e-07 4.17244e-05 0.000333224 0.000924011 0.000129484 2.51484e-05 -6.418e-05 7.25576e-05 -0.000111685 -0.000575679 -8.32306e-05 0.000289088 2.77403e-05 -0.000156833
internal_weight=101072 61770 3289 829 2460 58481 39302 10079 29223 1666 27557 5207 58405 4872
internal_count=101072 61770 3289 829 2460 58481 39302 10079 29223 1666 27557 5207 58405 4872
is_linear=0
shrinkage=0.02


Tree=294
num_leaves=12
num_cat=0
split_feature=4 5 12 37 30 37 1 17 30 15 29
split_gain=0.646981 0.70936 0.645514 0.619863 1.17143 0.886551 0.616875 0.800584 0.400905 0.599693 0.471183
threshold=1.1000000000000003 0.84523809523809534 1.1000000000000003 16.500000000000004 3.0954545454545461 20.500000000000004 2.1500000000000008 1.2361111111111114 3.5941176470588241 0.36236747398113028 3.8944444444444448
decision_type=2 2 2 2 2 2 2 2 2 2 2
left_child=2 8 3 4 -1 -5 7 -3 9 -2 -10
right_child=1 6 -4 5 -6 -7 -8 -9 10 -11 -12
leaf_value=-0.00015302195992005489 0.0006227803666880177 3.3702845758170682e-05 0.0020584962451667115 -0.00056196939054905615 0.00027820800148375415 -8.5457148936010665e-05 0.002025535020136064 -0.00080955375800069592 0.0014679839137272958 -0.00024364269939690885 -4.392059994678872e-05
leaf_weight=4866 783 59588 55 1665 5190 27526 60 451 271 517 100
leaf_count=4866 783 59588 55 1665 5190 27526 60 451 271 517 100
internal_value=4.3069e-07 4.0891e-05 -6.29042e-05 -6.62367e-05 6.85569e-05 -0.000113016 2.9404e-05 2.71752e-05 0.000447526 0.000270685 0.0010356
internal_weight=101072 61770 39302 39247 10056 29191 60099 60039 1671 1300 371
internal_count=101072 61770 39302 39247 10056 29191 60099 60039 1671 1300 371
is_linear=0
shrinkage=0.02


Tree=295
num_leaves=16
num_cat=0
split_feature=19 22 19 19 2 17 17 23 26 18 1 37 19 23 36
split_gain=0.836616 0.762542 0.911731 0.700658 0.737377 0.889306 0.81112 0.711304 0.670479 0.579355 1.18732 0.76578 0.56696 0.555602 0.521441
threshold=0.21076774505070012 0.30384615384615393 0.49404677533664071 0.19378911892152142 0.74342105263157909 0.18333333333333332 0.29285714285714287 1.0708940637739435 0.064583333333333312 0.8973684210526317 0.89444444444444449 158.50000000000003 0.63497856563550004 0.68871048356866182 1.0000000180025095e-35
decision_type=2 2 2 2 2 2 2 2 2 2 2 2 2 2 2
left_child=3 2 8 4 5 -1 -6 13 -2 11 -11 -3 -4 -5 -9
right_child=1 9 12 7 6 -7 -8 14 -10 10 -12 -13 -14 -15 -16
leaf_value=0.0001851800553891705 -0.0010827398598194124 -1.51305958459403e-06 -0.0011581929529808006 0.00033749163894075679 2.1516219302144107e-05 -0.0003790674800548165 0.00076445298539004711 -0.0013076658311643101 0.00012124722164233648 -0.0014267934735384454 -0.00014318935009476432 -0.0024065375609217949 -0.00012817806099952125 0.0013757937845463556 0.00068472736156903772
leaf_weight=2894 213 86895 684 419 1200 1812 1207 112 1292 324 2774 51 345 478 89
leaf_count=2894 213 86895 684 419 1200 1812 1207 112 1292 324 2774 51 345 478 89
internal_value=-5.27932e-06 -2.25378e-05 -0.000364706 0.000188048 0.000113667 -3.00227e-05 0.000398541 0.000659728 -4.37261e-05 -1.27896e-05 -0.000281493 -3.09411e-06 -0.000823471 0.000903743 -0.000378146
internal_weight=100789 92578 2534 8211 7113 4706 2407 1098 1505 90044 3098 86946 1029 897 201
internal_count=100789 92578 2534 8211 7113 4706 2407 1098 1505 90044 3098 86946 1029 897 201
is_linear=0
shrinkage=0.02


Tree=296
num_leaves=8
num_cat=0
split_feature=33 33 18 1 27 15 30
split_gain=0.978636 0.853633 0.71315 1.27725 0.941138 0.6158 0.282922
threshold=0.77500000000000013 0.68333333333333346 0.8973684210526317 0.89444444444444449 1.5357142857142858 0.50161290322580654 3.7434210526315792
decision_type=2 2 2 2 2 2 2
left_child=1 2 4 -4 -1 -3 -2
right_child=6 5 3 -5 -6 -7 -8
leaf_value=2.2984524350459113e-06 -0.00050901969273885097 0.0024961771134366382 -0.0014400794346448023 -0.00015483407459072524 0.0020263307055701381 -5.2050965012244462e-05 -0.0028412463748064198
leaf_weight=97209 52 92 349 2887 90 51 59
leaf_count=97209 52 92 349 2887 90 51 59
internal_value=-5.17752e-06 -2.99011e-06 -5.3008e-06 -0.000297339 4.31504e-06 0.00153022 -0.00186551
internal_weight=100789 100678 100535 3236 97299 143 111
internal_count=100789 100678 100535 3236 97299 143 111
is_linear=0
shrinkage=0.02


Tree=297
num_leaves=8
num_cat=0
split_feature=33 33 19 19 2 14 31
split_gain=0.942928 0.819061 0.807286 0.679747 0.662028 0.438364 0.339327
threshold=0.77500000000000013 0.68333333333333346 0.21076774505070012 0.19378911892152142 0.29705882352941176 0.48684210526315791 3.6217351805587104
decision_type=2 2 2 2 2 2 2
left_child=1 2 3 -1 -4 -3 -2
right_child=6 5 4 -5 -6 -7 -8
leaf_value=0.00011148126108049255 -0.00036887672149910116 0.002386329494078051 -0.00086478927403047521 0.00064965180883199336 -1.8660283460107299e-05 0 -0.0028608157485723496
leaf_weight=7101 51 86 370 1097 91967 57 60
leaf_count=7101 51 86 370 1097 91967 57 60
internal_value=-5.07614e-06 -2.92718e-06 -5.19262e-06 0.000184856 -2.21777e-05 0.00149891 -0.00183116
internal_weight=100789 100678 100535 8198 92337 143 111
internal_count=100789 100678 100535 8198 92337 143 111
is_linear=0
shrinkage=0.02


Tree=298
num_leaves=16
num_cat=0
split_feature=19 26 28 19 27 28 2 27 23 6 17 27 19 27 6
split_gain=0.770791 0.661032 1.56153 0.844219 0.817189 0.70476 0.601365 0.632468 0.683871 0.470768 0.406674 0.429515 0.382288 0.333694 0.268646
threshold=0.21076774505070012 0.30384615384615393 2.2250000000000005 0.10172413793103446 0.31595925297113753 4.1000000000000005 0.29705882352941176 0.14093535572408813 1.9722222222222225 1.6583333333333334 0.23611111111111113 0.21960458240946049 0.18237250554323722 0.38721035892776018 0.48684210526315791
decision_type=2 2 2 2 2 2 2 2 2 2 2 2 2 2 2
left_child=1 4 13 -4 5 -1 10 9 -9 -8 11 -2 -6 -3 -12
right_child=6 2 3 -5 12 -7 7 8 -10 -11 14 -13 -14 -15 -16
leaf_value=0.00019059521368894637 0.0012334261541113709 -0.00019534232733132956 0.0003460644484567202 0.0012355494880642737 -0.00093193640357338333 -0.00097143587816593254 -0.00010559835834889842 9.4681209486960449e-08 -0.001338129448734857 -0.00048438698399295245 -0.00076566793149410021 -0.0010835806121591662 0.0004783830259527479 -0.0017195941253406247 -0.0023766402376664652
leaf_weight=5324 64 141 1189 709 432 213 6016 84318 151 1721 177 59 82 121 72
leaf_count=5324 64 141 1189 709 432 213 6016 84318 151 1721 177 59 82 121 72
internal_value=-4.97355e-06 0.000180588 0.000481589 0.000684547 7.13655e-05 0.000143754 -2.15431e-05 -1.81854e-05 -2.21082e-06 -0.000191251 -0.000822509 4.24617e-05 -0.000686582 -0.000944864 -0.00128656
internal_weight=100789 8211 2160 1898 6051 5537 92578 92206 84469 7737 372 123 514 262 249
internal_count=100789 8211 2160 1898 6051 5537 92578 92206 84469 7737 372 123 514 262 249
is_linear=0
shrinkage=0.02


Tree=299
num_leaves=16
num_cat=0
split_feature=19 22 19 19 35 30 23 30 19 23 18 22 37 11 36
split_gain=0.740098 0.729527 0.872029 0.635708 0.88893 0.865448 0.68496 0.642197 0.550893 0.532844 0.531457 1.13227 0.736892 0.513849 0.504026
threshold=0.21076774505070012 0.30384615384615393 0.49404677533664071 0.19378911892152142 0.19109385327164566 3.9750000000000005 1.0708940637739435 3.3038461538461541 0.63497856563550004 0.68871048356866182 0.8973684210526317 0.65833333333333344 158.50000000000003 0.12099342510786927 1.0000000180025095e-35
decision_type=2 2 2 2 2 2 2 2 2 2 2 2 2 2 2
left_child=3 2 13 4 7 -6 9 -1 -4 -5 12 -12 -3 -2 -8
right_child=1 10 8 6 5 -7 14 -9 -10 -11 11 -13 -14 -15 -16
leaf_value=1.7417917380461824e-05 -0.00017200533410528768 -7.4004225170250029e-07 -0.0011343221687888266 0.00031137668534299257 -0.0012262564693721956 0.001465599297914865 -0.0013055599376297833 0.00043182231463158121 -0.00011887870664555333 0.0013280042878662545 0.00033213406936842972 -0.00051085935913116828 -0.0023599100225376634 0.0010480172084827049 0.00065068397711921528
leaf_weight=4438 1354 86895 684 419 327 51 112 2297 345 478 877 2221 51 151 89
leaf_count=4438 1354 86895 684 419 327 51 112 2297 345 478 877 2221 51 151 89
internal_value=-4.8826e-06 -2.11208e-05 -0.000355792 0.000176944 0.00010602 -0.000830952 0.000626282 0.000160323 -0.000804458 0.000865997 -1.15838e-05 -0.000268934 -2.29313e-06 -4.17336e-05 -0.000392225
internal_weight=100789 92578 2534 8211 7113 378 1098 6735 1029 897 90044 3098 86946 1505 201
internal_count=100789 92578 2534 8211 7113 378 1098 6735 1029 897 90044 3098 86946 1505 201
is_linear=0
shrinkage=0.02


Tree=300
num_leaves=10
num_cat=0
split_feature=3 12 18 15 27 18 11 7 15
split_gain=0.832995 0.715387 1.1828 1.07094 0.978126 0.952736 1.49491 0.895977 0.284089
threshold=2.1000000000000005 0.36666666666666675 0.86190476190476206 0.38721035892776018 0.30992957746478872 0.82843137254901966 0.24496553588322742 1.1747912281892867 1.2041666666666668
decision_type=2 2 2 2 2 2 2 2 2
left_child=1 5 4 -4 -3 7 -7 -1 -2
right_child=8 2 3 -5 -6 6 -8 -9 -10
leaf_value=3.1359996600269773e-05 0.0028858393946519269 -2.5331228428860424e-05 0.0011479056547669805 -0.00047954186180292015 0.00014266627208452852 0.00090520804648979217 -0.00097837247894805605 -0.00015736252283356862 0.00048678132078864357
leaf_weight=16868 50 26361 168 2462 29039 845 204 24661 53
leaf_count=16868 50 26361 168 2462 29039 845 204 24661 53
internal_value=-9.04241e-07 -2.8616e-06 4.27164e-05 -0.000370991 6.25494e-05 -6.52142e-05 0.000528227 -8.04697e-05 0.0017794
internal_weight=100711 100608 58030 2630 55400 42578 1049 41529 103
internal_count=100711 100608 58030 2630 55400 42578 1049 41529 103
is_linear=0
shrinkage=0.02


Tree=301
num_leaves=16
num_cat=0
split_feature=12 10 25 0 18 11 11 7 11 7 7 23 19 19 25
split_gain=0.717217 1.13237 1.09081 1.88479 0.942087 1.45299 1.10308 0.938731 1.18671 1.11972 0.855107 0.833668 0.773753 0.658308 0.428127
threshold=0.36666666666666675 0.10263157894736842 0.18333333333333332 0.36666666666666675 0.82843137254901966 0.24496553588322742 0.22508278145695368 1.7201398601398603 0.14717282261741901 1.7716292407893459 1.2383136740934908 1.2862394957983196 0.64664160401002513 0.87545620437956218 0.10555555555555557
decision_type=2 2 2 2 2 2 2 2 2 2 2 2 2 2 2
left_child=4 2 14 -4 10 6 -6 8 -3 -9 12 -12 -1 -7 -2
right_child=1 7 3 -5 5 13 -8 9 -10 -11 11 -13 -14 -15 -16
leaf_value=3.7558946593115241e-05 -5.6041923927518769e-05 -7.5537914722765623e-05 0.0014787414988391421 0.00018965208284295464 0.00069560701673260618 -0.0016817249247691776 0.0037671867012977599 -0.00058581423243083579 0.00026201384577696898 -7.9381034543932511e-05 -0.00013373884809732539 -0.00068563303149655629 -0.00083390082304294288 0.00072922118639541891 -0.0016696920901981753
leaf_weight=18918 6649 9647 466 18439 797 147 50 2018 7292 13542 21045 1165 414 57 65
leaf_count=18918 6649 9647 466 18439 797 147 50 2018 7292 13542 21045 1165 414 57 65
internal_value=-8.78625e-07 4.4711e-05 0.000144211 0.00022211 -6.33195e-05 0.00052624 0.000897154 -3.34211e-05 6.91968e-05 -0.000145771 -7.85005e-05 -0.000163197 1.82948e-05 -0.000958995 -7.36457e-05
internal_weight=100711 58118 25619 18905 42593 1051 847 32499 16939 15560 41542 22210 19332 204 6714
internal_count=100711 58118 25619 18905 42593 1051 847 32499 16939 15560 41542 22210 19332 204 6714
is_linear=0
shrinkage=0.02


Tree=302
num_leaves=15
num_cat=0
split_feature=12 18 23 23 18 23 37 27 13 19 37 31 6 13
split_gain=0.688593 1.1084 1.12987 0.927275 0.905846 0.962756 1.39136 0.883774 1.35874 1.23359 0.855825 0.849862 0.618769 0.584939
threshold=0.36666666666666675 0.86190476190476206 0.88852339181286555 1.0912061794414736 0.82843137254901966 1.0488657683779639 14.500000000000002 0.31835016835016838 0.5277777777777779 0.42008403361344543 130.50000000000003 3.489246068455135 2.6055555555555561 0.95000000000000007
decision_type=2 2 2 2 2 2 2 2 2 2 2 2 2 2
left_child=4 7 11 -4 12 10 -7 8 -2 -9 -6 -3 13 -1
right_child=1 2 3 -5 5 6 -8 9 -10 -11 -12 -13 -14 -15
leaf_value=-8.5485871522049853e-05 0.00011062361828493 0.0013309166237209622 -0.0013257501303496682 -0.00022459570108912885 0.00064369173372512347 0.0023152322195610911 -0.0012797590277411721 0.0004150706891748246 -0.00017158767464745987 7.6940947964792756e-05 0.0030368592384932697 -0.00014790901949791492 0.0018373492893887988 0.0010438805883699427
leaf_weight=41296 15026 176 637 638 726 51 207 5372 12484 22582 67 1203 65 181
leaf_count=41296 15026 176 637 638 726 51 207 5372 12484 22582 67 1203 65 181
internal_value=-8.625e-07 4.38061e-05 -0.000354753 -0.000783787 -6.20466e-05 0.000516038 -0.000518317 6.30698e-05 -1.70832e-05 0.000142303 0.000865599 3.52446e-05 -7.69368e-05 -8.02663e-05
internal_weight=100711 58118 2654 1275 42593 1051 258 55464 27510 27954 793 1379 41542 41477
internal_count=100711 58118 2654 1275 42593 1051 258 55464 27510 27954 793 1379 41542 41477
is_linear=0
shrinkage=0.02


Tree=303
num_leaves=9
num_cat=0
split_feature=3 19 6 3 27 15 20 15
split_gain=0.804384 0.814115 0.576438 0.65988 0.623716 0.539521 0.35324 0.270621
threshold=2.1000000000000005 1.2071428571428573 3.1214285714285719 1.0401342281879196 0.47635027165228505 0.19929078014184398 1.1000000000000003 1.2041666666666668
decision_type=2 2 2 2 2 2 2 2
left_child=1 2 4 -4 -1 -3 -7 -2
right_child=7 5 3 -5 -6 6 -8 -9
leaf_value=-1.9355969990666229e-05 0.002830520094587253 0.00054909629481179379 -0.0025831333234690242 -0.00033740436432683348 0.00011221055283414546 -0.0016682619858188791 0 0.00048033844340931281
leaf_weight=82431 50 68 67 287 17459 236 60 53
leaf_count=82431 50 68 67 287 17459 236 60 53
internal_value=-8.34297e-07 -2.75947e-06 5.78494e-07 -0.000802657 3.5412e-06 -0.000944322 -0.00132234 0.00174863
internal_weight=100711 100608 100244 354 99890 364 296 103
internal_count=100711 100608 100244 354 99890 364 296 103
is_linear=0
shrinkage=0.02


Tree=304
num_leaves=14
num_cat=0
split_feature=12 10 6 29 15 29 22 15 31 11 27 27 29
split_gain=0.662025 1.06727 1.4208 1.22367 0.931692 0.837842 0.766154 0.734274 1.15745 0.762566 0.593346 0.394658 0.641969
threshold=0.36666666666666675 0.10263157894736842 1.4058823529411766 3.8166666666666669 2.0625000000000004 4.4365079365079376 1.6583333333333334 0.3531372549019608 4.3357843137254912 0.11872797449236447 0.59532897128316986 0.25887605042016809 3.7888888888888892
decision_type=2 2 2 2 2 2 2 2 2 2 2 2 2
left_child=6 2 3 -2 5 -3 7 9 -9 -1 -4 -8 -13
right_child=1 4 10 -5 -6 -7 11 8 -10 -11 -12 12 -14
leaf_value=-1.5365042377562188e-06 0.00010623652255914704 -2.4806746737009015e-05 0.00040799675034110364 -0.00037425492758431087 0.0024140435216888304 -0.00085082272410392764 -0.00033554802196366447 -0.00014192641644583778 0.0026790509398641259 0.00046442060806398507 -0.00026436633285700296 -0.0003379944753315714 -0.0032541881048161053
leaf_weight=18931 15167 31941 7449 2458 60 498 173 21784 56 1512 545 70 67
leaf_count=18931 15167 31941 7449 2458 60 498 173 21784 56 1512 545 70 67
internal_value=-8.15285e-07 4.29812e-05 0.000139581 3.86245e-05 -3.28649e-05 -3.78476e-05 -6.08094e-05 -5.32714e-05 -0.000133991 3.24794e-05 0.000360852 -0.00104999 -0.00186241
internal_weight=100711 58118 25619 17625 32499 32439 42593 42283 21840 20443 7994 310 137
internal_count=100711 58118 25619 17625 32499 32439 42593 42283 21840 20443 7994 310 137
is_linear=0
shrinkage=0.02


Tree=305
num_leaves=16
num_cat=0
split_feature=15 15 25 11 25 11 5 29 11 7 29 15 18 23 11
split_gain=1.09787 1.80207 1.37182 1.15497 1.09229 1.57668 1.01204 0.768866 1.11873 0.72272 0.687012 0.684613 0.589382 0.57093 0.291355
threshold=0.45173237753882917 0.45016556291390736 0.38750000000000007 0.12146194926568755 0.86607142857142871 0.23100961538461537 1.2928571428571431 4.1339285714285721 0.40065789473684216 1.8662196106575761 2.3875000000000006 0.48013157894736841 0.48684210526315791 0.64724736048265474 0.13057686842853081
decision_type=2 2 2 2 2 2 2 2 2 2 2 2 2 2 2
left_child=1 3 12 13 7 9 -7 11 -9 -6 -5 -2 -3 -1 -4
right_child=4 2 14 10 5 6 -8 8 -10 -11 -12 -13 -14 -15 -16
leaf_value=-0.00010050705584467532 -0.00032697019828723103 0.0039467339009367011 -0.00084666209185824679 -0.00072235028704871311 0.00013416268669629822 0.0034624517602579938 0.00085784361641629632 9.539165614346547e-05 0.0024027127339396365 -0.001331704718831145 0.00028165138966330906 -8.945762841976785e-05 0.0012065555134864704 5.4921103308389585e-05 0.0010542441342697769
leaf_weight=14027 5672 91 66 274 755 68 662 5080 84 160 8967 35820 71 28950 59
leaf_count=14027 5672 91 66 274 755 68 662 5080 84 160 8967 35820 71 28950 59
internal_value=-6.46651e-06 5.67293e-05 0.00163274 4.78136e-05 -7.53693e-05 0.000429754 0.00112292 -9.34109e-05 0.000135775 -0.000113604 0.000250651 -0.000122181 0.00283613 3.95687e-06 0
internal_weight=100806 52505 287 52218 48301 1645 730 46656 5164 915 9241 41492 162 42977 125
internal_count=100806 52505 287 52218 48301 1645 730 46656 5164 915 9241 41492 162 42977 125
is_linear=0
shrinkage=0.02


Tree=306
num_leaves=16
num_cat=0
split_feature=15 15 25 11 8 25 31 7 6 31 31 5 25 18 11
split_gain=1.05425 1.73386 1.31983 1.10901 1.08042 1.15426 0.850121 0.811346 0.695293 0.681669 0.634042 1.07763 0.597097 0.563735 0.280176
threshold=0.45173237753882917 0.45016556291390736 0.38750000000000007 0.12146194926568755 0.55000000000000016 0.38750000000000007 3.5884438881935758 1.5687173952149667 1.9045454545454545 3.1433982683982689 4.2277854367715264 2.8660714285714293 0.86607142857142871 0.48684210526315791 0.13057686842853081
decision_type=2 2 2 2 2 2 2 2 2 2 2 2 2 2 2
left_child=1 3 13 8 10 7 -7 -6 -1 -5 12 -12 -2 -3 -4
right_child=4 2 14 9 5 6 -8 -9 -10 -11 11 -13 -14 -15 -16
leaf_value=-1.1766002219686309e-05 -0.00012390523166029549 0.0038694967601888924 -0.00083022689118104833 -8.7039175303335777e-05 -0.0012865609061427233 -2.7901189059627301e-05 0.00094873658322335117 6.6116207728122086e-05 0.00041168138967546004 0.00033347431182325081 0.00021727046870792443 0.0030046520580848056 0.00029020901900019924 0.0011830855314045737 0.0010338505125436627
leaf_weight=41368 42765 91 66 1907 203 488 1149 1245 1609 7334 969 58 1424 71 59
leaf_count=41368 42765 91 66 1907 203 488 1149 1245 1609 7334 969 58 1424 71 59
internal_value=-6.32326e-06 5.56022e-05 0.00160152 4.68531e-05 -7.38451e-05 0.000287342 0.000651815 -0.000118137 3.87304e-06 0.000245614 -9.8721e-05 0.00038994 -0.000110321 0.00278188 0
internal_weight=100806 52505 287 52218 48301 3085 1637 1448 42977 9241 45216 1027 44189 162 125
internal_count=100806 52505 287 52218 48301 3085 1637 1448 42977 9241 45216 1027 44189 162 125
is_linear=0
shrinkage=0.02


Tree=307
num_leaves=16
num_cat=0
split_feature=8 24 22 27 22 3 27 3 18 23 3 2 18 35 23
split_gain=0.806763 0.688904 1.47578 0.878463 0.801668 0.993726 0.959929 0.505527 0.533214 0.648613 0.513863 0.500175 0.628748 0.567977 0.390034
threshold=0.55000000000000016 0.77500000000000013 0.74342105263157909 0.8006849315068495 1.1143790849673205 1.2310308738880169 0.62643982523500608 0.82156699889258034 0.10818713450292396 0.70385185185185195 0.82376470588235307 0.67543859649122817 0.56696428571428581 0.063665315576143564 0.65471908187735539
decision_type=2 2 2 2 2 2 2 2 2 2 2 2 2 2 2
left_child=7 4 14 -4 5 -2 -6 11 9 -9 -10 13 -13 -1 -3
right_child=1 2 3 -5 6 -7 -8 8 10 -11 -12 12 -14 -15 -16
leaf_value=-0.00010419564867458268 -0.00018432468538578158 0.0011532855169339613 0.00066712784928037454 -0.001948198907334229 0.00045480997456406018 0.0012078896750529261 0.002802167358221831 8.6051093548843537e-05 -0.00076497186981141563 -0.0014054654870415107 -4.3904241298629283e-05 0.00016393724841596134 -0.00013382721575601558 0.00012522176166847098 0.0035800350397482686
leaf_weight=13696 1929 64 387 56 684 227 79 192 398 254 57151 15916 3413 6275 85
leaf_count=13696 1929 64 387 56 684 227 79 192 398 254 57151 15916 3413 6275 85
internal_value=-6.18331e-06 0.000291417 0.000915988 0.00030678 0.000160784 -3.21243e-05 0.000717615 -1.70311e-05 -5.46296e-05 -0.000743539 -4.90912e-05 3.81985e-05 0.000110834 -3.16054e-05 0.00263298
internal_weight=100806 3511 592 443 2919 2156 763 97295 57995 446 57549 39300 19329 19971 149
internal_count=100806 3511 592 443 2919 2156 763 97295 57995 446 57549 39300 19329 19971 149
is_linear=0
shrinkage=0.02


Tree=308
num_leaves=16
num_cat=0
split_feature=15 15 25 11 25 11 27 31 13 33 22 6 28 18 27
split_gain=1.00957 1.66883 1.27094 1.06535 1.01295 1.51101 0.985633 0.842748 0.769236 0.890906 0.68044 0.671174 0.65022 0.539024 0.48028
threshold=0.45173237753882917 0.45016556291390736 0.38750000000000007 0.12146194926568755 0.86607142857142871 0.23100961538461537 0.78964130070398941 3.2226219024780183 1.0500000000000003 0.10555555555555557 0.60555555555555574 1.9045454545454545 3.4500000000000006 0.48684210526315791 0.36236747398113028
decision_type=2 2 2 2 2 2 2 2 2 2 2 2 2 2 2
left_child=1 3 13 11 8 12 -5 -7 10 -10 -2 -1 -6 -3 -4
right_child=4 2 14 6 5 7 -8 -9 9 -11 -12 -13 -14 -15 -16
leaf_value=-1.1533398335182294e-05 5.3180110707573123e-05 0.0037945244453286616 -0.0013870507975419363 0.00020527816556310479 0.00030167863687453287 -0.00097170396082436861 0.0014964058559115341 0.0013120597203274717 0.00035307825467932369 -0.00041906280268293281 -0.00015099244460516553 0.00040450301990236726 -0.00078045717249177902 0.0011609212053965217 0.0010845633149147034
leaf_weight=41368 7937 91 52 8997 552 65 244 665 2852 744 35123 1609 363 71 73
leaf_count=41368 7937 91 52 8997 552 65 244 665 2852 744 35123 1609 363 71 73
internal_value=-6.05145e-06 5.45453e-05 0.00157121 4.59581e-05 -7.2129e-05 0.00041427 0.000240768 0.00109295 -8.95098e-05 0.000190401 -0.000113126 3.82786e-06 -0.000117488 0.0027295 0
internal_weight=100806 52505 287 52218 48301 1645 9241 730 46656 3596 43060 42977 915 162 125
internal_count=100806 52505 287 52218 48301 1645 9241 730 46656 3596 43060 42977 915 162 125
is_linear=0
shrinkage=0.02


Tree=309
num_leaves=16
num_cat=0
split_feature=15 15 8 2 18 15 11 11 37 15 37 21 33 29 7
split_gain=0.969793 1.60652 0.986431 0.89989 0.969445 0.822787 1.02292 0.81684 1.36039 0.711791 0.704987 0.680948 0.642742 0.636514 0.372909
threshold=0.45173237753882917 0.44127789046653149 0.55000000000000016 1.1937500000000003 0.38675213675213677 0.43960780598711635 0.11785130718954247 0.17405329593267879 53.500000000000007 0.59105202973127513 154.50000000000003 0.76388888888888895 0.18333333333333332 4.1339285714285721 1.3056703397612492
decision_type=2 2 2 2 2 2 2 2 2 2 2 2 2 2 2
left_child=1 5 10 4 -3 6 -1 9 -9 -4 13 -5 -12 -2 -7
right_child=2 3 7 11 -6 14 -8 8 -10 -11 12 -13 -14 -15 -16
leaf_value=-5.377003828239725e-06 -0.00011459753007581861 0.0010069305109944972 -0.0007562945381591195 0.0005976302238802115 9.4847267438226033e-05 5.7664502125519971e-05 0.00023174478073496426 -4.3297903755048272e-05 0.00089131014903200741 0.00076688776537775993 -0.0019247986025111691 0.0027290373215308555 0.00032571915875781671 0.00012974012248767448 -0.0012625187917759545
leaf_weight=40917 40266 726 473 142 1377 102 8830 1172 1282 158 155 128 64 4731 283
leaf_count=40917 40266 726 473 142 1377 102 8830 1172 1282 158 155 128 64 4731 283
internal_value=-5.91794e-06 5.3471e-05 -7.06825e-05 0.000561968 0.000415126 2.91803e-05 3.65183e-05 0.0002744 0.000441209 -0.00035788 -9.4459e-05 0.00165748 -0.00122487 -8.86809e-05 -0.000888426
internal_weight=100806 52505 48301 2373 2103 50132 49747 3085 2454 631 45216 270 219 44997 385
internal_count=100806 52505 48301 2373 2103 50132 49747 3085 2454 631 45216 270 219 44997 385
is_linear=0
shrinkage=0.02


Tree=310
num_leaves=14
num_cat=0
split_feature=19 36 36 30 23 32 7 37 1 3 16 22 24
split_gain=0.858571 0.696758 0.5453 0.916323 1.20264 0.77534 0.687669 2.00779 0.841728 0.40872 0.416528 0.31226 0.424844
threshold=1.0061728395061731 1.0000000180025095e-35 1.0000000180025095e-35 3.6485294117647062 1.2955533596837947 0.70833333333333337 2.1881770529994182 77.500000000000014 1.9500000000000002 1.7596153846153848 1.2916666666666667 1.1622807017543864 0.90000000000000013
decision_type=2 2 2 2 2 2 2 2 2 2 2 2 2
left_child=2 9 6 5 -5 -4 8 -8 -1 10 -2 12 -3
right_child=1 11 3 4 -6 -7 7 -9 -10 -11 -12 -13 -14
leaf_value=-4.1700843659890772e-05 8.2909366115927697e-05 -0.0020211027501934797 -1.9058813896201943e-05 0.00012071628880758321 0.0007204646012947078 0.0016330811015346594 -1.2539754971261055e-05 0.0013782205247081345 -0.0023049047047441658 0.0013980406476184727 -0.0017577114520650923 0 0
leaf_weight=47969 158 219 27674 20921 1437 112 1759 536 64 62 64 50 54
leaf_count=47969 158 219 27674 20921 1437 112 1759 536 64 62 64 50 54
internal_value=1.30616e-05 -0.000735236 1.76965e-05 6.44357e-05 0.000159772 -1.19224e-05 -2.86738e-05 0.000308838 -4.50204e-05 0 -0.000414033 -0.00136766 -0.00163242
internal_weight=101079 607 100472 50144 22358 27786 50328 2295 48033 284 222 323 273
internal_count=101079 607 100472 50144 22358 27786 50328 2295 48033 284 222 323 273
is_linear=0
shrinkage=0.02


Tree=311
num_leaves=15
num_cat=0
split_feature=31 3 15 24 7 28 37 23 28 23 7 23 7 15
split_gain=0.567009 0.803716 0.86091 0.784897 1.38328 1.27343 0.965532 0.707521 0.762438 0.731797 0.683955 0.64416 0.490501 0.274374
threshold=3.1088032716315115 0.63182720953326721 0.5699462365591399 0.63333333333333341 1.1556998556998559 3.3666666666666667 124.50000000000001 1.9722222222222225 4.1000000000000005 1.6726190476190479 1.7508389261744968 1.1094320255474455 1.4340353956413634 0.76016528925619842
decision_type=2 2 2 2 2 2 2 2 2 2 2 2 2 2
left_child=3 2 11 6 5 -5 10 9 -9 -3 -1 -2 -6 -4
right_child=1 7 13 4 12 -7 -8 8 -10 -11 -12 -13 -14 -15
leaf_value=-0.00010305667486290729 0.00018054122689315199 2.1972182295553191e-05 -0.0011762100458145141 0.00057288444557558832 -0.0010582665171263352 0.0031663312572379441 0.002255647951627479 -0.0017173352935275093 0.00075249156308552568 0.0012927914238893069 -0.00081150844877148857 0.00070965525577234667 0.00011578725810561861 0
leaf_weight=18464 2562 75695 190 877 263 84 66 181 61 180 565 1503 278 110
leaf_count=18464 2562 75695 190 877 263 84 66 181 61 180 565 1503 278 110
internal_value=1.27985e-05 3.68474e-05 0.000300887 -8.06804e-05 0.000357613 0.000816064 -0.000115714 2.15669e-05 -0.00105273 2.51528e-05 -0.0001247 0.000378888 -0.000438343 -0.000718435
internal_weight=101079 80482 4365 20597 1502 961 19095 76117 242 75875 19029 4065 541 300
internal_count=101079 80482 4365 20597 1502 961 19095 76117 242 75875 19029 4065 541 300
is_linear=0
shrinkage=0.02


Tree=312
num_leaves=16
num_cat=0
split_feature=31 3 35 30 18 2 30 28 35 37 3 13 1 4 37
split_gain=0.544378 0.772051 0.757676 1.03546 1.01915 0.745665 0.643925 1.29085 0.626575 0.679279 0.589447 0.561806 0.672445 0.528516 0.387056
threshold=3.1088032716315115 0.63182720953326721 0.077171215880893262 3.7947368421052636 0.16228070175438594 0.94590643274853814 3.1291666666666669 3.9000000000000004 0.17099640125955912 56.500000000000007 0.66797900262467202 0.68333333333333346 0.68333333333333346 1.1000000000000003 58.500000000000007
decision_type=2 2 2 2 2 2 2 2 2 2 2 2 2 2 2
left_child=2 11 3 4 -1 -5 7 -3 13 -10 -8 12 -2 -4 -13
right_child=1 6 8 5 -6 -7 10 -9 9 -11 -12 14 -14 -15 -16
leaf_value=0.00018257728488018504 0.00021072709724010943 0.00018838715878172741 8.1489481698506189e-05 0.002542574339442783 -0.00024719609191461148 0.00030857654976415203 -0.00037575975522003341 0.0022652375421697095 -0.00035148452123006188 0.00078496577931039138 1.4558537732700936e-05 -0.00070722765814174309 0.0008162888129905942 0.00060055742331748571 0.00095756228244493887
leaf_weight=2646 2967 4768 2021 88 12618 220 1580 122 1423 241 69647 328 1009 1340 61
leaf_count=2646 2967 4768 2021 88 12618 220 1580 122 1423 241 69647 328 1009 1340 61
internal_value=1.25519e-05 3.61176e-05 -7.90394e-05 -0.000148248 -0.000172026 0.000991405 2.11384e-05 0.000243151 0.000133416 -0.000180143 5.74956e-06 0.000294907 0.000367249 0.000291645 -0.00041703
internal_weight=101079 80482 20597 15572 15264 308 76117 4890 5025 1664 71227 4365 3976 3361 389
internal_count=101079 80482 20597 15572 15264 308 76117 4890 5025 1664 71227 4365 3976 3361 389
is_linear=0
shrinkage=0.02


Tree=313
num_leaves=16
num_cat=0
split_feature=31 10 30 37 30 20 28 15 22 15 5 28 18 37 31
split_gain=0.522399 0.736642 0.775193 0.723929 0.683596 1.17722 1.21156 0.636153 1.19103 0.741804 0.53347 0.525536 0.563848 0.479044 0.334088
threshold=3.1088032716315115 0.20526315789473684 3.4868421052631584 124.50000000000001 3.1291666666666669 1.5500000000000003 3.9000000000000004 0.21455026455026452 0.53137254901960795 0.32113440032143575 1.3875000000000002 3.2250000000000005 0.59411764705882364 1.5000000000000002 1.0000000180025095e-35
decision_type=2 2 2 2 2 2 2 2 2 2 2 2 2 2 2
left_child=1 2 3 -1 5 6 -2 8 -6 -9 -7 13 -13 -3 -4
right_child=4 11 14 -5 7 10 -8 9 -10 -11 -12 12 -14 -15 -16
leaf_value=-8.6993721721306672e-05 0.00026939550728721778 0.00055528164341829827 0.0010147088091163074 0.0018897489418049115 -0.00051798926545733716 -0.0014191449138712376 0.0023495931717856179 -0.00018997321184511452 0.00042515424137306511 2.695878860840605e-05 0.00056511768272944857 0.00072174962406134724 -0.00085576007582924577 -0.0011250821793762869 0.0002061198370906111
leaf_weight=18543 5259 67 338 72 631 233 114 6990 3243 63951 61 199 163 591 624
leaf_count=18543 5259 67 338 72 631 233 114 6990 3243 63951 61 199 163 591 624
internal_value=1.23176e-05 -7.74025e-05 -4.95135e-05 -7.86086e-05 3.54044e-05 0.0002473 0.00031625 1.92141e-05 0.000268766 5.43821e-06 -0.000972624 -0.00060175 0 -0.000937666 0.000502108
internal_weight=101079 20597 19577 18615 80482 5667 5373 74815 3874 70941 294 1020 362 658 962
internal_count=101079 20597 19577 18615 80482 5667 5373 74815 3874 70941 294 1020 362 658 962
is_linear=0
shrinkage=0.02


Tree=314
num_leaves=15
num_cat=0
split_feature=31 10 2 13 27 37 26 31 13 7 7 20 7 28
split_gain=0.501449 0.707052 1.12843 0.972564 0.822036 0.690063 0.577392 0.543855 0.901506 1.54748 0.609136 0.750327 0.562072 0.362128
threshold=3.1088032716315115 0.20526315789473684 1.1081871345029242 0.89444444444444449 0.26008130081300823 124.50000000000001 0.44722222222222224 3.200806451612904 1.1180555555555558 1.9968152866242044 0.60172413793103463 0.36666666666666675 1.8310773733308945 2.4500000000000006
decision_type=2 2 2 2 2 2 2 2 2 2 2 2 2 2
left_child=1 2 5 -4 6 -1 -3 8 9 -2 11 -9 -12 -6
right_child=7 4 3 -5 13 -7 -8 10 -10 -11 12 -13 -14 -15
leaf_value=-7.7240569903852543e-05 0.00025192620768580635 -0.00026577076084223115 0.00058543077030149442 0.0036167129340036858 3.1237698776621215e-05 0.0018529755118730905 0.0018783387701426233 -0.0015328307839540334 0.0028669930593325545 -0.0023159318754547519 -1.5182370794362741e-05 0.00065114984796454879 0.00011742004771613994 -0.001396269159457263
leaf_weight=19162 5111 474 292 51 69 72 54 63 50 93 57813 963 16389 423
leaf_count=19162 5111 474 292 51 69 72 54 63 50 93 57813 963 16389 423
internal_value=1.20787e-05 -7.58208e-05 -4.84864e-05 0.00108349 -0.000589546 -6.93033e-05 -2.13583e-05 3.46995e-05 0.000231577 0.000203243 2.08107e-05 0.000504597 1.39731e-05 -0.00117651
internal_weight=101079 20597 19577 343 1020 19234 528 80482 5254 5204 75228 1026 74202 492
internal_count=101079 20597 19577 343 1020 19234 528 80482 5254 5204 75228 1026 74202 492
is_linear=0
shrinkage=0.02


Tree=315
num_leaves=9
num_cat=0
split_feature=27 36 31 19 19 20 32 2
split_gain=1.0676 0.730236 0.993306 0.873746 0.745518 0.53491 0.463374 0.283295
threshold=1.5357142857142858 1.0000000180025095e-35 4.0702439692982466 0.59107498341074993 0.74007874015748043 2.2250000000000005 1.0000000180025095e-35 0.94868421052631591
decision_type=2 2 2 2 2 2 2 2
left_child=1 5 4 -4 -3 6 -1 -2
right_child=7 2 3 -5 -6 -7 -8 -9
leaf_value=-2.0926101688597412e-05 0.0029101089556371014 5.2556628591204075e-05 0.00087620373815298078 9.944959883829078e-05 -0.00028352530280905281 0.0014250645563774504 -0.00015869664312824868 0.00054416323510500107
leaf_weight=36941 60 45296 1070 1334 2795 95 13385 50
leaf_count=36941 60 45296 1070 1334 2795 95 13385 50
internal_value=1.27939e-06 -7.87458e-07 5.28714e-05 0.000449774 3.2805e-05 -5.47233e-05 -5.77719e-05 0.00195289
internal_weight=101026 100916 50495 2404 48091 50421 50326 110
internal_count=101026 100916 50495 2404 48091 50421 50326 110
is_linear=0
shrinkage=0.02


Tree=316
num_leaves=16
num_cat=0
split_feature=36 28 30 26 29 15 29 35 4 26 4 35 19 30 26
split_gain=0.679628 0.884636 1.10314 1.00524 1.03555 1.001 0.739885 0.94851 0.91673 0.862916 0.811994 0.784587 0.72117 0.720954 0.406207
threshold=1.0000000180025095e-35 4.366666666666668 4.2899159663865554 0.42481203007518792 4.2928571428571436 0.49838709677419363 3.0500000000000003 0.052015692640692605 1.2250000000000003 0.84807692307692317 1.3666666666666669 0.062305900621118009 0.74007874015748043 4.0250000000000012 0.24264705882352941
decision_type=2 2 2 2 2 2 2 2 2 2 2 2 2 2 2
left_child=6 2 12 5 -5 -3 8 13 9 -1 -9 -10 -2 -8 -4
right_child=1 3 14 4 -6 -7 7 10 11 -11 -12 -13 -14 -15 -16
leaf_value=-3.7084722897375633e-05 6.0322307976903795e-05 0.00012381750033862556 -0.00044661590031215125 -0.0008421137433344217 0.00095281577280589521 0.00092725374826551537 -3.3648174322528892e-05 -0.00034666869002169837 0.00016583058426150452 0.0018324056655168533 -8.0936262722389727e-05 0.00089394932777307019 -0.00026466658104710278 0.00037354120679098486 -0.001886024673113087
leaf_weight=7542 44090 1204 222 455 173 1354 19005 7920 1804 98 11284 915 2901 1912 147
leaf_count=7542 44090 1204 222 455 173 1354 19005 7920 1804 98 11284 915 2901 1912 147
internal_value=1.25992e-06 5.31954e-05 3.1256e-05 0.000375965 -0.000330323 0.000553391 -5.05454e-05 -8.95833e-05 9.96733e-05 -1.13225e-05 -0.000191073 0.00041501 4.00358e-05 3.12668e-06 -0.00105407
internal_weight=101026 50546 47360 3186 628 2558 50480 40121 10359 7640 19204 2719 46991 20917 369
internal_count=101026 50546 47360 3186 628 2558 50480 40121 10359 7640 19204 2719 46991 20917 369
is_linear=0
shrinkage=0.02


Tree=317
num_leaves=16
num_cat=0
split_feature=36 31 24 37 28 37 19 18 24 31 18 19 22 19 4
split_gain=0.652572 0.944842 0.845661 1.09912 0.866369 0.914361 0.836749 1.26847 0.747928 0.736035 0.596922 0.556729 0.757211 0.491066 0.476445
threshold=1.0000000180025095e-35 4.0702439692982466 1.0000000180025095e-35 31.500000000000004 2.9000000000000004 91.500000000000014 0.59107498341074993 0.34166666666666673 1.2250000000000003 4.1155435473617299 0.74342105263157909 0.74007874015748043 1.3514705882352944 0.72625313283208037 1.4500000000000002
decision_type=2 2 2 2 2 2 2 2 2 2 2 2 2 2 2
left_child=2 11 3 14 8 -6 7 -3 -4 -5 -8 13 -13 -2 -1
right_child=1 6 4 9 5 -7 10 -9 -10 -11 -12 12 -14 -15 -16
leaf_value=-8.9347536273378701e-05 4.3964962425984835e-05 -0.00092773494880590867 0.0001814050774108495 -0.00030488233943030518 -0.00010734875972284375 0.00013754024884059745 -0.00025114028864656873 0.0011197411085062839 0.0018075923838167111 -0.0013736991127477076 0.00060248913471218498 -0.00032237931885301867 0.0010667933051179096 0.00083099578028527385 0.00034497834051727184
leaf_weight=3244 44990 132 6038 7206 24003 8147 780 938 115 272 554 2671 162 319 1455
leaf_count=3244 44990 132 6038 7206 24003 8147 780 938 115 272 554 2671 162 319 1455
internal_value=1.23329e-06 5.21265e-05 -4.95284e-05 -0.00019471 -3.10446e-06 -4.49767e-05 0.000439249 0.000856567 0.000214001 -0.000345453 9.62517e-05 3.25701e-05 -0.000238718 4.97632e-05 4.30996e-05
internal_weight=101026 50546 50480 12177 38303 32150 2404 1070 6153 7478 1334 48142 2833 45309 4699
internal_count=101026 50546 50480 12177 38303 32150 2404 1070 6153 7478 1334 48142 2833 45309 4699
is_linear=0
shrinkage=0.02


Tree=318
num_leaves=10
num_cat=0
split_feature=27 36 31 30 35 27 4 27 29
split_gain=1.01946 0.647151 0.913791 0.669754 0.624989 0.728533 0.69704 0.517412 0.300205
threshold=1.5357142857142858 1.0000000180025095e-35 4.0702439692982466 3.6485294117647062 0.16720430107526876 0.58609707884911055 3.2250000000000005 0.46440092165898622 3.0500000000000003
decision_type=2 2 2 2 2 2 2 2 2
left_child=1 4 7 -4 6 -6 -1 -3 -2
right_child=8 2 3 -5 5 -7 -8 -9 -10
leaf_value=-3.8279101657285688e-05 0.0028850797828166713 6.3381708999098508e-05 -0.0011685543545742626 0.00050145706641421285 -0.00016503525419243035 -0.00090922905875961122 0.00042197404324920482 -0.00010044496154395568 0.00047801470527282129
leaf_weight=42375 60 38485 95 2309 6108 584 1354 9606 50
leaf_count=42375 60 38485 95 2309 6108 584 1354 9606 50
internal_value=1.2117e-06 -8.05765e-07 4.97022e-05 0.00043039 -5.15862e-05 -0.000231726 -2.37808e-05 3.04472e-05 0.00190832
internal_weight=101026 100916 50495 2404 50421 6692 43729 48091 110
internal_count=101026 100916 50495 2404 50421 6692 43729 48091 110
is_linear=0
shrinkage=0.02


Tree=319
num_leaves=16
num_cat=0
split_feature=21 22 31 29 31 15 14 29 14 31 6 4 15 14 6
split_gain=0.569442 1.15078 1.00494 0.904817 1.11206 0.786316 0.999238 0.771275 0.635838 0.977959 0.722455 0.573721 0.856209 0.489958 0.463738
threshold=0.81666666666666676 0.87083333333333346 3.9209579704657331 3.2928571428571431 3.1144345238095243 1.0081967213114755 0.7947368421052633 3.3166666666666669 0.62828947368421062 3.5093466107617055 2.1519230769230773 1.9000000000000001 0.58147781626257633 1.0954545454545457 2.6754385964912282
decision_type=2 2 2 2 2 2 2 2 2 2 2 2 2 2 2
left_child=2 11 3 4 -1 6 -4 -5 10 -10 -3 12 -2 -13 -7
right_child=1 8 5 7 -6 14 -8 -9 9 -11 -12 13 -14 -15 -16
leaf_value=0 -0.00023482768199565497 -2.7160733075790271e-05 0.00022294574196522055 -0.00036828945983072807 0.00031894240345220628 -0.001332243985386305 0.0009769102517202333 -2.2511858001574315e-05 -0.0002282132682182806 0.00026440347013361164 -0.00065352940465026297 7.5798093751104693e-05 -0.00083699869879100774 -0.0016320010587789011 0.00058066029702463458
leaf_weight=11572 6268 29129 5523 2898 7057 184 819 24259 2083 6874 756 2341 1136 67 60
leaf_count=11572 6268 29129 5523 2898 7057 184 819 24259 2083 6874 756 2341 1136 67 60
internal_value=1.18626e-06 -4.79749e-05 4.70484e-05 1.35864e-05 0.000121104 0.000278085 0.000322166 -5.98034e-05 6.59535e-07 0.000148701 -4.33832e-05 -0.00024148 -0.00032877 2.28161e-05 -0.000820311
internal_weight=101026 48654 52372 45786 18629 6586 6342 27157 38842 8957 29885 9812 7404 2408 244
internal_count=101026 48654 52372 45786 18629 6586 6342 27157 38842 8957 29885 9812 7404 2408 244
is_linear=0
shrinkage=0.02


Tree=320
num_leaves=13
num_cat=0
split_feature=27 30 18 2 10 1 21 2 30 31 26 19
split_gain=0.765993 0.934932 1.09287 1.07521 0.887197 0.705544 0.607755 0.578669 1.1759 0.999617 0.418263 0.465049
threshold=0.66770833333333346 3.3416666666666672 1.0250000000000001 0.8973684210526317 0.46862745098039221 1.7250000000000003 0.78888888888888908 0.77350427350427364 2.9045454545454548 3.7859389038634323 0.48684210526315791 0.45016556291390736
decision_type=2 2 2 2 2 2 2 2 2 2 2 2
left_child=5 2 3 -2 6 7 -3 9 -9 -1 11 -7
right_child=1 4 -4 -5 -6 10 -8 8 -10 -11 -12 -13
leaf_value=1.4731217551543015e-05 1.839986820330565e-05 0.00089600766262812922 0.0025317799713876509 -0.0013506383004624762 -0.0017071613097844058 -0.0018083321593883562 0.00028104865378406448 0.00045882565996121182 -6.8596116682361911e-05 0.00038587465476542008 -0.0017502592528452637 -0.00014295053823540607
leaf_weight=32590 781 1024 52 315 71 80 1932 1735 58681 3193 120 478
leaf_count=32590 781 1024 52 315 71 80 1932 1735 58681 3193 120 478
internal_value=-8.55669e-06 0.000256452 -0.000223504 -0.00036771 0.000441806 -2.00858e-05 0.000497922 -1.54412e-05 -5.32697e-05 4.81484e-05 -0.000662399 -0.000405178
internal_weight=101052 4175 1148 1096 3027 96877 2956 96199 60416 35783 678 558
internal_count=101052 4175 1148 1096 3027 96877 2956 96199 60416 35783 678 558
is_linear=0
shrinkage=0.02


Tree=321
num_leaves=16
num_cat=0
split_feature=27 35 35 7 7 7 23 7 37 18 22 4 2 4 2
split_gain=0.735969 0.933524 1.36908 1.32231 0.995848 0.856386 0.886029 0.65716 1.60318 1.13831 1.94051 0.97539 0.774646 0.75241 0.347447
threshold=0.66770833333333346 0.082028382676779962 0.047782126549249807 2.5017985611510798 1.1335958005249347 2.382847386393486 1.1633319994664535 2.3190572267057967 41.500000000000007 0.91287878787878796 0.59411764705882364 1.3666666666666669 1.151923076923077 1.9000000000000001 1.341666666666667
decision_type=2 2 2 2 2 2 2 2 2 2 2 2 2 2 2
left_child=7 2 4 -4 -2 6 -3 9 13 12 -11 -10 -1 -9 -7
right_child=1 5 3 -5 -6 14 -8 8 11 10 -12 -13 -14 -15 -16
leaf_value=-3.2170142607611815e-07 0.00082304206176808008 -0.0001647976139360223 0.0016591672656627802 -0.0013203983288258313 -5.2501604543507923e-05 0.00033899531719532418 -0.0018602918879739169 0.00072666691720352336 -0.0011667729588225484 0.00070540300705148001 -0.0010886492932846805 0.0013569927817263438 -0.0001871483648168174 -0.00020239544131026282 0.0025351436712123731
leaf_weight=82949 758 966 518 62 1584 92 143 445 62 316 936 632 9954 1583 52
leaf_count=82949 758 966 518 62 1584 92 143 445 62 316 936 632 9954 1583 52
internal_value=-8.38248e-06 0.000251377 0.000448189 0.00132004 0.000227067 -0.000199604 -0.000395379 -1.96852e-05 0.000286227 -2.86412e-05 -0.00062746 0.00111445 -2.04503e-05 0 0.00122441
internal_weight=101052 4175 2922 580 2342 1253 1109 96877 2722 94155 1252 694 92903 2028 144
internal_count=101052 4175 2922 580 2342 1253 1109 96877 2722 94155 1252 694 92903 2028 144
is_linear=0
shrinkage=0.02


Tree=322
num_leaves=16
num_cat=0
split_feature=7 37 18 3 16 2 1 16 3 21 2 35 3 2 25
split_gain=0.695733 1.24644 1.7336 1.4431 1.06072 1.0049 0.656303 0.746815 0.726674 0.638534 1.17669 0.606342 0.724234 0.640489 0.516316
threshold=2.3190572267057967 41.500000000000007 0.74342105263157909 1.1556466302367945 0.90000000000000013 1.151923076923077 1.3875000000000002 1.1000000000000003 0.73090185676392583 1.1180555555555558 1.1143790849673205 0.077171215880893262 1.1222621902478018 1.6833333333333336 0.5634920634920636
decision_type=2 2 2 2 2 2 2 2 2 2 2 2 2 2 2
left_child=5 9 3 -3 -4 6 7 -1 -8 14 -11 12 -7 -13 -2
right_child=1 2 4 -5 -6 11 8 -9 -10 10 -12 13 -14 -15 -16
leaf_value=5.5064240802662424e-06 2.5204774124402528e-05 0.0046503521777965405 -0.00041920534983465942 0.0010932018307607564 0.0011612052801817064 -0.00051347514715384163 0.0024375518817793241 -0.00037673003751187379 0.00027948496617711377 -0.0012693078455082714 0.00057048376213322892 -3.7980183152304971e-06 -6.3530494447661806e-05 -0.0020518446112832715 0.00080711443327709676
leaf_weight=82499 1408 79 314 132 351 3597 64 2094 2069 349 220 4893 2468 60 455
leaf_count=82499 1408 79 314 132 351 3597 64 2094 2069 349 220 4893 2468 60 455
internal_value=-8.21598e-06 0.000276772 0.000923239 0.00250313 0.000400954 -1.79687e-05 4.77759e-06 -3.84586e-06 0.000351144 3.92401e-05 -0.000540945 -0.000197888 -0.000332111 -3.14441e-05 0.000222193
internal_weight=101052 3308 876 211 665 97744 86726 84593 2133 2432 569 11018 6065 4953 1863
internal_count=101052 3308 876 211 665 97744 86726 84593 2133 2432 569 11018 6065 4953 1863
is_linear=0
shrinkage=0.02


Tree=323
num_leaves=14
num_cat=0
split_feature=2 30 29 29 31 11 25 23 23 2 13 31 17
split_gain=0.531315 1.06773 0.932796 1.13413 0.915288 0.76768 0.740998 0.728767 0.72642 0.663579 1.36511 0.855647 0.398417
threshold=0.77350427350427364 2.9045454545454548 2.9500000000000006 3.3875000000000006 4.3357843137254912 0.34440765268579837 0.18333333333333332 1.334474885844749 0.96615895556573539 0.6858552631578948 1.267857142857143 3.7224014336917564 0.38750000000000007
decision_type=2 2 2 2 2 2 2 2 2 2 2 2 2
left_child=4 2 8 -4 9 7 -7 -3 -2 11 -11 -1 -6
right_child=1 5 3 -5 12 6 -8 -9 -10 10 -12 -13 -14
leaf_value=-5.2999552631063305e-05 -5.2569256159025745e-05 -8.1321695916193978e-05 0.0015205396375348491 -0.0009356498034561382 0.00042514035724244023 -0.00067839119244705556 0.00055767420527672083 0.00031126016179209811 0.0013573168851658255 0.00014497607351104645 0.0033406618706606052 0.00039311777397047924 0.0032115118090923016
leaf_weight=21654 1092 58653 463 83 51 218 1349 1943 165 13415 52 1864 50
leaf_count=21654 1092 58653 463 83 51 218 1349 1943 165 13415 52 1864 50
internal_value=-8.04322e-06 -4.30476e-05 0.000435835 0.00112686 5.20619e-05 -5.71117e-05 0.000378695 -6.85587e-05 0.000126419 4.6539e-05 0.000158552 -1.71854e-05 0.00193719
internal_weight=101052 63966 1803 546 37086 62163 1567 60596 1257 36985 13467 23518 101
internal_count=101052 63966 1803 546 37086 62163 1567 60596 1257 36985 13467 23518 101
is_linear=0
shrinkage=0.02


Tree=324
num_leaves=16
num_cat=0
split_feature=7 37 18 11 16 16 35 35 17 21 11 3 23 18 18
split_gain=0.654975 1.19736 1.67095 1.56161 1.01929 0.720101 1.1498 1.02246 0.898502 0.615082 0.986687 0.531167 1.55165 0.521374 0.444667
threshold=2.3190572267057967 41.500000000000007 0.74342105263157909 0.32315462315462323 0.90000000000000013 1.1000000000000003 0.098833265499932169 0.078501400560224074 1.3166666666666669 1.1180555555555558 0.30032679738562096 0.81272482014388503 1.334474885844749 0.48684210526315791 0.85357142857142865
decision_type=2 2 2 2 2 2 2 2 2 2 2 2 2 2 2
left_child=5 9 3 -3 -4 11 7 -7 -8 10 -2 14 -13 -11 -1
right_child=1 2 4 -5 -6 6 8 -9 -10 13 -12 12 -14 -15 -16
leaf_value=5.5844377335860843e-05 -0.00029674064709153371 0.00076603612909882754 -0.00041439946505087837 0.0043523423819197818 0.0011346697026372969 -0.00016043199716221158 -0.00084241653296943998 0.0012157578815202245 0.0017145141525702044 -0.0018289010570599481 0.00062479095405522194 -6.3714487504759888e-05 0.00058158898353576668 -0.00022281595638820102 -0.00091645958179489091
leaf_weight=37923 817 116 314 95 351 1876 1366 242 53 102 1046 54570 1528 467 186
leaf_count=37923 817 116 314 95 351 1876 1366 242 53 102 1046 54570 1528 467 186
internal_value=-7.86871e-06 0.000268641 0.00090223 0.00245338 0.000389188 -1.73344e-05 -0.000297478 0 -0.000737599 3.57617e-05 0.000215416 -6.70416e-06 -4.59393e-05 -0.000533636 5.07886e-05
internal_weight=101052 3308 876 211 665 97744 3537 2118 1419 2432 1863 94207 56098 569 38109
internal_count=101052 3308 876 211 665 97744 3537 2118 1419 2432 1863 94207 56098 569 38109
is_linear=0
shrinkage=0.02


Tree=325
num_leaves=16
num_cat=0
split_feature=36 30 19 6 31 5 29 5 29 30 23 30 23 5 5
split_gain=0.771062 0.664116 0.905387 0.737524 0.93048 0.695359 0.663676 0.625768 0.46033 0.805063 1.6077 0.688523 0.963318 0.825959 0.658462
threshold=1.0000000180025095e-35 3.6449579831932781 0.51672259507829998 2.9083333333333337 3.7818865345181139 2.4142857142857146 3.8944444444444448 1.2111111111111115 3.9500000000000006 4.0250000000000012 1.1158657513348589 3.9486842105263165 1.0839427747824697 1.0500000000000003 2.8166666666666669
decision_type=2 2 2 2 2 2 2 2 2 2 2 2 2 2 2
left_child=8 2 6 7 -5 -4 -2 -3 9 14 -11 12 -10 -13 -1
right_child=1 3 5 4 -6 -7 -8 -9 11 10 -12 13 -14 -15 -16
leaf_value=-4.2084982673832719e-05 7.5207940581468072e-05 0.00034835721630799141 -0.00029179733968391717 -0.002959165110037877 -0.00020928539936580965 0.00043190824244306497 -0.00065958482568373455 9.7994239584947839e-05 -0.00061660259086678915 0.00016503604975613682 0.0024877376384383081 0.00069020737293693749 0.0002666015110897745 -0.00012711891653156197 0.00055851010520342552
leaf_weight=39924 21403 5318 5386 63 246 577 499 16869 2313 658 147 538 609 5653 740
leaf_count=39924 21403 5318 5386 63 246 577 499 16869 2313 658 147 538 609 5653 740
internal_value=8.24763e-06 6.37277e-05 -1.17541e-06 0.000144558 -0.000817519 -0.000219971 5.79517e-05 0.00015848 -4.67927e-05 -1.82362e-05 0.000606687 -0.00017561 -0.00042905 -5.42783e-05 -3.08826e-05
internal_weight=100943 50361 27865 22496 309 5963 21902 22187 50582 41469 805 9113 2922 6191 40664
internal_count=100943 50361 27865 22496 309 5963 21902 22187 50582 41469 805 9113 2922 6191 40664
is_linear=0
shrinkage=0.02


Tree=326
num_leaves=14
num_cat=0
split_feature=29 30 1 21 21 7 27 22 27 35 7 27 26
split_gain=0.480508 0.994349 1.32797 1.06254 0.841579 1.15128 0.85658 0.832976 0.823773 0.687337 0.728748 0.728486 0.220378
threshold=3.9500000000000006 3.7434210526315792 1.2361111111111114 0.29285714285714287 1.1339285714285716 2.4660919540229891 0.32701294033069733 1.2817460317460319 0.83486703250316596 0.28621378621378629 2.0668903803131999 0.75096899224806213 0.64852941176470602
decision_type=2 2 2 2 2 2 2 2 2 2 2 2 2
left_child=1 4 7 -4 6 -6 -1 -3 9 11 -11 -2 -10
right_child=8 2 3 -5 5 -7 -8 -9 12 10 -12 -13 -14
leaf_value=-4.4152923714536372e-05 -0.0001090693453048628 3.002441224698614e-05 -0.0010278089558766559 0.00066582242568811762 -0.00013713642833956165 -0.0015490999492276617 0.0001175255319804945 0.00047747521533736864 -0.00071224162276362025 0.00079999596280838127 -0.00053140668349973327 0.001588569731995611 -0.0027234899146216258
leaf_weight=30655 17721 13280 151 2576 10477 236 22838 1912 69 668 207 99 54
leaf_count=30655 17721 13280 151 2576 10477 236 22838 1912 69 668 207 99 54
internal_value=8.08474e-06 2.9063e-05 0.000160812 0.000567693 -7.55438e-06 -0.000169458 2.4688e-05 8.70522e-05 -8.293e-05 -7.15439e-05 0.000473128 -9.88997e-05 -0.00170468
internal_weight=100943 82125 17919 2727 64206 10713 53493 15192 18818 18695 875 17820 123
internal_count=100943 82125 17919 2727 64206 10713 53493 15192 18818 18695 875 17820 123
is_linear=0
shrinkage=0.02


Tree=327
num_leaves=16
num_cat=0
split_feature=36 30 19 28 5 26 29 26 26 5 19 13 26 24 27
split_gain=0.741314 0.631506 0.871564 0.716501 0.669414 0.667659 0.636602 0.610607 0.49089 1.27319 1.41455 0.732105 0.57823 0.821255 0.496493
threshold=1.0000000180025095e-35 3.6449579831932781 0.51672259507829998 3.5500000000000003 2.4142857142857146 0.58114035087719318 3.8944444444444448 0.41885964912280704 0.71008403361344552 1.1055555555555558 0.77091284987277364 0.21111111111111114 0.65833333333333344 0.77500000000000013 0.45483682983682988
decision_type=2 2 2 2 2 2 2 2 2 2 2 2 2 2 2
left_child=8 2 6 5 -4 -3 -2 -5 12 10 -10 -11 14 -14 -1
right_child=1 3 4 7 -6 -7 -8 -9 9 11 -12 -13 13 -15 -16
leaf_value=-7.7516053625570897e-05 7.3951493396126375e-05 0.00050451702150776465 -0.00028613589474490243 2.4513525285354649e-05 0.00042383452951393389 -0.00031765850512332176 -0.00064565609523398193 0.00028690615957460718 0.001667141104555879 -0.0015919194844636051 -0.0016206727253979651 0.00011272195999524867 -0.0011658344238198229 6.1574327436523821e-05 9.4323257426030319e-05
leaf_weight=39988 21403 3140 5386 14140 577 435 499 4781 380 108 56 1172 446 396 8036
leaf_count=39988 21403 3140 5386 14140 577 435 499 4781 380 108 56 1172 446 396 8036
internal_value=7.91585e-06 6.23171e-05 -9.63218e-07 0.000141138 -0.000215641 0.000401559 5.70425e-05 9.13672e-05 -4.60503e-05 0.000285258 0.00121655 -2.5566e-05 -5.79005e-05 -0.000577947 -4.85507e-05
internal_weight=100943 50361 27865 22496 5963 3575 21902 18921 50582 1716 436 1280 48866 842 48024
internal_count=100943 50361 27865 22496 5963 3575 21902 18921 50582 1716 436 1280 48866 842 48024
is_linear=0
shrinkage=0.02


Tree=328
num_leaves=14
num_cat=0
split_feature=36 30 10 35 5 23 31 12 4 31 7 31 7
split_gain=0.711994 0.606588 0.840738 0.699707 0.993761 0.913067 0.643321 0.543122 0.460878 0.762792 0.474106 1.08496 0.783509
threshold=1.0000000180025095e-35 3.6449579831932781 0.080128205128205107 0.1155154369440083 2.3166666666666669 1.334474885844749 4.0032258064516144 1.3666666666666669 4.6333333333333337 3.8533908045977019 2.2296189632255214 3.5236497283477157 1.733549783549784
decision_type=2 2 2 2 2 2 2 2 2 2 2 2 2
left_child=8 2 7 5 -5 -3 -4 -2 10 -10 12 -12 -1
right_child=1 3 6 4 -6 -7 -8 -9 9 -11 11 -13 -14
leaf_value=-1.4391068497062922e-05 0.00010876177279706493 3.3711470660158907e-05 -9.2409904758748758e-05 0.00042574266967463503 -0.00025095636851081923 0.00075333547198547517 -0.001969242051646516 0.0021114078814333135 -0.0027325364969559567 0.00024307760058856401 -0.00069158386382354694 0.00046276687443154956 -0.00021587974733519561
leaf_weight=38616 12710 15389 15030 5352 1015 740 72 53 65 59 392 1761 9689
leaf_count=38616 12710 15389 15030 5352 1015 740 72 53 65 59 392 1761 9689
internal_value=7.75854e-06 6.10748e-05 -9.37399e-07 0.000138325 0.000316251 6.74371e-05 -0.00010228 0.000118191 -4.51274e-05 -0.00125597 -4.19039e-05 0.000247505 -5.50199e-05
internal_weight=100943 50361 27865 22496 6367 16129 15102 12763 50582 124 50458 2153 48305
internal_count=100943 50361 27865 22496 6367 16129 15102 12763 50582 124 50458 2153 48305
is_linear=0
shrinkage=0.02


Tree=329
num_leaves=12
num_cat=0
split_feature=36 21 26 35 7 7 26 7 21 28 26
split_gain=0.683953 0.509635 0.470248 0.927506 1.20598 0.729014 0.554682 0.622011 0.481793 0.452459 0.446273
threshold=1.0000000180025095e-35 2.0500000000000003 0.71008403361344552 0.15016339869281048 1.733549783549784 1.7716292407893459 0.65833333333333344 1.6297498797498799 1.3875000000000002 1.0000000180025095e-35 0.40588235294117653
decision_type=2 2 2 2 2 2 2 2 2 2 2
left_child=2 9 6 4 -4 -5 8 -8 -1 -2 -11
right_child=1 -3 3 5 -6 -7 7 -9 -10 10 -12
leaf_value=-2.7497659030043358e-05 0.0010317886369833674 -0.0018584715832363475 0.00095126522458463872 -0.0017365852138340075 -0.00019469524020111409 0.00047918172677357992 -0.0010854455435817892 0 -0.00025907844915027507 2.2231936285308606e-05 0.00015820082765668518
leaf_weight=44093 191 53 867 147 614 88 438 404 3931 36929 13188
leaf_count=44093 191 53 867 147 614 88 438 404 3931 36929 13188
internal_value=7.60067e-06 5.98581e-05 -4.42311e-05 0.00028003 0.000469803 -0.000867615 -5.58337e-05 -0.000565183 -4.66719e-05 6.21517e-05 5.82158e-05
internal_weight=100943 50361 50582 1716 1481 235 48866 842 48024 50308 50117
internal_count=100943 50361 50582 1716 1481 235 48866 842 48024 50308 50117
is_linear=0
shrinkage=0.02


Tree=330
num_leaves=14
num_cat=0
split_feature=19 18 18 23 19 21 29 15 15 15 37 18 32
split_gain=0.560554 0.819004 0.690178 0.567649 0.457764 0.975128 1.25433 1.18384 0.473198 0.687399 0.682837 0.361595 0.309976
threshold=1.0061728395061731 1.0954545454545457 1.2111111111111115 0.17752100840336132 0.85767590618336897 1.0500000000000003 3.6458333333333335 1.0081967213114755 1.2041666666666668 1.0081967213114755 5.5000000000000009 1.4142857142857144 1.0000000180025095e-35
decision_type=2 2 2 2 2 2 2 2 2 2 2 2 2
left_child=4 3 -3 -2 8 7 -7 -6 9 -1 -10 -4 -5
right_child=1 2 11 12 5 6 -8 -9 10 -11 -12 -13 -14
leaf_value=-7.5890866258259748e-06 0.00050052982568740841 0.0022274626406931109 -0.0014845078984896344 -0.0018659989522737369 0.00074991558249264264 -0.0016559664291913429 0.00025002426843716735 -0.00083512430905171165 0 -0.00090485373973498893 0.0018272668754097318 0.00058345689943858556 -0.00057313636327401181
leaf_weight=97500 68 60 58 226 1415 207 387 210 205 341 135 68 154
leaf_count=97500 68 60 58 226 1415 207 387 210 205 341 135 68 154
internal_value=-5.46795e-06 -0.000597399 0.000478054 -0.00106627 -1.61863e-06 0.000282191 -0.000400734 0.000538159 -8.14052e-06 -1.08369e-05 0.000734081 -0.00029866 -0.00137397
internal_weight=101034 634 186 448 100400 2219 594 1625 98181 97841 340 126 380
internal_count=101034 634 186 448 100400 2219 594 1625 98181 97841 340 126 380
is_linear=0
shrinkage=0.02


Tree=331
num_leaves=13
num_cat=0
split_feature=19 33 6 0 10 21 14 19 37 14 21 22
split_gain=0.537841 0.543466 0.666631 0.488266 0.930138 0.934127 0.793828 0.635625 0.976831 0.514541 0.334741 0.212224
threshold=1.0061728395061731 0.29285714285714287 1.8535714285714286 1.4500000000000002 0.3550420168067227 0.70714285714285718 0.58578431372549034 0.85767590618336897 5.5000000000000009 1.0250000000000001 0.89444444444444449 0.59411764705882364
decision_type=2 2 2 2 2 2 2 2 2 2 2 2
left_child=3 2 11 7 6 -6 -5 9 -9 -1 -3 -2
right_child=1 10 -4 4 5 -7 -8 8 -10 -11 -12 -13
leaf_value=-2.7031400114509713e-05 -0.00031907868796381459 0.0015665568789439417 -0.00016063345920997157 0.00029073221202617996 -9.9415669204495471e-05 0.0019065011302289022 -0.00012568842729159151 -0.00017439674397309621 0.00077000139105780742 0.0004178117026885351 -0.00047437898814678192 -0.0019828943956282834
leaf_weight=89891 56 65 279 4004 139 231 3332 748 1007 1048 50 184
leaf_count=89891 56 65 279 4004 139 231 3332 748 1007 1048 50 184
internal_value=-5.35892e-06 -0.000585175 -0.000868451 -1.58635e-06 0.000151249 0.00112956 0.000100249 -1.4403e-05 0.000362057 -2.17859e-05 0.000600783 -0.00164184
internal_weight=101034 634 519 100400 7706 370 7336 92694 1755 90939 115 240
internal_count=101034 634 519 100400 7706 370 7336 92694 1755 90939 115 240
is_linear=0
shrinkage=0.02


Tree=332
num_leaves=14
num_cat=0
split_feature=4 17 11 2 21 37 19 19 19 13 13 32 25
split_gain=0.694424 1.44678 1.10512 1.06264 1.34542 1.6719 1.01414 0.911485 0.760101 1.19231 0.604286 0.578709 0.443151
threshold=2.9000000000000004 1.3541666666666667 0.15806129247168552 0.87083333333333346 0.89444444444444449 70.500000000000014 1.2071428571428573 0.60617990932951582 0.52092086834733908 0.95000000000000007 0.73214285714285732 1.0000000180025095e-35 1.0500000000000003
decision_type=2 2 2 2 2 2 2 2 2 2 2 2 2
left_child=1 6 -3 4 7 -6 12 -2 10 -10 -5 -8 -1
right_child=3 2 -4 8 5 -7 11 -9 9 -11 -12 -13 -14
leaf_value=-1.4805571937256122e-05 0.00044104013523441152 0 0.0040040938627152215 0.00014857824881818276 0.00054150555658777919 0.0028886695783674433 -0.0021318798256920769 -0.0018611042150135698 -4.6679823394650217e-05 0.00069231944868009389 -0.0006095114991490877 0 -0.00059534664367729762
leaf_weight=93985 324 51 61 744 325 207 141 85 2116 1458 916 93 528
leaf_count=93985 324 51 61 744 325 207 141 85 2116 1458 916 93 528
internal_value=-5.25507e-06 -1.8731e-05 0.00223217 0.00020008 0.000819371 0.00148091 -2.15444e-05 -1.9798e-05 8.65597e-05 0.000252214 -0.000263954 -0.00133156 -1.81671e-05
internal_weight=101034 94859 112 6175 941 532 94747 409 5234 3574 1660 234 94513
internal_count=101034 94859 112 6175 941 532 94747 409 5234 3574 1660 234 94513
is_linear=0
shrinkage=0.02


Tree=333
num_leaves=14
num_cat=0
split_feature=19 18 18 23 0 20 21 15 19 21 14 18 32
split_gain=0.508533 0.754711 0.663489 0.555213 0.463272 0.650478 1.2057 1.09699 0.608263 0.962094 0.490423 0.344973 0.28221
threshold=1.0061728395061731 1.0954545454545457 1.2111111111111115 0.17752100840336132 1.4500000000000002 0.45000000000000007 0.81666666666666676 0.76752374713396676 0.85767590618336897 1.0500000000000003 1.0250000000000001 1.4142857142857144 1.0000000180025095e-35
decision_type=2 2 2 2 2 2 2 2 2 2 2 2 2
left_child=4 3 -3 -2 8 7 -7 -6 10 -10 -1 -4 -5
right_child=1 2 11 12 5 6 -8 -9 9 -11 -12 -13 -14
leaf_value=-2.6311996023424697e-05 0.00053098421437399726 0.0021781707338748442 -0.0014569939374923708 -0.0017952052569180205 2.2557495605955287e-05 0.00061209848451037555 -5.8032364763619536e-06 -0.0013828319605485892 0.00065660270028049326 -0.00036382907419465484 0.00040797078070186433 0.00056066111155918675 -0.00055502509077390034
leaf_weight=89891 68 60 58 226 2456 2354 2655 241 1245 510 1048 68 154
leaf_count=89891 68 60 58 226 2456 2354 2655 241 1245 510 1048 68 154
internal_value=-5.14804e-06 -0.000568944 0.000462092 -0.00101938 -1.47695e-06 0.000147393 0.000282715 -0.000100253 -1.39638e-05 0.000354299 -2.11884e-05 -0.000298229 -0.00132432
internal_weight=101034 634 186 448 100400 7706 5009 2697 92694 1755 90939 126 380
internal_count=101034 634 186 448 100400 7706 5009 2697 92694 1755 90939 126 380
is_linear=0
shrinkage=0.02


Tree=334
num_leaves=16
num_cat=0
split_feature=4 2 37 15 15 30 2 37 37 14 32 26 23 30 26
split_gain=0.658653 1.02655 0.8333 0.773259 1.24651 0.768746 0.840257 0.754949 0.676187 0.53005 0.512834 0.902951 0.444788 0.43887 0.227091
threshold=2.9000000000000004 0.87083333333333346 84.500000000000014 1.0081967213114755 1.2041666666666668 4.3038461538461545 1.1464285714285716 5.5000000000000009 95.500000000000014 0.59411764705882364 0.70833333333333337 0.39444444444444454 1.3590988299726166 4.0250000000000012 0.26491228070175438
decision_type=2 2 2 2 2 2 2 2 2 2 2 2 2 2 2
left_child=3 2 12 10 14 6 -3 -6 -4 -7 13 -12 -2 -1 -5
right_child=1 5 8 4 7 9 -8 -9 -10 -11 11 -13 -14 -15 -16
leaf_value=-3.0512560351836396e-05 0.00055236219062985265 -0.00015446649565332038 0.0037354034442326116 -0.00062775256131824696 -0.00049281242182073386 -0.0028442146363002914 0.00036214844054763718 0.0012412172534327576 0.0011481642736041028 -0.00036330472707748411 -7.6979947019401574e-05 0.0014797319265693542 -0.0013329509932261247 0.00011883841488203552 -0.0020247276851506992
leaf_weight=84811 607 2247 56 93 366 54 2810 136 228 123 335 251 50 8655 212
leaf_count=84811 607 2247 56 93 366 54 2810 136 228 123 335 251 50 8655 212
internal_value=-5.04335e-06 0.00019493 0.000803612 -1.81702e-05 -0.00063411 8.33226e-05 0.000130652 -1.32917e-07 0.00171584 -0.00119938 -1.27655e-05 0.000575561 0.000390099 -1.65733e-05 -0.0016382
internal_weight=101034 6175 941 94859 807 5234 5057 502 284 177 94052 586 657 93466 305
internal_count=101034 6175 941 94859 807 5234 5057 502 284 177 94052 586 657 93466 305
is_linear=0
shrinkage=0.02


Tree=335
num_leaves=16
num_cat=0
split_feature=0 14 31 29 29 14 1 15 33 18 14 27 28 31 18
split_gain=0.495897 1.07456 1.11914 1.68038 0.728496 0.618151 0.613002 0.600877 0.588414 0.877474 0.803443 0.543876 0.542505 0.510423 0.404983
threshold=0.90000000000000013 0.73508771929824568 3.6177666188426598 3.8166666666666669 2.7321428571428577 0.29705882352941176 0.64583333333333337 0.5699462365591399 0.18333333333333332 1.1464285714285716 0.087121212121212113 0.75096899224806213 2.4500000000000006 4.2061462186196588 0.2817460317460318
decision_type=2 2 2 2 2 2 2 2 2 2 2 2 2 2 2
left_child=1 7 11 -4 5 14 -7 12 9 -6 -10 -3 -1 -9 -2
right_child=4 2 3 -5 8 6 -8 13 10 -11 -12 -13 -14 -15 -16
leaf_value=-0.00012733642240005073 0.00053688024087707599 2.6082328930022609e-05 0.0010830442968247844 1.8850233911477299e-05 -0.00010014242401673935 0.0022844756881193239 0.00053617677383091815 -0.00018646006504090048 0.0022882128449586724 -0.001557954226782222 5.2426462330456013e-05 -0.0016406288888396287 6.7293441392586917e-05 0.00097596431249066405 -0.00062336414218782548
leaf_weight=6726 200 1568 1369 1081 33721 96 675 6965 63 165 9649 80 37680 150 284
leaf_count=6726 200 1568 1369 1081 33721 96 675 6965 63 165 9649 80 37680 150 284
internal_value=-4.73301e-06 3.50587e-05 0.000346753 0.000617972 -5.42981e-05 0.000419282 0.000772148 1.00598e-05 -6.81784e-05 -0.000107628 6.84272e-05 -5.06559e-05 3.7584e-05 -0.000160281 -0.000123112
internal_weight=100472 55619 4098 2450 44853 1255 771 51521 43598 33886 9712 1648 44406 7115 484
internal_count=100472 55619 4098 2450 44853 1255 771 51521 43598 33886 9712 1648 44406 7115 484
is_linear=0
shrinkage=0.02


Tree=336
num_leaves=13
num_cat=0
split_feature=23 31 1 21 18 24 21 24 2 23 1 5
split_gain=0.510084 0.685049 0.550635 0.538445 0.910287 0.869126 0.792319 1.55241 0.743669 0.617203 0.449186 0.417726
threshold=1.9722222222222225 4.103575989782887 0.41428571428571431 0.41428571428571431 0.46862745098039221 0.55000000000000016 0.73214285714285732 0.63333333333333341 1.0540935672514622 1.100359712230216 0.89444444444444449 1.6833333333333336
decision_type=2 2 2 2 2 2 2 2 2 2 2 2
left_child=3 2 -2 4 5 -1 7 -5 -6 -8 -3 -4
right_child=1 10 11 6 8 -7 9 -9 -10 -11 -12 -13
leaf_value=-7.8061604080380251e-05 5.4601973129643337e-06 0.0020994372608569953 -0.0019615527210338265 5.1652942828916196e-05 -0.00059974811053596579 0.00052084587599288785 -6.6572444158123555e-05 0.00053171279984044197 -9.6521379461713658e-05 7.6522761056645462e-05 -0.00017408527260602907 -0.00031397717716419592
leaf_weight=6407 142 50 207 25576 2304 1139 42072 3021 2510 16849 84 111
leaf_count=6407 142 50 207 25576 2304 1139 42072 3021 2510 16849 84 111
internal_value=-4.62695e-06 -0.000588017 -0.000962462 -1.04555e-06 -0.000124696 1.11272e-05 1.63056e-05 0.00010275 -0.000339593 -2.54821e-05 0.000619113 -0.00142326
internal_weight=100472 594 460 99878 12360 7546 87518 28597 4814 58921 134 318
internal_count=100472 594 460 99878 12360 7546 87518 28597 4814 58921 134 318
is_linear=0
shrinkage=0.02


Tree=337
num_leaves=14
num_cat=0
split_feature=22 12 2 28 0 21 37 31 22 37 23 1 27
split_gain=0.633059 1.09431 1.00509 1.26321 1.11704 0.542922 1.06304 1.05218 0.818747 1.49379 0.750808 0.61325 0.213285
threshold=0.3550420168067227 1.2250000000000003 1.0250000000000001 3.2250000000000005 0.90000000000000013 0.73214285714285732 148.50000000000003 3.9245929180666845 0.59411764705882364 56.500000000000007 0.71837823054833871 0.84523809523809534 0.35737937559129612
decision_type=2 2 2 2 2 2 2 2 2 2 2 2 2
left_child=1 2 3 -1 -4 6 7 -2 9 -7 -8 -10 -3
right_child=5 12 4 -5 -6 8 10 -9 11 -11 -12 -13 -14
leaf_value=-9.2225020368133428e-05 1.7487371216178338e-05 -0.0009820320177823306 0.0012506451139056227 -0.0009446024047010059 -3.9513878135999564e-05 -0.00016038110534820333 0.0024764054456377421 0.00035122508040373682 2.2518856358792723e-05 0.0018147704869397954 0.00032524706352324713 -0.00010659318310950685 -0.0030673620353142421
leaf_weight=2088 31563 62 337 1065 1226 336 121 4304 31176 267 166 27703 58
leaf_count=2088 31563 62 337 1065 1226 336 121 4304 31176 267 166 27703 58
internal_value=-4.53441e-06 -0.000227798 -0.000177023 -0.000383721 0.000233512 6.65527e-06 6.78616e-05 5.78317e-05 -3.03797e-05 0.000700768 0.00127764 -3.8061e-05 -0.00210567
internal_weight=100472 4836 4716 3153 1563 95636 36154 35867 59482 603 287 58879 120
internal_count=100472 4836 4716 3153 1563 95636 36154 35867 59482 603 287 58879 120
is_linear=0
shrinkage=0.02


Tree=338
num_leaves=16
num_cat=0
split_feature=22 2 30 0 31 5 31 21 37 31 22 37 16 22 37
split_gain=0.608864 0.80895 1.91425 1.26582 1.31555 0.64637 0.613515 0.521599 1.02272 1.01048 0.785867 1.43575 0.499274 0.493141 0.315196
threshold=0.3550420168067227 1.0250000000000001 3.4472222222222229 0.90000000000000013 3.5817254174397037 1.2928571428571431 1.9344086021505378 0.73214285714285732 148.50000000000003 3.9245929180666845 0.59411764705882364 56.500000000000007 0.77500000000000013 1.3944444444444446 105.50000000000001
decision_type=2 2 2 2 2 2 2 2 2 2 2 2 2 2 2
left_child=1 2 6 5 -5 -3 -1 8 9 -2 11 -9 -10 -12 -4
right_child=7 3 14 4 -6 -7 -8 10 12 -11 13 -13 -14 -15 -16
leaf_value=0.00045393709379893082 1.7137646934753098e-05 0 -0.0014767851849902416 0.00081229352958633091 -0.00057014564887629795 0.001815417427489686 -0.00030273870630224107 -0.00015719247375719646 0.00052611984558157874 0.00034420384479106106 -5.4026797365352233e-05 0.0017787449421935808 0.0023524114188797976 0.00016404269672996884 -0.00031759242850837977
leaf_weight=544 31563 106 627 391 901 231 1897 336 180 4304 54409 267 107 4470 139
leaf_count=544 31563 106 627 391 901 231 1897 336 180 4304 54409 267 107 4470 139
internal_value=-4.44139e-06 -0.000223398 -0.000408454 0.000134843 -0.000143439 0.00122578 -0.000129779 6.53042e-06 6.65245e-05 5.6681e-05 -2.97677e-05 0.000686531 0.00125317 -3.72965e-05 -0.00128083
internal_weight=100472 4836 3207 1629 1292 337 2441 95636 36154 35867 59482 603 287 58879 766
internal_count=100472 4836 3207 1629 1292 337 2441 95636 36154 35867 59482 603 287 58879 766
is_linear=0
shrinkage=0.02


Tree=339
num_leaves=14
num_cat=0
split_feature=23 31 12 21 15 29 31 21 24 23 1 20 20
split_gain=0.491662 0.658388 0.538668 0.507126 0.909905 1.04593 0.95735 0.717257 1.48808 0.588337 0.431676 0.374809 0.235179
threshold=1.9722222222222225 4.103575989782887 0.22500000000000003 0.41428571428571431 0.46688596491228074 4.3875000000000011 3.9477936404931864 0.73214285714285732 0.63333333333333341 1.100359712230216 0.89444444444444449 1.5500000000000003 1.9000000000000001
decision_type=2 2 2 2 2 2 2 2 2 2 2 2 2
left_child=3 2 11 4 5 -1 -6 8 -5 -9 -3 -2 -4
right_child=1 10 12 7 6 -7 -8 9 -10 -11 -12 -13 -14
leaf_value=3.1690298917210127e-05 0.00068583957850933076 0.0020570133741085344 -0.0011342257677632219 4.8225736581223112e-05 -0.00048806331605136564 -0.0017369560239946142 0.00034928902558592728 -6.3864553505099255e-05 0.00051823187665043385 7.5847571226589963e-05 -0.00017011062696922655 -0.00085955415394424733 -0.0029209300582526162
leaf_weight=8029 88 50 134 25576 3568 134 629 42072 3021 16849 84 179 59
leaf_count=8029 88 50 134 25576 3568 134 629 42072 3021 16849 84 179 59
internal_value=-4.34394e-06 -0.000577097 -0.00094434 -8.2602e-07 -0.00012083 1.01393e-06 -0.000360082 1.60101e-05 9.82598e-05 -2.37417e-05 0.000605406 -0.000311724 -0.00175606
internal_weight=100472 594 460 99878 12360 8163 4197 87518 28597 58921 134 267 193
internal_count=100472 594 460 99878 12360 8163 4197 87518 28597 58921 134 267 193
is_linear=0
shrinkage=0.02


Tree=340
num_leaves=16
num_cat=0
split_feature=31 22 7 25 25 29 33 7 7 2 2 6 25 0 6
split_gain=0.609189 1.21575 0.895386 0.850695 0.820407 0.631342 0.497772 0.733925 0.822727 0.480574 0.916214 0.732877 0.459419 0.435789 0.404563
threshold=3.9245929180666845 1.2426470588235297 1.8475383373688461 0.89444444444444449 0.68333333333333346 3.7888888888888892 0.38750000000000007 2.0668903803131999 1.8906906512605044 1.341666666666667 1.2565789473684212 2.0250000000000004 0.5277777777777779 1.1000000000000003 1.5941176470588239
decision_type=2 2 2 2 2 2 2 2 2 2 2 2 2 2 2
left_child=6 3 12 4 -2 -4 9 8 -8 10 -1 -11 -3 -9 -5
right_child=1 2 5 14 -6 -7 7 13 -10 11 -12 -13 -14 -15 -16
leaf_value=-5.5606319371021139e-06 0.00019157760038147607 0.00019066506250859375 -0.0023862839991949042 -0.0025448246498902638 0.001016107738366601 -0.00061458023106536442 -0.00029121999464249392 -0.0029000328412422767 0.0012106580935515366 0.0003604916517979631 0.00053957948419518361 -0.00046993771272595282 -0.0013519001397348585 -0.0006413214472500054 -0.00034615215388211334
leaf_weight=81434 10736 892 96 58 511 715 2267 63 152 533 1250 1890 82 109 108
leaf_count=81434 10736 892 96 58 511 715 2267 63 152 533 1250 1890 82 109 108
internal_value=5.07914e-06 0.000131821 -0.000351211 0.000208292 0.000230103 -0.000841956 -1.38833e-05 -0.000286936 -0.000191795 -5.44644e-06 2.5726e-06 -0.000282993 4.80481e-05 -0.00154994 -0.00119504
internal_weight=100896 13198 1785 11413 11247 811 87698 2591 2419 85107 82684 2423 974 172 166
internal_count=100896 13198 1785 11413 11247 811 87698 2591 2419 85107 82684 2423 974 172 166
is_linear=0
shrinkage=0.02


Tree=341
num_leaves=15
num_cat=0
split_feature=19 37 5 25 33 23 31 25 19 25 25 30 19 5
split_gain=0.657938 1.15023 0.960276 0.810197 0.79391 0.771135 0.741691 0.74148 0.663691 0.640977 0.630128 0.543704 0.418404 0.399535
threshold=0.52559423544825024 8.5000000000000018 1.8452380952380951 1.0000000180025095e-35 0.77500000000000013 1.0000000180025095e-35 4.0912291933418699 0.95000000000000007 0.52397372742200343 0.73214285714285732 1.0500000000000003 2.948684210526316 0.43944219262690604 1.5857142857142861
decision_type=2 2 2 2 2 2 2 2 2 2 2 2 2 2
left_child=2 5 8 12 6 11 -3 -5 10 -7 -1 -2 -4 -10
right_child=1 4 3 7 -6 9 -8 -9 13 -11 -12 -13 -14 -15
leaf_value=8.6449642792387624e-06 0.0020721120629459619 0.00014792623617579067 0 -0.00024619915305238604 -0.0023462294328671237 -0.00028176517420168006 -0.00020501495147796857 -0.0025154002036078499 -0.0017211953368220295 -0.0012787880919672349 -0.0014926817188305513 0.00011898375534818239 0.00088943910944527685 2.764988746216048e-05
leaf_weight=55795 78 28433 527 9547 50 2619 2575 57 141 294 110 245 360 65
leaf_count=55795 78 28433 527 9547 50 2619 2575 57 141 294 110 245 360 65
internal_value=4.96446e-06 7.62213e-05 -3.15774e-05 -0.000207194 0.000113843 -0.000281615 0.000118283 -0.000261229 1.08539e-06 -0.00038663 5.45876e-06 0.000631255 0.000365893 -0.00112634
internal_weight=100896 34294 66602 10491 31058 3236 31008 9604 56111 2913 55905 323 887 206
internal_count=100896 34294 66602 10491 31058 3236 31008 9604 56111 2913 55905 323 887 206
is_linear=0
shrinkage=0.02


Tree=342
num_leaves=16
num_cat=0
split_feature=3 5 35 25 3 9 31 22 0 35 3 35 31 23 22
split_gain=0.621134 0.918604 1.33403 1.0972 0.796206 0.931129 1.04441 0.783427 0.862266 0.714519 0.656387 0.650556 0.895105 0.669222 0.588711
threshold=1.0116963064295488 1.8452380952380951 0.11072796934865901 1.0000000180025095e-35 0.94754041967664271 0.47222222222222227 4.0346024904214568 1.1464285714285716 1.3666666666666669 0.098833265499932169 1.0271189556903846 0.1035759897828863 3.4566073262581312 1.148267622461171 1.648529411764706
decision_type=2 2 2 2 2 2 2 2 2 2 2 2 2 2 2
left_child=4 2 10 -4 11 6 -6 8 -3 -7 -2 12 -1 -13 -9
right_child=1 7 3 -5 5 9 -8 14 -10 -11 -12 13 -14 -15 -16
leaf_value=-2.8283130262471454e-05 0.00057323575598192003 0.00022496542986163629 0.001857996328201677 0.00040712047117587655 -0.0001828977742665603 -0.00063119072331129205 0.00058746430105347978 -0.00049036734948755339 -0.00013721786166248691 -0.0028434473491576778 -4.193712605901936e-06 -4.8028517611946545e-05 0.00014718131460558008 -0.00040824342410938414 0.0014586667452127704
leaf_weight=29623 874 4965 222 4441 11912 272 741 1739 5562 81 7474 11310 19072 2548 60
leaf_count=29623 874 4965 222 4441 11912 272 741 1739 5562 81 7474 11310 19072 2548 60
internal_value=4.85718e-06 9.06295e-05 0.000207933 0.000479106 -2.37739e-05 -0.000166168 -0.000136907 -3.23953e-05 3.26644e-05 -0.00118015 5.51859e-05 5.67707e-06 4.02376e-05 -0.00011503 -0.000418263
internal_weight=100896 25337 13011 4663 75559 13006 12653 12326 10527 353 8348 62553 48695 13858 1799
internal_count=100896 25337 13011 4663 75559 13006 12653 12326 10527 353 8348 62553 48695 13858 1799
is_linear=0
shrinkage=0.02


Tree=343
num_leaves=16
num_cat=0
split_feature=3 5 35 3 2 4 9 31 22 22 0 35 3 22 31
split_gain=0.596795 0.88235 1.28152 0.764836 0.897823 0.942727 0.895809 1.00327 0.78341 0.751921 0.828165 0.685926 0.630506 0.566352 0.545081
threshold=1.0116963064295488 1.8452380952380951 0.11072796934865901 0.94754041967664271 1.3245614035087721 2.1000000000000005 0.47222222222222227 4.0346024904214568 0.54772727272727284 1.1464285714285716 1.3666666666666669 0.098833265499932169 1.0271189556903846 1.648529411764706 4.0346024904214568
decision_type=2 2 2 2 2 2 2 2 2 2 2 2 2 2 2
left_child=3 2 12 4 5 -1 7 -5 -6 10 -3 -8 -2 -11 -4
right_child=1 9 14 6 8 -7 11 -9 -10 13 -12 -13 -14 -15 -16
leaf_value=-1.9506822022594002e-05 0.0005617972407234858 0.00022046792928976194 0.00059212876728675045 -0.0001792404365025252 0.00077858416657698791 0.00021099231051972255 -0.00061865905123035397 0.00057574663717364883 -0.0017924821437312866 -0.00048057126483651568 -0.00013447449548607848 -0.0027879487319164963 -4.1098576168633839e-06 0.0014304344692537862 7.6334533701955749e-05
leaf_weight=54142 874 4965 3535 11912 55 8161 272 741 195 1739 5562 81 7474 60 1128
leaf_count=54142 874 4965 3535 11912 55 8161 272 741 195 1739 5562 81 7474 60 1128
internal_value=4.75428e-06 8.88309e-05 0.000203798 -2.33082e-05 5.55372e-06 1.05313e-05 -0.000162869 -0.000134152 -0.00118547 -3.17277e-05 3.19924e-05 -0.0011575 5.4061e-05 -0.000409765 0.000469586
internal_weight=100896 25337 13011 75559 62553 62303 13006 12653 250 12326 10527 353 8348 1799 4663
internal_count=100896 25337 13011 75559 62553 62303 13006 12653 250 12326 10527 353 8348 1799 4663
is_linear=0
shrinkage=0.02


Tree=344
num_leaves=15
num_cat=0
split_feature=19 5 7 33 7 31 6 26 31 0 26 19 3 0
split_gain=0.624446 0.919342 0.778871 0.885161 0.800452 1.83652 0.838601 0.762214 0.758865 0.703289 0.686121 0.638775 0.654172 0.411856
threshold=0.52559423544825024 1.8452380952380951 1.3463052695336166 0.10555555555555557 1.6366749688667499 3.5480110642781879 1.9750000000000003 0.82843137254901966 3.2943456452348387 0.90000000000000013 1.0000000180025095e-35 0.52397372742200343 1.1254139072847684 0.77500000000000013
decision_type=2 2 2 2 2 2 2 2 2 2 2 2 2 2
left_child=1 11 3 9 6 -6 -4 10 -5 -2 -3 12 -1 -13
right_child=2 7 4 8 5 -7 -8 -9 -10 -11 -12 13 -14 -15
leaf_value=-6.4924244743765243e-06 0.00024446131874339725 0.0010371970633665721 0.00020868573092878073 5.3572011386562965e-05 -0.00040932323324618486 0.00011538208941417074 0.00091418502699158874 -0.0023587635204647527 -0.0010812523988980038 -0.0004999434059438794 -0.00021022086288407228 -0.0024015192320381387 0.00039601204934744882 -0.00038399839443517916
leaf_weight=54243 1556 175 7512 332 3082 19617 752 64 692 751 10252 67 1662 139
leaf_count=54243 1556 175 7512 332 3082 19617 752 64 692 751 10252 67 1662 139
internal_value=4.65659e-06 -3.09406e-05 7.40788e-05 -0.000215446 0.000105561 4.36689e-05 0.0002743 -0.000202773 -0.000704187 0 -0.000188131 1.01463e-06 5.3085e-06 -0.00110504
internal_weight=100896 66602 34294 3331 30963 22699 8264 10491 1024 2307 10427 56111 55905 206
internal_count=100896 66602 34294 3331 30963 22699 8264 10491 1024 2307 10427 56111 55905 206
is_linear=0
shrinkage=0.02


Tree=345
num_leaves=12
num_cat=0
split_feature=29 23 11 23 35 27 27 31 35 28 27
split_gain=0.675074 0.799723 1.24427 0.913114 0.748719 0.595743 1.27343 0.855511 0.456156 0.874951 0.456885
threshold=1.6833333333333336 0.46440092165898622 0.17253783180352272 0.42907444668008049 0.29316826549131453 0.92390405293631106 0.87627551020408168 3.597268829231917 0.033445190156599504 1.5500000000000003 0.13060200668896318
decision_type=2 2 2 2 2 2 2 2 2 2 2
left_child=8 2 3 -2 -4 6 -3 -7 9 10 -1
right_child=1 5 4 -5 -6 7 -8 -9 -10 -11 -12
leaf_value=0.0007264919774764675 -1.0413047412355707e-05 1.5727782765989112e-05 -0.0010537058049982244 -0.00058504492325179094 0.0013302241575043157 -0.00019473446852641277 0.0016864110635278005 -0.0018932876760596471 -0.00079292156924940145 0.0029254910474022229 -0.0011620381971200308
leaf_weight=470 6880 90408 823 1325 51 645 181 149 71 70 52
leaf_count=470 6880 90408 823 1325 51 645 181 149 71 70 52
internal_value=7.39328e-07 -3.36578e-06 -0.000182449 -0.000104547 -0.000900463 1.43205e-05 1.92134e-05 -0.00053 0.000635949 0.000826245 0.000515561
internal_weight=101125 100462 9079 8205 874 91383 90589 794 663 592 522
internal_count=101125 100462 9079 8205 874 91383 90589 794 663 592 522
is_linear=0
shrinkage=0.02


Tree=346
num_leaves=11
num_cat=0
split_feature=29 23 23 27 23 27 27 31 35 22
split_gain=0.647936 0.768225 0.830174 0.907692 0.584643 0.572928 1.22353 0.821606 0.43903 0.540414
threshold=1.6833333333333336 0.46440092165898622 0.42907444668008049 0.2861692447679709 0.40075757575757581 0.92390405293631106 0.87627551020408168 3.597268829231917 0.033445190156599504 0.69615384615384623
decision_type=2 2 2 2 2 2 2 2 2 2
left_child=8 2 4 -4 -2 6 -3 -7 9 -1
right_child=1 5 3 -5 -6 7 -8 -9 -10 -11
leaf_value=0.00058099665776339938 -0.00016681447528309589 1.5413234330703038e-05 -0.00013370817948376115 -0.0011387814997091826 0.00032433291794979467 -0.00019085182104449736 0.0016530514870836436 -0.0018559234584404145 -0.00077749762224824462 0.0026609852537512781
leaf_weight=534 6460 90408 794 697 1128 645 181 149 71 58
leaf_count=534 6460 90408 794 697 1128 645 181 149 71 58
internal_value=7.19001e-07 -3.30074e-06 -0.000178824 -0.000611145 -9.24188e-05 1.40318e-05 1.88321e-05 -0.000519756 0.000623032 0.000809888
internal_weight=101125 100462 9079 1491 7588 91383 90589 794 663 592
internal_count=101125 100462 9079 1491 7588 91383 90589 794 663 592
is_linear=0
shrinkage=0.02


Tree=347
num_leaves=12
num_cat=0
split_feature=27 31 27 7 7 14 26 8 7 5 2
split_gain=0.577756 1.09558 0.86097 1.74018 1.40178 0.828969 0.62699 0.570116 0.903466 0.606943 0.358512
threshold=0.92390405293631106 3.597268829231917 0.87627551020408168 1.7147377938517181 1.5836129753914989 0.71008403361344552 0.29705882352941176 0.45000000000000007 2.1516196447230933 1.8819444444444446 1.1464285714285716
decision_type=2 2 2 2 2 2 2 2 2 2 2
left_child=2 5 7 4 -4 6 -2 9 -9 -1 -3
right_child=1 10 3 -5 -6 -7 -8 8 -10 -11 -12
leaf_value=2.1128723397726055e-05 -0.0015459673730439918 -0.0024512347326828884 0.00078157319077130027 -0.0016417237835110361 0.0051054750382900239 -0.001837028138912641 0.00025695462952417253 4.9769991861464988e-05 0.00076942265489414918 -9.8837599246508171e-05 -0.00033364475750532308
leaf_weight=74543 84 128 85 51 52 102 716 2539 979 21787 59
leaf_count=74543 84 128 85 51 52 102 716 2539 979 21787 59
internal_value=7.01049e-07 -0.000456942 5.79198e-06 0.00135095 0.00254455 -0.000154326 5.17958e-05 3.13207e-06 0.000253201 -5.9018e-06 -0.00184663
internal_weight=101125 1089 100036 188 137 902 800 99848 3518 96330 187
internal_count=101125 1089 100036 188 137 902 800 99848 3518 96330 187
is_linear=0
shrinkage=0.02


Tree=348
num_leaves=10
num_cat=0
split_feature=30 11 17 24 15 27 15 18 7
split_gain=0.77012 0.668594 0.943348 0.669963 1.05128 0.653244 0.52342 0.480833 0.360283
threshold=1.8535714285714286 0.062718531468531472 1.1055555555555558 1.0000000180025095e-35 0.41392780172413796 0.65636927480916041 0.25087412587412594 0.97500000000000009 0.43095238095238092
decision_type=2 2 2 2 2 2 2 2 2
left_child=6 2 5 7 -5 -2 8 -3 -1
right_child=1 3 -4 4 -6 -7 -8 -9 -10
leaf_value=0.00065040535502024557 -7.3157666643447982e-05 -0.00010036598151257813 0.0019268582631712374 0.00019754667409115339 6.1229051019916613e-06 -0.00051701853158708842 0.0021257029727778649 0.0010436026843226687 -0.00056930059194564822
leaf_weight=534 25214 15473 90 15813 42253 1409 86 145 108
leaf_count=534 25214 15473 90 15813 42253 1409 86 145 108
internal_value=6.84686e-07 -3.92251e-06 -8.97243e-05 2.70495e-05 5.84302e-05 -9.70613e-05 0.000648022 -8.89727e-05 0.000428562
internal_weight=101125 100397 26713 73684 58066 26623 728 15618 642
internal_count=101125 100397 26713 73684 58066 26623 728 15618 642
is_linear=0
shrinkage=0.02


Tree=349
num_leaves=10
num_cat=0
split_feature=30 21 4 23 22 11 18 15 14
split_gain=0.739893 0.839664 0.836172 0.749062 0.848233 0.806522 0.591049 0.502885 0.251245
threshold=1.8535714285714286 0.43650793650793651 4.9000000000000012 0.73354978354978362 0.59411764705882364 0.11272900561262307 0.87083333333333346 0.25087412587412594 0.15192307692307691
decision_type=2 2 2 2 2 2 2 2 2
left_child=7 3 6 5 -5 -2 -3 8 -1
right_child=1 2 -4 4 -6 -7 -8 -9 -10
leaf_value=0.00055923105950412882 -0.00011011425761350446 2.8985757334352129e-05 -0.0018003952001581097 0.00081870292095938355 -0.00012039686945768502 -0.00050323366407108269 -0.0002645470911748839 0.0020841551030224021 -0.00070617053424939515
leaf_weight=580 7352 85555 99 619 973 2971 2828 86 62
leaf_count=580 7352 85555 99 619 973 2971 2828 86 62
internal_value=6.74826e-07 -3.83908e-06 1.72848e-05 -0.000161523 0.000239039 -0.0002243 1.94746e-05 0.000635182 0.000419686
internal_weight=101125 100397 88482 11915 1592 10323 88383 728 642
internal_count=101125 100397 88482 11915 1592 10323 88383 728 642
is_linear=0
shrinkage=0.02


Tree=350
num_leaves=15
num_cat=0
split_feature=15 11 2 35 22 37 28 35 35 30 13 1 17 7
split_gain=0.645355 1.59364 0.748947 0.850278 0.728876 0.701812 0.654874 0.62283 0.631679 0.57818 0.576766 0.564805 0.457909 0.359505
threshold=0.45173237753882917 0.11872797449236447 0.64852941176470602 0.062696540880503124 0.2817460317460318 101.50000000000001 1.9000000000000001 0.22053033811949976 0.077171215880893262 4.1937500000000005 0.61250000000000016 0.70714285714285718 0.58571428571428574 1.7918064876957496
decision_type=2 2 2 2 2 2 2 2 2 2 2 2 2 2
left_child=1 7 5 -4 10 -3 -6 8 -1 -9 12 -8 -2 -12
right_child=4 2 3 -5 6 -7 11 9 -10 -11 13 -13 -14 -15
leaf_value=-5.3844715290159353e-05 0.00037087759661554086 4.5421627546746519e-05 0.00053074471790606249 0.0001109587554860511 -0.0014938622165936977 -0.0011254503707522931 6.0759674880146422e-05 -0.00034444514899165628 0.00012034596126874553 0.0009028372325395283 -0.002396910116747693 -9.763997003516018e-05 -0.0012690900177648751 -0.00072698691347301402
leaf_weight=27088 196 1765 4422 3551 126 228 11926 3187 12021 150 109 35979 99 147
leaf_count=27088 196 1765 4422 3551 126 228 11926 3187 12021 150 109 35979 99 147
internal_value=-1.80013e-05 3.05399e-05 0.000258192 0.00034511 -7.05742e-05 -8.45081e-05 -6.20335e-05 -2.26851e-05 -4.43314e-08 -0.000284877 -0.000794073 -5.79966e-05 -0.000150654 -0.00148984
internal_weight=100994 52412 9966 7973 48582 1993 48031 42446 39109 3337 551 47905 295 256
internal_count=100994 52412 9966 7973 48582 1993 48031 42446 39109 3337 551 47905 295 256
is_linear=0
shrinkage=0.02


Tree=351
num_leaves=16
num_cat=0
split_feature=15 11 18 21 30 10 0 11 35 30 21 27 17 15 28
split_gain=0.620026 1.53071 0.855641 0.666612 1.0531 0.696009 0.659385 1.021 0.657459 0.606863 0.567384 1.34469 0.847295 0.53989 0.458018
threshold=0.45173237753882917 0.11872797449236447 0.97500000000000009 0.41428571428571431 4.0954545454545466 0.15192307692307691 1.5500000000000003 0.15735538909696214 0.22053033811949976 2.7350877192982463 0.84523809523809534 0.75096899224806213 0.11805555555555557 0.53198308783415171 3.7083333333333335
decision_type=2 2 2 2 2 2 2 2 2 2 2 2 2 2 2
left_child=1 2 8 4 5 -2 9 -8 -1 -3 11 -5 -12 -6 -4
right_child=3 6 14 10 13 -7 7 -9 -10 -11 12 -13 -14 -15 -16
leaf_value=-6.0633277242822782e-06 -0.00019460897921422208 -0.00035376817225546078 0.00020603471636772156 9.5435335531312743e-06 -0.00049758253516731681 -0.00074232670877661029 0.00024880878125239572 0.0020383101830071808 -0.00030090663831345644 0.00025714062417939528 -0.00068790197249031461 0.0010244329713271147 -8.2331642767122468e-05 0.0012378576397895813 0.0020513580938180285
leaf_weight=38919 2723 688 123 17602 89 1468 369 207 3286 8702 964 537 24947 252 118
leaf_count=38919 2723 688 123 17602 89 1468 369 207 3286 8702 964 537 24947 252 118
internal_value=-1.76434e-05 2.99331e-05 -2.22261e-05 -6.91756e-05 -0.000300484 -0.000389108 0.000253046 0.00091404 -2.92694e-05 0.000211249 -4.51383e-05 4.02499e-05 -0.000105299 0.000755498 0.00116015
internal_weight=100994 52412 42446 48582 4532 4191 9966 576 42205 9390 44050 18139 25911 341 241
internal_count=100994 52412 42446 48582 4532 4191 9966 576 42205 9390 44050 18139 25911 341 241
is_linear=0
shrinkage=0.02


Tree=352
num_leaves=16
num_cat=0
split_feature=3 2 4 3 19 18 4 29 35 37 27 10 0 18 2
split_gain=0.58691 0.719796 1.00949 1.52882 0.681291 0.559661 0.505122 0.735682 0.693066 0.473664 0.435208 0.41604 0.862636 0.637177 0.4032
threshold=0.64316770186335415 0.74342105263157909 0.70833333333333337 0.5707610146862484 0.27801932367149768 0.69615384615384623 0.29166666666666669 1.267857142857143 0.061470985155195661 154.50000000000003 0.15410428497676817 0.17156862745098037 0.77500000000000013 0.20526315789473684 1.1937500000000003
decision_type=2 2 2 2 2 2 2 2 2 2 2 2 2 2 2
left_child=1 6 3 -3 11 -4 7 -1 -8 10 -6 13 -13 -2 -11
right_child=4 2 5 -5 9 -7 8 -9 -10 14 -12 12 -14 -15 -16
leaf_value=0.00058802947331711933 -4.2388482709948938e-05 0.00042585745915254826 1.0504314534021983e-05 0.0024509949947512429 -0.00017201964276231503 0.0011105367781426669 -3.2040114160132621e-06 -0.00029918815228373216 0.00035323750916844353 -0.00030549140751059289 -6.0458122257112853e-06 0.0019527039165590323 -0.00019334667462569019 -0.00050707229985777046 -0.0020971873708260365
leaf_weight=422 2134 547 1665 213 6941 209 7230 2859 3090 195 72268 100 258 2787 76
leaf_count=422 2134 547 1665 213 6941 209 7230 2859 3090 195 72268 100 258 2787 76
internal_value=-1.72869e-05 9.26883e-05 0.000395521 0.0010115 -3.84715e-05 0.00013957 3.32564e-05 -0.00018174 0.0001026 -2.37164e-05 -2.07201e-05 -0.000258637 0.000385849 -0.000307692 -0.000856273
internal_weight=100994 16235 2634 760 84759 1874 13601 3281 10320 79480 79209 5279 358 4921 271
internal_count=100994 16235 2634 760 84759 1874 13601 3281 10320 79480 79209 5279 358 4921 271
is_linear=0
shrinkage=0.02


Tree=353
num_leaves=16
num_cat=0
split_feature=15 26 15 10 18 18 9 21 30 26 31 3 31 15 15
split_gain=0.592824 1.00817 1.15327 1.40888 1.14544 0.864555 0.798195 0.639524 1.01799 0.681592 0.638601 0.634566 1.29868 0.908418 0.627673
threshold=0.45173237753882917 0.64495798319327746 0.24698620188816264 0.2124060150375939 0.74342105263157909 0.97500000000000009 0.15476190476190474 0.41428571428571431 4.0250000000000012 0.68990384615384626 3.862193903048476 1.2508741258741261 3.6852499352499355 1.1123737373737377 0.35737937559129612
decision_type=2 2 2 2 2 2 2 2 2 2 2 2 2 2 2
left_child=1 5 3 -3 -4 6 -1 8 9 -2 -10 13 -13 -9 -7
right_child=7 2 4 -5 -6 14 -8 11 10 -11 -12 12 -14 -15 -16
leaf_value=-3.3971961142918595e-05 -0.0003319276133339518 -0.00056437025162630597 0.00042698049154107405 0.0027320605729307446 0.0017091168717843811 0.0021400344519669772 0.00017147471885405394 -5.3931160443543429e-05 -0.00068657138967901711 -0.001422645634128934 0.00092848322669366256 -0.00070270409721594597 0.00046824255371004538 -0.0010647408084736929 -0.00010482033957605776
leaf_weight=40413 3764 617 1476 54 355 129 9301 41103 121 250 397 453 2136 358 67
leaf_count=40413 3764 617 1476 54 355 129 9301 41103 121 250 397 453 2136 358 67
internal_value=-1.69418e-05 2.9577e-05 0.000421279 -0.000276894 0.000682614 9.7244e-06 4.2693e-06 -6.7333e-05 -0.000293897 -0.000403024 0.000530801 -4.3784e-05 0.000259117 -6.29512e-05 0.00132885
internal_weight=100994 52412 2502 671 1831 49910 49714 48582 4532 4014 518 44050 2589 41461 196
internal_count=100994 52412 2502 671 1831 49910 49714 48582 4532 4014 518 44050 2589 41461 196
is_linear=0
shrinkage=0.02


Tree=354
num_leaves=14
num_cat=0
split_feature=26 3 3 30 30 10 25 21 21 30 15 25 30
split_gain=0.584533 1.7949 1.46093 1.30742 1.56551 0.880481 0.692852 1.0988 0.664691 0.557632 0.55246 1.27048 0.630254
threshold=0.78174603174603186 0.93116609634114245 1.0866404199475068 3.2817460317460321 3.1937500000000005 0.06904761904761901 1.0500000000000003 0.89444444444444449 1.0500000000000003 3.5941176470588241 0.77431481930633039 0.38750000000000007 3.6201923076923084
decision_type=2 2 2 2 2 2 2 2 2 2 2 2 2
left_child=6 3 8 4 -2 -5 10 -8 -3 -4 12 -12 -1
right_child=1 2 9 5 -6 -7 7 -9 -10 -11 11 -13 -14
leaf_value=-5.6550059365899755e-05 0.00067270442643421605 -0.00043656474329475172 0.0011635761250709665 -0.00064499686161677045 -0.0022864094883837597 0.0016517617874823439 -0.0029367633576852731 0.00039642198997385359 -0.0019003302316096696 -0.00015143581507903224 -0.00050387763075742092 9.5582627622239316e-05 4.8267290597994545e-05
leaf_weight=51853 296 530 288 67 92 624 81 66 174 210 2921 2694 41098
leaf_count=51853 296 530 288 67 92 624 81 66 174 210 2921 2694 41098
internal_value=-1.66036e-05 0.000299458 -0.000225397 0.00089273 -1.14271e-05 0.00141342 -2.40141e-05 -0.00138788 -0.00081687 0.000590665 -2.18505e-05 -0.000214553 -1.00978e-05
internal_weight=100994 2281 1202 1079 388 691 98713 147 704 498 98566 5615 92951
internal_count=100994 2281 1202 1079 388 691 98713 147 704 498 98566 5615 92951
is_linear=0
shrinkage=0.02


Tree=355
num_leaves=9
num_cat=0
split_feature=25 11 19 11 3 15 22 28
split_gain=0.745351 0.698187 0.786196 0.738626 0.939471 0.675277 0.661121 0.635104
threshold=1.3666666666666669 0.062718531468531472 0.32209077465589814 0.055363984674329451 0.95471633629528385 0.88255578093306297 0.34166666666666673 2.5500000000000003
decision_type=2 2 2 2 2 2 2 2
left_child=1 3 5 7 -5 -3 -4 -1
right_child=-2 2 6 4 -6 -7 -8 -9
leaf_value=-0.00028731414768401025 0.0019101603237199195 0.00026260739132999428 -0.0004863873834094843 -0.00018418311727903648 -0.00099488711707732252 -0.0019641904808856822 1.1700656489377376e-05 -1.0559561853787647e-05
leaf_weight=3985 79 6022 1081 2461 763 52 66465 20263
leaf_count=3985 79 6022 1081 2461 763 52 66465 20263
internal_value=-7.04426e-06 -8.67917e-06 2.33195e-05 -9.47894e-05 -0.000379644 0.000241258 3.56709e-06 -5.64747e-05
internal_weight=101171 101092 73620 27472 3224 6074 67546 24248
internal_count=101171 101092 73620 27472 3224 6074 67546 24248
is_linear=0
shrinkage=0.02


Tree=356
num_leaves=16
num_cat=0
split_feature=11 11 2 2 26 30 18 37 37 5 21 2 28 28 5
split_gain=0.678428 0.715511 0.944054 0.798503 0.742079 0.668357 0.990735 0.836093 0.669226 0.618846 1.18066 0.852124 0.608053 0.765878 0.550515
threshold=0.062718531468531472 0.055363984674329451 0.77350427350427364 0.6858552631578948 0.48684210526315791 4.2052631578947377 0.45227272727272733 49.500000000000007 81.500000000000014 0.47222222222222227 1.3875000000000002 0.55277777777777792 2.4500000000000006 1.9000000000000001 2.0500000000000003
decision_type=2 2 2 2 2 2 2 2 2 2 2 2 2 2 2
left_child=1 12 3 -3 -4 9 8 -8 -7 10 -2 -11 13 -1 -14
right_child=5 2 4 -5 -6 6 7 -9 -10 11 -12 -13 14 -15 -16
leaf_value=0.00012204842585143462 -0.00063077068594949589 -0.00033644720028844064 -0.00086438590417291965 0.00061937723108209091 0.000420000583697588 -3.4168067328426819e-05 -0.0011919575918542162 -0.00022172228913693259 0.0017021364531071064 0.0002836569154674819 0.0012430552124977113 2.2651828768557082e-05 -3.060643486031716e-05 -0.00047233788990398327 0.00051570523676143921
leaf_weight=1244 1118 1061 1452 518 193 216 535 1159 137 5434 148 64926 19578 2688 764
leaf_count=1244 1118 1061 1452 518 193 216 535 1159 137 5434 148 64926 19578 2688 764
internal_value=-6.90802e-06 -9.17543e-05 -0.000372128 -1.61715e-05 -0.000707296 2.46263e-05 -0.000331065 -0.000535083 0.000617319 3.49401e-05 -0.000402212 4.29592e-05 -5.40765e-05 -0.000281778 -9.54796e-06
internal_weight=101171 27498 3224 1579 1645 73673 2047 1694 353 71626 1266 70360 24274 3932 20342
internal_count=101171 27498 3224 1579 1645 73673 2047 1694 353 71626 1266 70360 24274 3932 20342
is_linear=0
shrinkage=0.02


Tree=357
num_leaves=9
num_cat=0
split_feature=25 26 21 14 11 10 19 4
split_gain=0.717163 0.652066 1.23611 1.19123 0.601799 1.20586 0.707522 0.281249
threshold=1.3666666666666669 0.91987179487179505 1.2928571428571431 0.8973684210526317 0.062718531468531472 0.10263157894736842 0.32209077465589814 1.3666666666666669
decision_type=2 2 2 2 2 2 2 2
left_child=1 4 3 -3 5 -1 -6 -4
right_child=-2 2 7 -5 6 -7 -8 -9
leaf_value=-0.00012202392274333738 0.0018738326172769806 -0.00049283511247955449 0 -0.002728114375282848 0.00023257275198311934 0.00038618469658094953 6.9276289774032317e-06 0.002204175474213772
leaf_weight=25274 79 474 51 124 6071 2007 67032 59
leaf_count=25274 79 474 51 124 6071 2007 67032 59
internal_value=-6.76743e-06 -8.37301e-06 -0.000612438 -0.000980553 -4.00086e-06 -8.42441e-05 2.58095e-05 0.00128126
internal_weight=101171 101092 708 598 100384 27281 73103 110
internal_count=101171 101092 708 598 100384 27281 73103 110
is_linear=0
shrinkage=0.02


Tree=358
num_leaves=9
num_cat=0
split_feature=25 26 13 33 28 9 35 37
split_gain=0.689456 0.625834 1.5239 1.19248 0.518832 0.69474 0.546111 0.254058
threshold=1.3666666666666669 0.91987179487179505 0.95000000000000007 1.0000000180025095e-35 2.4500000000000006 0.38750000000000007 0.051376319758672656 98.500000000000014
decision_type=2 2 2 2 2 2 2 2
left_child=1 4 3 -3 5 -1 -6 -4
right_child=-2 2 7 -5 6 -7 -8 -9
leaf_value=-0.00018025705966415038 0.001837281327188751 0.00054608958428853187 -0.0032272110416971408 -0.0013345285230931246 5.4451070178640552e-05 0.0019858331776271432 -4.2802161987066441e-05 -0.00099287129938602442
leaf_weight=7591 79 363 85 210 49539 57 43197 50
leaf_count=7591 79 363 85 210 49539 57 43197 50
internal_value=-6.62382e-06 -8.20001e-06 -0.000599992 -0.000127995 -3.91467e-06 -0.000162291 9.04214e-06 -0.00249925
internal_weight=101171 101092 708 573 100384 7648 92736 135
internal_count=101171 101092 708 573 100384 7648 92736 135
is_linear=0
shrinkage=0.02


Tree=359
num_leaves=9
num_cat=0
split_feature=25 11 3 11 3 34 28 28
split_gain=0.662827 0.615455 0.716518 0.680838 0.888068 0.630157 0.602791 0.568707
threshold=1.3666666666666669 0.062718531468531472 0.74298820445609448 0.055363984674329451 0.95471633629528385 0.17914438502673799 2.7750000000000004 2.5500000000000003
decision_type=2 2 2 2 2 2 2 2
left_child=1 3 5 7 -5 -3 -4 -1
right_child=-2 2 6 4 -6 -7 -8 -9
leaf_value=-0.00027052191402160468 0.0018014429859173151 0.00011361724792521696 -0.00033020459189074688 -0.00017224118307117907 -0.00096051791680404569 0.00063139459701791543 4.9244881354880289e-06 -8.6162193392695476e-06
leaf_weight=3985 79 12397 2226 2461 763 1029 57968 20263
leaf_count=3985 79 12397 2226 2461 763 1029 57968 20263
internal_value=-6.49188e-06 -8.03925e-06 2.19973e-05 -8.88915e-05 -0.000362376 0.000154134 -7.31316e-06 -5.20898e-05
internal_weight=101171 101092 73620 27472 3224 13426 60194 24248
internal_count=101171 101092 73620 27472 3224 13426 60194 24248
is_linear=0
shrinkage=0.02


Tree=360
num_leaves=15
num_cat=0
split_feature=23 35 20 26 23 26 20 23 23 26 26 2 2 2
split_gain=0.590567 1.17508 1.22386 1.31942 1.02271 0.669643 1.26915 0.725993 0.644043 0.788626 0.688899 0.605553 0.566601 0.478167
threshold=1.0912061794414736 0.16720430107526876 1.9000000000000001 0.45804195804195807 1.3715549936788878 0.45804195804195807 0.90000000000000013 1.1335456475583867 0.93656382740889799 1.0954545454545457 0.10263157894736842 0.35147058823529415 0.67543859649122817 0.29705882352941176
decision_type=2 2 2 2 2 2 2 2 2 2 2 2 2 2
left_child=8 5 3 -3 -4 7 -7 -2 9 10 -1 13 -13 -10
right_child=1 2 4 -5 -6 6 -8 -9 11 -11 -12 12 -14 -15
leaf_value=-0.00015679531365287602 0.0004005673509956239 -0.00015139862777274334 0.0033456409848653351 -0.0012833553903243123 0 -0.00029683945109070192 0.00056610362046033056 1.3267717515567555e-05 -6.1348615205875957e-05 0.0019233881179676498 3.3006494046564329e-05 -0.00036067015132250303 -8.4756311875437788e-05 0.0011706772698896139
leaf_weight=8885 2431 2023 63 525 87 842 3288 9775 221 84 54733 3820 14283 252
leaf_count=8885 2431 2023 63 525 87 842 3288 9775 221 84 54733 3820 14283 252
internal_value=2.13579e-06 0.000102614 -0.000282552 -0.000389377 0.00144751 0.000166865 0.000387693 9.12761e-05 -2.0989e-05 9.08235e-06 6.33717e-06 -0.00012464 -0.000143564 0.00057615
internal_weight=101312 19034 2698 2548 150 16336 4130 12206 82278 63702 63618 18576 18103 473
internal_count=101312 19034 2698 2548 150 16336 4130 12206 82278 63702 63618 18576 18103 473
is_linear=0
shrinkage=0.02


Tree=361
num_leaves=13
num_cat=0
split_feature=22 22 3 23 3 27 4 27 28 3 27 27
split_gain=0.701026 0.756243 0.656649 0.746209 0.570951 0.727773 0.60713 0.504442 0.438291 0.955862 0.583894 0.245992
threshold=1.3514705882352944 1.5131578947368423 0.56501610305958139 1.4449944994499451 1.0636653155761437 0.27508389261744975 2.1000000000000005 1.5357142857142858 3.5500000000000003 0.267479674796748 0.14093535572408813 0.077296489917849112
decision_type=2 2 2 2 2 2 2 2 2 2 2 2
left_child=7 2 11 -4 6 -6 -3 8 10 -10 -1 -2
right_child=1 4 3 -5 5 -7 -8 -9 9 -11 -12 -13
leaf_value=-0.00012917884857877743 0.0004147786150376002 -3.610463489070478e-05 0.00039968357616543558 0.0013834445730845132 -0.00040064613800495864 0.0023315608927181788 -0.001183001490216277 0.0014242153386680447 0.00071119080861041571 -6.0818953650540656e-05 6.5950453653080667e-05 -0.00080578848998123244
leaf_weight=7284 82 1315 2194 373 62 82 217 96 646 50664 38085 212
leaf_count=7284 82 1315 2194 373 62 82 217 96 646 50664 38085 212
internal_value=2.09361e-06 0.000245094 0.000443206 0.000547488 -8.72571e-05 0.00109733 -0.000206406 -9.20023e-06 -1.07564e-05 -5.0877e-05 3.43977e-05 -0.000431072
internal_weight=101312 4537 2861 2567 1676 144 1532 96775 96679 51310 45369 294
internal_count=101312 4537 2861 2567 1676 144 1532 96775 96679 51310 45369 294
is_linear=0
shrinkage=0.02


Tree=362
num_leaves=15
num_cat=0
split_feature=22 22 14 14 3 0 3 26 7 35 26 14 23 23
split_gain=0.673103 0.727064 0.779184 1.40409 0.54786 0.870434 0.508898 0.505214 0.517493 0.402889 1.01593 0.872399 0.365483 0.326825
threshold=1.3514705882352944 1.5131578947368423 0.82843137254901966 0.97500000000000009 1.0636653155761437 0.77500000000000013 0.7576941287878789 1.0954545454545457 1.5876740821124979 0.17099640125955912 0.74342105263157909 1.2111111111111115 1.4010309278350517 0.95359603789836356
decision_type=2 2 2 2 2 2 2 2 2 2 2 2 2 2
left_child=7 2 6 -4 5 -3 -2 9 -9 11 -11 -1 -6 -10
right_child=1 4 3 -5 12 -7 -8 8 13 10 -12 -13 -14 -15
leaf_value=1.3149741630242676e-07 -5.8886520219621834e-05 0.00022161224792743552 0.0026162237683196128 -0.00050753408526799766 0 -0.00072938021267060754 0.00052440468907694927 -0.00032374334877187556 0.0030662806305018337 -8.578730296473732e-05 -0.0011835972320042914 0.00096323785209466537 0.0021358567001163098 0.000503515495130649
leaf_weight=83878 862 839 160 81 77 693 1758 53 53 12018 347 376 67 50
leaf_count=83878 862 839 160 81 77 693 1758 53 53 12018 347 376 67 50
internal_value=2.05336e-06 0.000240167 0.000434431 0.00152964 -8.56141e-05 -0.00020244 0.000328785 -9.01126e-06 0.00112039 -1.09614e-05 -0.00011759 4.571e-06 0.00107454 0.00195075
internal_weight=101312 4537 2861 241 1676 1532 2620 96775 156 96619 12365 84254 144 103
internal_count=101312 4537 2861 241 1676 1532 2620 96775 156 96619 12365 84254 144 103
is_linear=0
shrinkage=0.02


Tree=363
num_leaves=16
num_cat=0
split_feature=23 35 25 23 25 3 15 23 25 15 4 2 2 2 5
split_gain=0.548826 1.11965 1.60761 0.830549 0.691124 1.01732 0.646043 0.621186 0.680351 0.839577 0.615291 0.5795 0.546085 0.460474 0.332372
threshold=1.0912061794414736 0.16720430107526876 0.68333333333333346 1.2006289308176104 0.89444444444444449 0.99103120978120984 0.41898326898326904 0.93656382740889799 1.1547619047619049 0.60063291139240516 4.9000000000000012 0.35147058823529415 0.67543859649122817 0.29705882352941176 1.3166666666666669
decision_type=2 2 2 2 2 2 2 2 2 2 2 2 2 2 2
left_child=7 4 3 -3 6 -6 -2 8 10 -10 -1 13 -13 -9 -4
right_child=1 2 14 -5 5 -7 -8 11 9 -11 -12 12 -14 -15 -16
leaf_value=7.9912928447879616e-06 0.00031158077181660325 0.00027308834878216802 -0.00075725671588158132 -0.00046100900503580046 0.0013667428728599282 -0.00031282218781913203 4.0401355133405317e-05 -6.146799823093842e-05 8.7365390050529244e-05 0.0032167302652940911 -0.0019384055962929359 -0.00035373985611413048 -8.284020022282786e-05 0.0011469131315083017 -0.0024965455732145511
leaf_weight=63483 5422 1128 96 1333 429 203 10282 221 99 57 63 3820 14283 252 141
leaf_count=63483 5422 1128 96 1333 429 203 10282 221 99 57 63 3820 14283 252 141
internal_value=2.01896e-06 9.88845e-05 -0.000277065 -0.000120527 0.000161613 0.000812204 0.000134694 -2.027e-05 9.26067e-06 0.00132032 5.84331e-06 -0.000122067 -0.000140589 0.000563386 -0.0018461
internal_weight=101312 19034 2698 2461 16336 632 15704 82278 63702 156 63546 18576 18103 473 237
internal_count=101312 19034 2698 2461 16336 632 15704 82278 63702 156 63546 18576 18103 473 237
is_linear=0
shrinkage=0.02


Tree=364
num_leaves=11
num_cat=0
split_feature=11 28 26 20 15 15 27 28 29 7
split_gain=0.67164 1.01001 1.56391 1.28559 0.753568 0.808204 0.552224 0.515399 1.24944 0.71323
threshold=0.33436853002070394 3.7750000000000004 0.11437908496732026 1.5500000000000003 0.51865775549986093 0.70847130242825618 1.5357142857142858 3.4500000000000006 3.6458333333333335 0.25657894736842107
decision_type=2 2 2 2 2 2 2 2 2 2
left_child=6 4 -3 -4 -2 -6 7 8 -1 -9
right_child=1 2 3 -5 5 -7 -8 9 -10 -11
leaf_value=1.0624892627355703e-05 0.0017717393335089627 -0.0017181838141090569 0.0014268237894231623 -0.00037753259012212307 -0.0015189492627509734 1.8132386834788508e-05 0.001542778109078822 0.00057080544285721831 0.00039293162562682732 -5.8446837791675779e-05
leaf_weight=42288 81 85 746 189 157 897 90 726 3725 52328
leaf_count=42288 81 85 746 189 157 897 90 726 3725 52328
internal_value=1.9766e-06 0.00035119 0.0008079 0.00105139 -5.115e-05 -0.000203799 -5.519e-06 -7.05764e-06 4.18077e-05 -4.96264e-05
internal_weight=101312 2155 1020 935 1135 1054 99157 99067 46013 53054
internal_count=101312 2155 1020 935 1135 1054 99157 99067 46013 53054
is_linear=0
shrinkage=0.02


Tree=365
num_leaves=13
num_cat=0
split_feature=19 27 37 7 27 37 11 12 14 18 27 14
split_gain=0.569742 0.507598 0.672628 0.914067 0.744534 0.652431 0.557956 0.372499 0.719761 0.74147 0.285528 0.238808
threshold=1.0061728395061731 0.14093535572408813 4.5000000000000009 1.3322072072072075 0.78964130070398941 114.50000000000001 0.29181873479318737 1.2250000000000003 0.74342105263157909 1.0250000000000001 0.091326105087572954 1.0250000000000001
decision_type=2 2 2 2 2 2 2 2 2 2 2 2
left_child=1 5 3 -3 -4 6 -1 8 10 -10 -2 -9
right_child=7 2 4 -5 -6 -7 -8 11 9 -11 -12 -13
leaf_value=-0.00012020125311765646 0.00030352568962204628 1.5366342554124304e-06 3.0736665519666393e-05 -0.00078906544508078162 0.0005156717959811653 -0.0012891031441188627 0.00055143045577389453 -0.00047949352141084343 -0.00047504728115521942 0.0024445719565405993 -0.00099994510973709216 -0.0026365808237876209
leaf_weight=11328 69 1493 84660 934 1287 184 511 56 63 64 343 54
leaf_count=11328 69 1493 84660 934 1287 184 511 56 63 64 343 54
internal_value=8.14924e-06 1.20707e-05 2.87483e-05 -0.000298999 3.81264e-05 -0.000109669 -9.02792e-05 -0.0005813 -0.000338202 0.000933827 -0.000757079 -0.00165589
internal_weight=101046 100397 88374 2427 85947 12023 11839 649 539 127 412 110
internal_count=101046 100397 88374 2427 85947 12023 11839 649 539 127 412 110
is_linear=0
shrinkage=0.02


Tree=366
num_leaves=16
num_cat=0
split_feature=33 19 22 4 27 22 14 19 27 1 30 22 37 14 4
split_gain=0.579239 0.708761 0.606214 0.589666 0.79225 0.628658 0.583793 1.12998 0.837184 0.589707 0.637884 0.588048 0.524181 0.326389 0.32258
threshold=0.38750000000000007 1.0061728395061731 1.0250000000000001 3.2250000000000005 0.25378874856486799 1.6132478632478635 0.69615384615384623 0.65156402737047914 0.68360888659261188 1.5857142857142861 4.1464285714285731 0.54772727272727284 22.500000000000004 0.29705882352941176 2.6333333333333337
decision_type=2 2 2 2 2 2 2 2 2 2 2 2 2 2 2
left_child=1 3 13 5 -5 -1 7 12 -9 11 -11 -8 -2 -3 -4
right_child=6 2 14 4 -6 -7 9 8 -10 10 -12 -13 -14 -15 -16
leaf_value=1.7649914040834388e-05 -0.00088255723183941243 -0.0025413523588714926 0.0013152881539784944 -0.00028419999009964193 0.00049423884607299609 -0.00054756876367789047 0.00042391226716237526 0.00082446049862927562 -0.0013499987938187339 0.0021072907975086801 -0.0009495721954219747 -0.0014423577883339168 -0.00016435993519238145 -0.00079572025540603365 -0.0005143415127227555
leaf_weight=93327 556 56 76 671 2158 791 71 620 75 50 51 397 1701 381 65
leaf_count=93327 556 56 76 671 2158 791 71 620 75 50 51 397 1701 381 65
internal_value=7.98113e-06 1.71777e-05 -0.000679358 2.14475e-05 0.000306001 1.27818e-05 -0.000243773 -0.000126441 0.000572259 -0.000832405 0.000478173 -0.00113735 -0.000346336 -0.00105275 0.000406515
internal_weight=101046 97525 578 96947 2829 94118 3521 2952 695 569 101 468 2257 437 141
internal_count=101046 97525 578 96947 2829 94118 3521 2952 695 569 101 468 2257 437 141
is_linear=0
shrinkage=0.02


Tree=367
num_leaves=12
num_cat=0
split_feature=33 19 8 4 2 2 30 19 0 19 17
split_gain=0.556594 0.681736 0.715337 0.647699 0.599168 1.14402 0.898027 0.547782 0.526374 0.616485 0.33454
threshold=0.38750000000000007 1.0061728395061731 0.45000000000000007 2.5500000000000003 0.6858552631578948 0.77350427350427364 4.0250000000000012 0.10172413793103446 0.22500000000000003 0.65156402737047914 1.1833333333333336
decision_type=2 2 2 2 2 2 2 2 2 2 2
left_child=1 4 3 -3 6 -6 -1 -2 -9 -10 -4
right_child=7 2 10 -5 5 -7 -8 8 9 -11 -12
leaf_value=-7.7357750294278826e-05 -0.0018693587583739583 -0.00078581778497635569 -0.00066789815983464649 0.00082722719679487514 0.00021817225477265654 1.2117710264114236e-05 0.0015801494312650374 0.0012314687730098257 -0.00041947336303037731 0.00016840608124752123 -0.0030352168207737939
leaf_weight=23027 80 314 60 139 13139 60652 129 96 2351 994 65
leaf_count=23027 80 314 60 139 13139 60652 129 96 2351 994 65
internal_value=7.80992e-06 1.68268e-05 -0.000666291 -0.000267427 2.10164e-05 4.89476e-05 -6.75564e-05 -0.00023897 -0.000197097 -0.000241795 -0.00200606
internal_weight=101046 97525 578 453 96947 73791 23156 3521 3441 3345 125
internal_count=101046 97525 578 453 96947 73791 23156 3521 3441 3345 125
is_linear=0
shrinkage=0.02


Tree=368
num_leaves=14
num_cat=0
split_feature=19 8 14 2 2 0 30 27 11 11 27 14 30
split_gain=0.504477 0.635785 0.850265 0.505611 1.21918 0.937083 0.753921 0.822733 0.699053 0.632729 0.409719 0.225491 0.212273
threshold=1.0061728395061731 0.45000000000000007 0.74342105263157909 0.6858552631578948 0.77350427350427364 1.3666666666666669 4.0250000000000012 0.33085471030517472 0.35192592592592592 0.28271848924022841 0.091326105087572954 0.94590643274853814 3.8480769230769236
decision_type=2 2 2 2 2 2 2 2 2 2 2 2 2
left_child=3 2 10 6 5 -5 8 -8 -1 -6 -2 -3 -4
right_child=1 11 12 4 9 -7 7 -9 -10 -11 -12 -13 -14
leaf_value=-6.8310442959159033e-05 0.00069747914259250354 -0.00070434519034974724 0.002093691353996595 0.000174851001239595 -1.5673530834847833e-05 0.0010505005879624808 7.1295078207806841e-06 0.0033340711008619378 -0.0013161555391091567 0.00026222217648593914 -0.0009693844321074786 -0.0026666555203059138 0.00022362965701231316
leaf_weight=23283 63 66 58 12968 59857 512 80 52 180 3465 331 66 65
leaf_count=23283 63 66 58 12968 59857 512 80 52 180 3465 331 66 65
internal_value=7.65063e-06 -0.000546993 -0.000205904 1.13465e-05 3.63093e-05 0.000209003 -6.94802e-05 0.00142257 -7.8421e-05 -3.0127e-07 -0.000675426 -0.00178528 0.00120484
internal_weight=101046 649 517 100397 76802 13480 23595 132 23463 63322 394 132 123
internal_count=101046 649 517 100397 76802 13480 23595 132 23463 63322 394 132 123
is_linear=0
shrinkage=0.02


Tree=369
num_leaves=15
num_cat=0
split_feature=33 19 8 22 4 11 18 37 18 37 22 32 37 17
split_gain=0.53345 0.634385 0.665551 0.637913 0.561904 0.960502 0.74484 0.540925 1.0851 0.954059 0.63874 0.495312 0.359791 0.314196
threshold=0.38750000000000007 1.0061728395061731 0.45000000000000007 1.0250000000000001 3.2250000000000005 0.25681874535085542 0.81534090909090928 22.500000000000004 0.34166666666666673 24.500000000000004 1.0250000000000001 0.90000000000000013 9.5000000000000018 1.1833333333333336
decision_type=2 2 2 2 2 2 2 2 2 2 2 2 2 2
left_child=1 4 3 -3 6 -6 -1 11 10 -10 -9 12 -2 -4
right_child=7 2 13 -5 5 -7 -8 8 9 -11 -12 -13 -14 -15
leaf_value=2.3042151747174424e-05 -0.00027260574035286586 -0.00066414872376367577 -0.00063310952917222055 0.0011377635537361613 4.3813620310158059e-05 0.00084418278771296166 -0.00027491820339564958 0.0020423728858845105 0.002431515044761154 -0.00026728646859589509 -0.00032759100969495444 0.0011501766769391186 -0.0011456344895495855 -0.0029333699683644875
leaf_weight=90638 371 357 60 96 1944 885 3480 142 51 2368 56 51 482 65
leaf_count=90638 371 357 60 96 1944 885 3480 142 51 2368 56 51 482 65
internal_value=7.50042e-06 1.63299e-05 -0.000642616 -0.000256986 2.03749e-05 0.000298146 1.19133e-05 -0.000234092 -8.38096e-05 -0.000204295 0.00132551 -0.000656964 -0.000779145 -0.00193534
internal_weight=101046 97525 578 453 96947 2829 94118 3521 2617 2419 198 904 853 125
internal_count=101046 97525 578 453 96947 2829 94118 3521 2617 2419 198 904 853 125
is_linear=0
shrinkage=0.02


Tree=370
num_leaves=11
num_cat=0
split_feature=15 26 5 34 9 22 26 26 29 32
split_gain=0.674285 1.39628 1.24477 0.896891 0.738288 0.629969 0.613698 0.517551 0.469403 0.383211
threshold=0.12579113924050633 0.3550420168067227 0.29285714285714287 0.61250000000000016 0.23611111111111113 0.2752525252525253 0.84807692307692317 0.58578431372549034 4.2928571428571436 0.45000000000000007
decision_type=2 2 2 2 2 2 2 2 2 2
left_child=1 8 -3 5 -4 7 -7 -2 9 -1
right_child=3 2 4 -5 -6 6 -8 -9 -10 -11
leaf_value=-2.7245822130000597e-05 -0.00030166640990845003 -0.00091188195640641134 0.00072158244949276171 -0.0018750875328595823 0.0024504478209841567 -1.5275522463749898e-05 0.00041973136597713137 -0.0017127782921505792 0.0013377579962307552 0.00148355742368628
leaf_weight=5071 1447 171 1473 102 111 91120 1313 115 104 66
leaf_count=5071 1447 171 1473 102 111 91120 1313 115 104 66
internal_value=-3.80398e-06 0.000185474 0.000673579 -1.79865e-05 0.000851976 -1.5825e-05 -8.97917e-06 -0.000414009 1.99249e-05 -5.31935e-06
internal_weight=101093 6996 1755 94097 1584 93995 92433 1562 5241 5137
internal_count=101093 6996 1755 94097 1584 93995 92433 1562 5241 5137
is_linear=0
shrinkage=0.02


Tree=371
num_leaves=10
num_cat=0
split_feature=37 18 8 37 18 18 18 11 19
split_gain=0.538429 0.476034 0.46924 0.924291 1.04673 0.775779 0.728643 1.29064 0.619787
threshold=156.50000000000003 0.59411764705882364 1.0000000180025095e-35 106.50000000000001 0.20526315789473684 0.48684210526315791 0.89181286549707617 0.10647017788629226 0.36018018018018022
decision_type=2 2 2 2 2 2 2 2 2
left_child=2 -2 3 4 -1 -5 8 -8 -4
right_child=1 -3 6 5 -6 -7 7 -9 -10
leaf_value=0.00014258275146371833 0 -0.0025614518984671563 -0.00010446574311942035 0.00037297962223355836 -0.00011128145711740034 -3.8635339745333495e-05 0.001404489229427525 -0.00043070881337189688 0.00010020968977712157
leaf_weight=7667 63 60 7071 3698 41570 3548 161 2157 35098
leaf_count=7667 63 60 7071 3698 41570 3548 161 2157 35098
internal_value=-3.72727e-06 -0.00131566 -2.00403e-06 -4.03622e-05 -7.15434e-05 0.000170098 4.64723e-05 -0.000297831 6.56488e-05
internal_weight=101093 123 100970 56483 49237 7246 44487 2318 42169
internal_count=101093 123 100970 56483 49237 7246 44487 2318 42169
is_linear=0
shrinkage=0.02


Tree=372
num_leaves=15
num_cat=0
split_feature=15 26 5 23 20 26 12 18 28 11 7 1 1 20
split_gain=0.649588 1.34401 1.19881 0.797585 0.703223 0.715162 1.65072 0.82086 0.609904 0.852161 0.790796 0.391432 0.508332 0.504014
threshold=0.12579113924050633 0.3550420168067227 0.29285714285714287 0.72557695644629538 0.29166666666666669 0.84807692307692317 0.77500000000000013 0.89181286549707617 2.9000000000000004 0.072882174392935969 1.3056703397612492 1.3875000000000002 0.5277777777777779 0.55000000000000016
decision_type=2 2 2 2 2 2 2 2 2 2 2 2 2 2
left_child=1 11 -3 -4 8 7 -7 -6 9 -2 -10 12 -1 -13
right_child=4 2 3 -5 5 6 -8 -9 10 -11 -12 13 -14 -15
leaf_value=0.00018506579979612176 -0.00027083901844360758 -0.00089438464772494542 0.0013000755760933936 0.00037840414370222042 3.3055809476419178e-06 -2.6995528091504738e-05 0.0015151718942130485 -0.00037013367384217073 -0.00063508179173507595 0.0005273391123299118 -0.00014240442786321223 -0.00024246055562541171 -0.00021359477056643613 0.0021671247247018314
leaf_weight=2644 1133 171 774 810 81920 822 408 2421 1878 999 4516 51 2472 74
leaf_count=2644 1133 171 774 810 81920 822 408 2421 1878 999 4516 51 2472 74
internal_value=-3.65433e-06 0.000182123 0.00066101 0.000836143 -1.75765e-05 -1.99338e-07 0.000478065 -7.30391e-06 -0.000190768 9.86243e-05 -0.000288827 1.96646e-05 -5.6173e-06 0.00111694
internal_weight=101093 6996 1755 1584 94097 85571 1230 84341 8526 2132 6394 5241 5116 125
internal_count=101093 6996 1755 1584 94097 85571 1230 84341 8526 2132 6394 5241 5116 125
is_linear=0
shrinkage=0.02


Tree=373
num_leaves=13
num_cat=0
split_feature=15 26 27 34 26 11 27 20 26 24 30 19
split_gain=0.623977 1.29078 1.21899 0.858856 0.789397 0.774498 0.688747 0.668914 0.696081 0.58117 0.460917 0.381863
threshold=0.12579113924050633 0.3550420168067227 0.47134646962233168 0.61250000000000016 0.42481203007518792 0.024490203918432606 0.29003816793893133 0.29166666666666669 0.84807692307692317 0.90000000000000013 4.2426470588235299 0.63497856563550004
decision_type=2 2 2 2 2 2 2 2 2 2 2 2
left_child=1 6 5 7 -4 -3 10 9 -9 -2 -1 -8
right_child=3 2 4 -5 -6 -7 11 8 -10 -11 -12 -13
leaf_value=9.995611620620944e-05 -0.0002237543485680182 0.00097855515366223581 0.0018733952777541202 -0.0018345215529776537 -7.5359880068477777e-05 0.0032064695495205957 -0.00028817689303631527 -5.1714898313772181e-06 0.00047384939500706458 0.00051443751590246546 0.0016626487519496528 -0.0014951887668576093
leaf_weight=4187 8068 794 90 102 799 72 852 84257 1229 441 76 126
leaf_count=4187 8068 794 90 102 799 72 852 84257 1229 441 76 126
internal_value=-3.57995e-06 0.000178496 0.000647807 -1.72268e-05 0.000114466 0.00118227 1.92477e-05 -1.51094e-05 1.60916e-06 -0.000184209 0.000130927 -0.00045662
internal_weight=101093 6996 1755 94097 889 866 5241 93995 85486 8509 4263 978
internal_count=101093 6996 1755 94097 889 866 5241 93995 85486 8509 4263 978
is_linear=0
shrinkage=0.02


Tree=374
num_leaves=13
num_cat=0
split_feature=15 26 27 34 26 27 12 0 1 1 30 19
split_gain=0.599666 1.24066 1.17138 0.825485 0.758898 0.662273 0.617106 1.27708 0.728458 0.488325 0.443035 0.366589
threshold=0.12579113924050633 0.3550420168067227 0.47134646962233168 0.61250000000000016 0.42481203007518792 0.29003816793893133 0.36666666666666675 0.36666666666666675 1.1833333333333336 0.21111111111111114 4.2426470588235299 0.63497856563550004
decision_type=2 2 2 2 2 2 2 2 2 2 2 2
left_child=1 5 9 6 -4 10 8 -8 -2 -3 -1 -7
right_child=3 2 4 -5 -6 11 7 -9 -10 -11 -12 -13
leaf_value=9.7957949744798483e-05 -0.00011013087959508472 -0.00042268069460988045 0.0018367418258086496 -0.0017985366585736089 -7.38564394088869e-05 -0.00028242685040349985 0.00072696696624247297 1.3214775464251236e-05 0.00017478065193815066 0.0012941730120415724 0.0016302483891829467 -0.0014657522295601667
leaf_weight=4187 32757 62 90 102 799 852 1020 56213 4005 804 76 126
leaf_count=4187 32757 62 90 102 799 852 1020 56213 4005 804 76 126
internal_value=-3.50246e-06 0.000174989 0.000635101 -1.68828e-05 0.000112033 1.88244e-05 -1.48048e-05 2.61349e-05 -7.88116e-05 0.00115905 0.000128372 -0.000447764
internal_weight=101093 6996 1755 94097 889 5241 93995 57233 36762 866 4263 978
internal_count=101093 6996 1755 94097 889 5241 93995 57233 36762 866 4263 978
is_linear=0
shrinkage=0.02


Tree=375
num_leaves=12
num_cat=0
split_feature=37 1 7 28 1 15 37 14 1 28 23
split_gain=0.652238 0.862882 1.27056 0.782624 0.552763 0.42934 0.381071 0.639225 0.63916 0.378976 0.340599
threshold=128.50000000000003 1.4722222222222225 2.3190572267057967 2.7750000000000004 1.0500000000000003 2.0625000000000004 4.5000000000000009 0.82843137254901966 1.3166666666666669 3.9000000000000004 0.58847248576850109
decision_type=2 2 2 2 2 2 2 2 2 2 2
left_child=5 2 3 -2 -4 6 8 -8 -1 -3 -11
right_child=1 9 4 -5 -6 -7 7 -9 -10 10 -12
leaf_value=-0.00018626033106617108 -0.0011537734796603521 -0.0016105164934335084 0.00050531986241157244 0.00030055677759261747 0.0035761963006328136 0.0014524288726858346 9.2893810417011575e-06 0.0002305970533438286 0.00058522478660993406 -0.0013258042417111852 0.00013113516669736129
leaf_weight=6278 148 114 50 5006 66 81 82970 5580 454 82 235
leaf_count=6278 148 114 50 5006 66 81 82970 5580 454 82 235
internal_value=2.61228e-05 0.000233995 0.000305687 0.000256424 0.00236829 1.35862e-05 1.22276e-05 2.3353e-05 -0.000132589 -0.000616879 -0.00022034
internal_weight=101064 5701 5270 5154 116 95363 95282 88550 6732 431 317
internal_count=101064 5701 5270 5154 116 95363 95282 88550 6732 431 317
is_linear=0
shrinkage=0.02


Tree=376
num_leaves=11
num_cat=0
split_feature=37 27 5 3 27 27 23 5 15 12
split_gain=0.626371 1.48429 1.4378 1.63978 1.33929 0.806149 0.552931 0.469237 0.660045 0.508489
threshold=128.50000000000003 0.31835016835016838 3.0500000000000003 1.05280585569885 0.30396078431372547 0.19367341835458868 1.0626965408805036 4.1125000000000007 2.0625000000000004 1.1000000000000003
decision_type=2 2 2 2 2 2 2 2 2 2
left_child=7 4 3 -3 5 -2 -4 8 9 -1
right_child=1 2 6 -5 -6 -7 -8 -9 -10 -11
leaf_value=5.0249754111095669e-07 -0.00088661457411944868 0.00026362003114717566 -0.0025895834373839107 0.0012118775868176959 -0.0017202027511029018 0.00018122068388181181 0 -0.0015461152908089874 0.0018911111374696097 0.00018419481192642412
leaf_weight=88741 350 2541 79 1046 208 1424 53 75 73 6474
leaf_count=88741 350 2541 79 1046 208 1424 53 75 73 6474
internal_value=2.56072e-05 0.000229318 0.000465657 0.000543448 -0.000209128 -2.45876e-05 -0.00155018 1.33196e-05 1.46844e-05 1.3101e-05
internal_weight=101064 5701 3719 3587 1982 1774 132 95363 95288 95215
internal_count=101064 5701 3719 3587 1982 1774 132 95363 95288 95215
is_linear=0
shrinkage=0.02


Tree=377
num_leaves=16
num_cat=0
split_feature=12 27 16 28 2 21 31 7 7 15 13 27 27 2 32
split_gain=0.561809 1.42683 1.32153 1.34594 1.12136 1.04338 0.648678 0.485376 1.00309 1.28387 0.88631 1.02884 0.749032 0.46461 0.336385
threshold=1.1000000000000003 0.37786526684164484 1.4500000000000002 3.7750000000000004 1.297058823529412 0.29285714285714287 3.190692640692641 2.3449801647848649 2.1178513071895426 0.42172772723547253 0.95000000000000007 0.56916823014383999 0.39936708860759501 0.6858552631578948 0.29166666666666669
decision_type=2 2 2 2 2 2 2 2 2 2 2 2 2 2 2
left_child=7 4 5 -4 6 -3 -2 8 13 -10 11 -9 -12 -1 -6
right_child=1 2 3 -5 14 -7 -8 10 9 -11 12 -13 -14 -15 -16
leaf_value=-6.094776521096182e-05 0.00072471710791190472 -0.0017703065016995306 -0.0034729989850893618 0.00012081736019838637 -0.0010383614125498884 0.00068358010140549363 -2.8771283818397068e-05 -0.00019745952212810516 0.0013723045219848681 -0.00049690013000382497 0.0022353350975603428 0.00086868493099928851 0.00042142612544389868 4.3308651755228433e-05 0.00024392728472039812
leaf_weight=22988 538 67 62 105 519 2844 2844 1248 152 2441 157 504 258 66255 82
leaf_count=22988 538 67 62 105 519 2844 2844 1248 152 2441 157 504 258 66255 82
internal_value=2.50963e-05 0.000197217 0.000520771 -0.00117955 -5.04472e-05 0.000622492 8.84941e-05 1.20572e-05 4.96222e-06 -0.000382502 0.000307847 0.000104179 0.00113906 1.63405e-05 -0.000846594
internal_weight=101064 7061 3078 167 3983 2911 3382 94003 91836 2593 2167 1752 415 89243 601
internal_count=101064 7061 3078 167 3983 2911 3382 94003 91836 2593 2167 1752 415 89243 601
is_linear=0
shrinkage=0.02


Tree=378
num_leaves=13
num_cat=0
split_feature=37 27 27 31 31 27 12 27 4 28 4 7
split_gain=0.600335 1.42167 1.28728 0.916881 0.878683 0.775066 0.413657 1.30556 1.32875 1.09862 0.483032 0.498886
threshold=128.50000000000003 0.31835016835016838 0.30396078431372547 4.0912291933418699 3.8338852097130247 0.19367341835458868 1.1000000000000003 0.37786526684164484 4.7750000000000012 3.6333333333333337 4.3000000000000016 1.6656118143459919
decision_type=2 2 2 2 2 2 2 2 2 2 2 2
left_child=6 2 5 4 -3 -2 10 9 -9 -8 11 -1
right_child=1 3 -4 -5 -6 -7 7 8 -10 -11 -12 -13
leaf_value=2.7812512896779976e-05 -0.00086930860849944035 0.00028407880117597018 -0.0016864602892171768 -0.0015353114225647665 0.00095773012202403265 0.00017772292177523335 0.00036765099228548177 0.00057228166690306544 -0.0018625826233035917 -0.00034028188324678799 0.0016861143905450315 -8.0531861384883051e-05
leaf_weight=65804 350 2453 208 86 1180 1424 1382 2735 89 2368 66 22919
leaf_count=65804 350 2453 208 86 1180 1424 1382 2735 89 2368 66 22919
internal_value=2.45962e-05 0.000224026 -0.000205 0.000455346 0.000506039 -2.39661e-05 1.25645e-05 0.000165633 0.000490743 -7.66629e-05 1.11515e-06 -6.35736e-08
internal_weight=101064 5701 1982 3719 3633 1774 95363 6574 2824 3750 88789 88723
internal_count=101064 5701 1982 3719 3633 1774 95363 6574 2824 3750 88789 88723
is_linear=0
shrinkage=0.02


Tree=379
num_leaves=13
num_cat=0
split_feature=12 22 30 19 7 26 2 5 4 2 19 5
split_gain=0.52052 1.54643 1.1661 2.09626 1.22309 0.716042 0.675529 0.664613 0.53063 0.416339 0.915457 0.680897
threshold=1.1000000000000003 1.2649122807017545 3.4330357142857149 0.41392780172413796 2.0836513994910946 0.39444444444444454 0.88562091503267981 2.8660714285714293 4.3000000000000016 0.6858552631578948 0.41392780172413796 1.8660714285714286
decision_type=2 2 2 2 2 2 2 2 2 2 2 2
left_child=8 2 4 -4 -2 6 -3 -7 9 11 -11 -1
right_child=1 5 3 -5 -6 7 -8 -9 -10 10 -12 -13
leaf_value=-4.8715747365068937e-05 0.00082104898869122156 -0.00057085214317708776 -0.0011543234000945914 9.9083567700917349e-05 -0.0006967982348160222 0.0023306671790935822 0.0011893372389453428 0 0.0016719376886045779 0.00014707570190199693 -1.1430075585697639e-05 -0.00089242568291971445
leaf_weight=22754 1301 136 607 4270 245 235 214 53 75 20461 50324 389
leaf_count=22754 1301 136 607 4270 245 235 214 53 75 20461 50324 389
internal_value=2.41034e-05 0.000189781 9.46334e-05 -5.52773e-05 0.000573461 0.00112876 0.000477611 0.00187685 1.15484e-05 1.00806e-05 3.42489e-05 -6.34052e-05
internal_weight=101064 7061 6423 4877 1546 638 350 288 94003 93928 70785 23143
internal_count=101064 7061 6423 4877 1546 638 350 288 94003 93928 70785 23143
is_linear=0
shrinkage=0.02


Tree=380
num_leaves=10
num_cat=0
split_feature=7 3 15 11 22 19 14 19 1
split_gain=0.599169 0.607559 1.07137 1.12899 1.01351 1.26423 0.882559 0.632822 0.370549
threshold=4.041666666666667 0.82156699889258034 0.70847130242825618 0.21901286061870004 0.70294117647058829 0.85767590618336897 0.64852941176470602 1.2071428571428573 1.2928571428571431
decision_type=2 2 2 2 2 2 2 2 2
left_child=1 2 3 -1 5 -3 -4 -6 -2
right_child=8 4 6 -5 7 -7 -8 -9 -10
leaf_value=3.3964993506914984e-05 0.0022811892669494837 1.6971359754378835e-05 0.00017250878619669673 0.00055137158516567388 -0.00011531585414467943 0.00078260287212955442 -0.00097767054811929879 -0.0013550316234548648 7.8567870789104027e-05
leaf_weight=37101 71 20709 397 1770 39172 900 734 165 70
leaf_count=37101 71 20709 397 1770 39172 900 734 165 70
internal_value=-1.85733e-05 -2.0503e-05 3.99085e-05 5.78096e-05 -6.03182e-05 4.93916e-05 -0.00056552 -0.000120839 0.00127401
internal_weight=101089 100948 40002 38871 60946 21609 1131 39337 141
internal_count=101089 100948 40002 38871 60946 21609 1131 39337 141
is_linear=0
shrinkage=0.02


Tree=381
num_leaves=15
num_cat=0
split_feature=2 2 3 19 2 2 2 21 27 3 22 2 37 18
split_gain=0.691882 0.965278 1.14086 1.03135 0.866819 0.819645 0.786003 0.643158 0.901607 0.870793 0.569646 0.509708 0.481782 0.48146
threshold=0.77350427350427364 1.0250000000000001 0.82156699889258034 0.72100933396614464 0.6858552631578948 0.55277777777777792 0.59411764705882364 0.5277777777777779 0.51171946529939583 1.2093808925204275 0.8377192982456142 0.75735294117647067 69.500000000000014 0.54195804195804198
decision_type=2 2 2 2 2 2 2 2 2 2 2 2 2 2
left_child=4 2 3 -2 5 12 -7 9 -9 -3 -4 13 -1 -6
right_child=1 7 10 -5 11 6 -8 8 -10 -11 -12 -13 -14 -15
leaf_value=1.989643147703236e-05 8.2838062116414953e-05 0.00032308705098542211 -9.022674681162674e-05 -0.0015142388769039295 0.00022573191602198094 -0.0012962077445342762 -0.00012769666360078357 -8.1145568823284207e-05 0.00027803740076965549 -0.00021746669405777204 -0.00027885006303772513 0.0018701388604111142 0.0003227737470312467 -7.7233613769369812e-05
leaf_weight=10426 9802 5245 11779 162 10957 236 10180 17626 3315 1518 14578 70 2657 2538
leaf_count=10426 9802 5245 11779 162 10957 236 10180 17626 3315 1518 14578 70 2657 2538
internal_value=-1.81913e-05 -5.80737e-05 -0.000125947 5.55699e-05 5.04317e-05 -2.26786e-05 -0.000155376 3.05531e-05 -2.37876e-05 0.00020025 -0.000194947 0.000177804 8.22113e-05 0.000168009
internal_weight=101089 64025 36321 9964 37064 23499 10416 27704 20941 6763 26357 13565 13083 13495
internal_count=101089 64025 36321 9964 37064 23499 10416 27704 20941 6763 26357 13565 13083 13495
is_linear=0
shrinkage=0.02


Tree=382
num_leaves=8
num_cat=0
split_feature=7 8 10 29 7 15 1
split_gain=0.578255 0.597542 0.513292 0.500623 0.645775 0.456296 0.3546
threshold=4.041666666666667 0.90000000000000013 0.44722222222222224 4.3166666666666673 1.8246518357750048 0.41565737633153371 1.2928571428571431
decision_type=2 2 2 2 2 2 2
left_child=1 3 -3 5 -5 -1 -2
right_child=6 2 -4 4 -6 -7 -8
leaf_value=3.7411700851048127e-05 0.0022377364561982352 -0.0024058897449420048 0 -2.4966698496901562e-05 -0.00071580185607826336 -4.9228450606227892e-05 7.8907907009124757e-05
leaf_weight=43425 71 76 56 1365 931 55095 70
leaf_count=43425 71 76 56 1365 931 55095 70
internal_value=-1.78277e-05 -1.97252e-05 -0.0013554 -1.78503e-05 -0.000309823 -1.09383e-05 0.001252
internal_weight=101089 100948 132 100816 2296 98520 141
internal_count=101089 100948 132 100816 2296 98520 141
is_linear=0
shrinkage=0.02


Tree=383
num_leaves=15
num_cat=0
split_feature=2 2 3 10 2 24 2 30 10 19 1 2 37 18
split_gain=0.654984 0.934524 1.09111 1.24355 0.835274 0.790509 0.901109 0.891461 0.679979 1.06448 0.782465 0.489912 0.472 0.461535
threshold=0.77350427350427364 1.0250000000000001 0.82156699889258034 1.0000000180025095e-35 0.6858552631578948 0.45000000000000007 0.64495798319327746 2.8480769230769236 0.10263157894736842 0.85767590618336897 0.78888888888888908 0.75735294117647067 79.500000000000014 0.54195804195804198
decision_type=2 2 2 2 2 2 2 2 2 2 2 2 2 2
left_child=4 2 3 -2 5 6 -1 -7 9 -3 -10 13 -4 -6
right_child=1 8 12 -5 11 7 -8 -9 10 -11 -12 -13 -14 -15
leaf_value=0.00010721578908108386 -0.00053467785621415926 0.00011829284092730678 -0.00025266336628359008 0.00013980565411742983 0.00022123115776457352 -0.00076794828459245514 -0.00021960948645808888 -9.8640843361124593e-05 -0.00079896502864004965 0.0012202005560606555 -2.1445023288539786e-05 0.0018337455516060194 -7.3227537130670883e-05 -7.5339031090417246e-05
leaf_weight=14797 1245 10184 17175 8719 10957 1071 4359 3272 534 364 16622 70 9182 2538
leaf_count=14797 1245 10184 17175 8719 10957 1071 4359 3272 534 364 16622 70 9182 2538
internal_value=-1.74703e-05 -5.62769e-05 -0.000123063 5.44353e-05 4.92945e-05 -2.24667e-05 3.23087e-05 -0.000266274 3.09239e-05 0.00015749 -4.63193e-05 0.00017433 -0.000190543 0.000164712
internal_weight=101089 64025 36321 9964 37064 23499 19156 4343 27704 10548 17156 13565 26357 13495
internal_count=101089 64025 36321 9964 37064 23499 19156 4343 27704 10548 17156 13565 26357 13495
is_linear=0
shrinkage=0.02


Tree=384
num_leaves=10
num_cat=0
split_feature=7 16 26 19 22 19 37 19 1
split_gain=0.55612 0.569126 0.751022 1.18103 0.792618 0.495541 0.836066 0.828402 0.34073
threshold=4.041666666666667 0.90000000000000013 0.6132478632478634 0.84946956432176346 1.4868421052631582 0.66046390860308135 144.50000000000003 0.63497856563550004 1.2928571428571431
decision_type=2 2 2 2 2 2 2 2 2
left_child=1 5 3 -3 -4 7 -7 -1 -2
right_child=8 2 4 -5 -6 6 -8 -9 -10
leaf_value=1.8590268394408497e-06 0.0021945832935098102 -0.0003218689665583112 0.00035997559089352357 0.00036340645574566374 -0.0017882436492913207 -0.00018047016648907652 0.001176696709640648 0.00041774956786401891 7.5313713815477161e-05
leaf_weight=80348 71 7627 1421 1144 69 8195 182 1962 70
leaf_count=80348 71 7627 1421 1144 69 8195 182 1962 70
internal_value=-1.71245e-05 -1.89873e-05 -0.000160167 -0.000231286 0.000251528 -2.89968e-06 -0.000149517 1.19039e-05 0.00122816
internal_weight=101089 100948 10261 8771 1490 90687 8377 82310 141
internal_count=101089 100948 10261 8771 1490 90687 8377 82310 141
is_linear=0
shrinkage=0.02


Tree=385
num_leaves=12
num_cat=0
split_feature=13 18 30 5 35 3 25 29 27 27 26
split_gain=0.444331 0.703451 0.834313 0.77651 0.934766 0.804267 0.567177 1.08151 0.732469 0.56711 0.453837
threshold=0.88194444444444453 0.26969696969696971 3.0954545454545461 1.6458333333333337 0.14672782874617732 0.78596059113300509 1.2250000000000003 3.1547619047619051 1.5357142857142858 0.34070004070004073 0.59411764705882364
decision_type=2 2 2 2 2 2 2 2 2 2 2
left_child=6 2 -2 4 -3 -5 8 -8 10 -4 -1
right_child=1 3 9 5 -6 -7 7 -9 -10 -11 -12
leaf_value=-2.1286806888856533e-06 0.00041346943261576631 0.00021406905029513812 -0.0010202002684386929 -0.00071414737832637635 0.0022619670235885765 -8.4579151031399563e-05 3.1537786126136782e-05 -0.0034500237324021077 0.0020450929856636155 -0.0034530458052953084 0.00015307274282352754
leaf_weight=82311 100 675 176 911 104 7984 86 53 69 58 8282
leaf_count=82311 100 675 176 911 104 7984 86 53 69 58 8282
internal_value=-2.26478e-06 -0.000128809 -0.00103156 -9.64006e-05 0.000505369 -0.000150328 1.15752e-05 -0.00125515 1.36552e-05 -0.00168974 1.19525e-05
internal_weight=100809 10008 334 9674 779 8895 90801 139 90662 234 90593
internal_count=100809 10008 334 9674 779 8895 90801 139 90662 234 90593
is_linear=0
shrinkage=0.02


Tree=386
num_leaves=13
num_cat=0
split_feature=9 34 21 24 2 28 28 6 28 2 0 6
split_gain=0.491786 0.875913 0.865991 0.86215 1.22061 0.999702 0.75373 0.670057 0.454751 0.786667 0.508119 0.248818
threshold=0.31666666666666671 0.05131578947368421 0.31666666666666671 0.63333333333333341 0.94868421052631591 4.291666666666667 3.7750000000000004 3.0634615384615391 2.291666666666667 0.78759398496240618 0.90000000000000013 2.5527777777777785
decision_type=2 2 2 2 2 2 2 2 2 2 2 2
left_child=7 2 11 5 -5 -3 -4 8 10 -10 -1 -2
right_child=1 3 6 4 -6 -7 -8 -9 9 -11 -12 -13
leaf_value=-0.0002241557127510434 -0.00073241788432711649 -0.00095699833206218572 -0.00025053807916319154 -0.0016527480043862996 0.00092776550425857792 0.00039373706375795694 0.00030064074369018427 0.0015837518401719906 9.6892245147573201e-05 -2.6654680944233887e-05 0.00078169676791695715 -0.0026573321554395892
leaf_weight=4712 103 1321 1819 93 303 250 2164 106 32033 57649 204 52
leaf_count=4712 103 1321 1819 93 303 250 2164 106 32033 57649 204 52
internal_value=-2.21893e-06 -0.000176252 -8.56082e-06 -0.00052358 0.00029135 -0.000735465 4.64136e-05 8.89784e-06 6.99401e-06 1.7364e-05 -0.000180081 -0.00146751
internal_weight=100809 6105 4138 1967 396 1571 3983 94704 94598 89682 4916 155
internal_count=100809 6105 4138 1967 396 1571 3983 94704 94598 89682 4916 155
is_linear=0
shrinkage=0.02


Tree=387
num_leaves=14
num_cat=0
split_feature=4 16 22 3 4 19 19 24 19 9 4 6 26
split_gain=0.610744 1.03599 1.0544 1.33583 1.08249 0.719619 1.25447 0.866832 0.681899 0.463902 0.77253 0.633285 0.384299
threshold=0.29166666666666669 1.0000000180025095e-35 1.2124060150375942 0.85762548262548266 0.55000000000000016 0.65724275724275738 0.5930633520449079 0.36666666666666675 0.42124060150375936 0.31666666666666671 1.7750000000000001 3.1214285714285719 0.2817460317460318
decision_type=2 2 2 2 2 2 2 2 2 2 2 2 2
left_child=5 2 4 -4 -2 6 8 -8 -1 11 -11 -3 -7
right_child=1 9 3 -5 -6 12 7 -9 -10 10 -12 -13 -14
leaf_value=-7.6370425222935546e-05 0.00055802606332454763 3.1266026433481661e-07 0.001483004781308475 -2.2904882087805582e-05 2.6590842283529443e-06 0 -0.00015149399845136536 0.0025474976343021062 -0.00056942079266942484 -0.00072061424789962635 -8.2446149491662555e-05 0.0017276978983598599 -0.0020274094186087913
leaf_weight=4353 1872 79865 553 387 5743 50 70 112 1541 900 5153 83 127
leaf_count=4353 1872 79865 553 387 5743 50 70 112 1541 900 5153 83 127
internal_value=-2.17551e-06 1.03851e-05 0.000220308 0.000853671 0.000140609 -0.000193655 -0.000154936 0.00146471 -0.000207125 -1.03854e-05 -0.000179191 2.27424e-06 -0.00145033
internal_weight=100809 94556 8555 940 7615 6253 6076 182 5894 86001 6053 79948 177
internal_count=100809 94556 8555 940 7615 6253 6076 182 5894 86001 6053 79948 177
is_linear=0
shrinkage=0.02


Tree=388
num_leaves=13
num_cat=0
split_feature=9 34 23 24 2 28 34 17 28 25 27 29
split_gain=0.453758 0.842142 1.00086 0.826867 1.17266 0.959654 0.810985 0.663158 0.523097 0.503197 0.79766 0.491753
threshold=0.31666666666666671 0.05131578947368421 0.69255907491201618 0.63333333333333341 0.94868421052631591 4.291666666666667 1.0000000180025095e-35 1.3166666666666669 2.9000000000000004 1.2250000000000003 1.5357142857142858 3.0500000000000003
decision_type=2 2 2 2 2 2 2 2 2 2 2 2
left_child=7 2 8 5 -5 -3 -4 9 -2 10 -1 -11
right_child=1 3 6 4 -6 -7 -8 -9 -10 11 -12 -13
leaf_value=6.7999653078723759e-06 0.0010564939601946685 -0.00093451097742770534 -7.3390607193950976e-05 -0.0016167594476750023 0.00091209984118821195 0.00038846559645164578 0.00058223346048038942 0.0016791353037482815 -0.00084686389476505686 0 0.0021431172319820949 -0.0025462775201093957
leaf_weight=94428 57 1321 2308 93 303 250 1105 93 668 56 68 59
leaf_count=94428 57 1321 2308 93 303 250 1105 93 668 56 68 59
internal_value=-2.13056e-06 -0.000169303 -4.84675e-06 -0.000509836 0.000287935 -0.000717396 0.000136164 8.54379e-06 -0.000680971 6.76049e-06 8.48842e-06 -0.00130349
internal_weight=100809 6105 4138 1967 396 1571 3413 94704 725 94611 94496 115
internal_count=100809 6105 4138 1967 396 1571 3413 94704 725 94611 94496 115
is_linear=0
shrinkage=0.02


Tree=389
num_leaves=13
num_cat=0
split_feature=4 17 4 14 30 30 37 23 20 9 18 31
split_gain=0.588119 0.919225 1.42664 1.90375 0.62698 0.638582 0.620134 0.517871 1.25956 0.828568 0.453787 0.413757
threshold=0.29166666666666669 1.0000000180025095e-35 0.55000000000000016 0.29705882352941176 4.1937500000000005 3.3038461538461541 131.50000000000003 0.69614048150905938 1.0000000180025095e-35 0.31666666666666671 0.06904761904761901 3.4149939783219594
decision_type=2 2 2 2 2 2 2 2 2 2 2 2
left_child=4 2 3 -2 5 11 -7 9 -9 -3 -4 -1
right_child=1 7 10 -5 -6 6 -8 8 -10 -11 -12 -13
leaf_value=-0.00012011911153248308 0.00044822481166232719 -4.8841147149327441e-05 -0.00037906120028474065 0.003316882632722791 0.0019790734236056992 -0.00040998841590176785 -0.0019543169024197954 0.0012094170530198029 2.5672426877069857e-05 -0.00062057036048961134 0.00043453408051651531 0.00069443705802162484
leaf_weight=3935 273 25905 437 147 50 1893 113 360 65672 1058 704 262
leaf_count=3935 273 25905 437 147 50 1893 113 360 65672 1058 704 262
internal_value=-2.08114e-06 1.02428e-05 0.000491267 0.00148691 -0.000189982 -0.00020971 -0.000503822 2.05047e-06 3.2314e-05 -7.16904e-05 0.000114062 -6.65819e-05
internal_weight=100809 94556 1561 420 6253 6203 2006 92995 66032 26963 1141 4197
internal_count=100809 94556 1561 420 6253 6203 2006 92995 66032 26963 1141 4197
is_linear=0
shrinkage=0.02


Tree=390
num_leaves=9
num_cat=0
split_feature=0 34 32 15 3 15 27 13
split_gain=0.509476 0.501814 0.784845 0.912516 0.726762 0.937525 0.792382 0.618027
threshold=2.5500000000000003 0.17914438502673799 1.0000000180025095e-35 0.41898326898326904 1.1094320255474455 0.37459677419354848 0.18770973154362416 1.0500000000000003
decision_type=2 2 2 2 2 2 2 2
left_child=1 2 7 -4 5 -3 -6 -1
right_child=-2 4 3 -5 6 -7 -8 -9
leaf_value=-5.5482626638302063e-06 0.0018230553899632126 -4.9582285473073038e-05 1.7962778030913538e-05 -0.0002807348689827629 0.00087365200720637682 0.00032950145334472423 -0.00030551593741252197 0.00030054920967199748
leaf_weight=68319 59 4232 7314 9113 247 6634 2360 2741
leaf_count=68319 59 4232 7314 9113 247 6634 2360 2741
internal_value=-3.74557e-06 -4.94828e-06 -2.25416e-05 -0.000147147 0.000108538 0.000180957 -0.000189379 6.12625e-06
internal_weight=101019 100960 87487 16427 13473 10866 2607 71060
internal_count=101019 100960 87487 16427 13473 10866 2607 71060
is_linear=0
shrinkage=0.02


Tree=391
num_leaves=9
num_cat=0
split_feature=0 34 32 3 3 11 27 23
split_gain=0.489956 0.481837 0.753645 0.917255 0.697696 1.02932 0.761378 0.434791
threshold=2.5500000000000003 0.17914438502673799 1.0000000180025095e-35 1.1155154369440086 1.1094320255474455 0.060292895720814262 0.18770973154362416 1.0912061794414736
decision_type=2 2 2 2 2 2 2 2
left_child=1 2 7 -4 5 -3 -6 -1
right_child=-2 4 3 -5 6 -7 -8 -9
leaf_value=-1.7481482776736222e-05 0.0017877897840054308 -0.00011003036096022765 -0.00020170160343225386 0.00024448902509708443 0.00085631929308056353 0.00030850406317127412 -0.0002994107882745381 0.00010966785655575684
leaf_weight=57859 59 3382 14333 2094 247 7484 2360 13201
leaf_count=57859 59 3382 14333 2094 247 7484 2360 13201
internal_value=-3.66563e-06 -4.84698e-06 -2.20884e-05 -0.000144193 0.000106355 0.00017732 -0.000185506 6.00108e-06
internal_weight=101019 100960 87487 16427 13473 10866 2607 71060
internal_count=101019 100960 87487 16427 13473 10866 2607 71060
is_linear=0
shrinkage=0.02


Tree=392
num_leaves=8
num_cat=0
split_feature=17 31 19 18 5 5 11
split_gain=0.421854 0.678538 0.61406 0.605742 0.675501 0.530753 0.330135
threshold=1.3541666666666667 3.766294453210342 0.99425287356321845 1.2361111111111114 3.7250000000000005 3.2678571428571432 0.21070533476548511
decision_type=2 2 2 2 2 2 2
left_child=3 -2 -3 4 5 -1 -6
right_child=1 2 -4 -5 6 -7 -8
leaf_value=-2.9136640679912466e-06 0.0019218370419437603 -0.0016425074123945394 0.0011418090760707854 -0.0018930182868943496 -9.4548234196959951e-06 -0.00056293056201725067 0.0015850076191830185
leaf_weight=99820 116 59 62 66 59 680 157
leaf_count=99820 116 59 62 66 59 680 157
internal_value=-3.5873e-06 0.000835396 -0.000139164 -5.67602e-06 -4.30238e-06 -6.81346e-06 0.00110752
internal_weight=101019 237 121 100782 100716 100500 216
internal_count=101019 237 121 100782 100716 100500 216
is_linear=0
shrinkage=0.02


Tree=393
num_leaves=9
num_cat=0
split_feature=0 34 3 11 19 15 23 3
split_gain=0.468066 0.463008 0.668541 0.989251 0.753741 0.589049 1.01638 0.879296
threshold=2.5500000000000003 0.17914438502673799 1.1094320255474455 0.060292895720814262 0.89239040529363123 0.4119634340222576 0.70915538362346886 1.0313730314960632
decision_type=2 2 2 2 2 2 2 2
left_child=1 5 3 -3 -4 6 -1 -7
right_child=-2 2 4 -5 -6 7 -8 -9
leaf_value=-8.878385395351823e-05 0.0017474588141089581 -0.00010785170154861806 -0.00032096608312701883 0.00030241916103936951 0.00065421755742895728 -0.00012127080942648815 0.00012406149529779024 6.1034351763394772e-05
leaf_weight=14949 59 3382 2245 7484 362 35138 22340 15060
leaf_count=14949 59 3382 2245 7484 362 35138 22340 15060
internal_value=-3.51732e-06 -4.67422e-06 0.000104331 0.000173807 -0.000181324 -2.15774e-05 3.84644e-05 -6.63776e-05
internal_weight=101019 100960 13473 10866 2607 87487 37289 50198
internal_count=101019 100960 13473 10866 2607 87487 37289 50198
is_linear=0
shrinkage=0.02


Tree=394
num_leaves=10
num_cat=0
split_feature=32 34 34 32 31 27 31 31 27
split_gain=0.467999 0.481812 0.49655 0.424074 0.368878 0.354183 0.337188 0.441655 0.213107
threshold=0.90000000000000013 0.55277777777777792 0.46410256410256417 1.0000000180025095e-35 3.8316310578426269 0.45748157418995966 3.4784466740988482 3.9245929180666845 0.40501098441259548
decision_type=2 2 2 2 2 2 2 2 2
left_child=1 2 3 -1 8 -4 -2 -8 -3
right_child=6 4 5 -5 -6 -7 7 -9 -10
leaf_value=1.7775519405023655e-05 0.0022212558359869065 -0.00066847849757440628 0.0011135496369587101 -7.5953669278563339e-05 0.0001517591396203408 -0.00010188981890678406 -0.00061863230613919042 0.0015765375036459702 -0.0027676400599571378
leaf_weight=74194 60 60 269 26072 50 126 75 63 50
leaf_count=74194 60 60 269 26072 50 126 75 63 50
internal_value=-3.44212e-06 -5.45793e-06 -3.60424e-06 -6.49802e-06 -0.0010955 0.000702091 0.000962791 0.000320288 -0.00174431
internal_weight=101019 100821 100661 100266 160 395 198 138 110
internal_count=101019 100821 100661 100266 160 395 198 138 110
is_linear=0
shrinkage=0.02


Tree=395
num_leaves=15
num_cat=0
split_feature=3 37 5 13 29 22 26 30 26 3 37 5 34 22
split_gain=0.580442 0.727628 0.777003 0.845236 0.71823 1.71706 0.931498 0.759499 0.692483 0.786657 0.716388 0.602179 0.567314 0.354356
threshold=1.0161945974298454 120.50000000000001 3.0500000000000003 0.38750000000000007 3.8660714285714293 0.54772727272727284 0.3550420168067227 4.0954545454545466 0.69615384615384623 1.1433239962651729 10.500000000000002 1.7638888888888891 0.17914438502673799 0.8973684210526317
decision_type=2 2 2 2 2 2 2 2 2 2 2 2 2 2
left_child=4 8 3 -3 7 6 -6 12 9 -2 -10 -7 -1 -4
right_child=1 2 13 -5 5 11 -8 -9 10 -11 -12 -13 -14 -15
leaf_value=-5.7320112463610688e-06 0.00019112355847888081 -7.9917531914827303e-05 -4.770692912015048e-05 0.00066111847504599541 -0.00056018823484835104 -0.00019377809404185303 -0.0019818239138393329 0.0015951087289169186 0.0007014873623847962 -6.2031657573986449e-05 -0.00059415561078015754 8.84796583185009e-05 0.00019100424675597171 -0.0019571613081514018
leaf_weight=56150 11978 818 108 2230 776 7308 257 120 194 8240 1091 5098 6535 71
leaf_count=56150 11978 818 108 2230 776 7308 257 120 194 8240 1091 5098 6535 71
internal_value=1.67899e-05 0.00010102 0.000381531 0.000459044 -1.04013e-05 -0.000143173 -0.000926685 1.78536e-05 5.84271e-05 8.74577e-05 -0.000389993 -7.69884e-05 1.46239e-05 -0.000873594
internal_weight=100974 24730 3227 3048 76244 13439 1033 62805 21503 20218 1285 12406 62685 179
internal_count=100974 24730 3227 3048 76244 13439 1033 62805 21503 20218 1285 12406 62685 179
is_linear=0
shrinkage=0.02


Tree=396
num_leaves=14
num_cat=0
split_feature=27 26 27 29 18 29 12 22 23 23 5 30 37
split_gain=0.589501 0.866085 1.15572 0.804774 0.581445 0.957354 0.677389 0.673936 0.550756 0.904696 0.634438 0.488865 0.450481
threshold=0.14093535572408813 0.2124060150375939 0.10033557046979867 1.3166666666666669 0.86190476190476206 4.0500000000000007 0.36666666666666675 1.2752525252525253 1.9722222222222225 1.6726190476190479 0.73214285714285732 3.7947368421052636 101.50000000000001
decision_type=2 2 2 2 2 2 2 2 2 2 2 2 2
left_child=1 3 11 -1 8 6 -6 -7 9 -2 -10 -3 -5
right_child=4 2 -4 12 5 7 -8 -9 10 -11 -12 -13 -14
leaf_value=0.00065181417386382472 4.3712107211185389e-05 0.00026770829516878326 -0.0010509286257235901 -0.00020159585325533178 0.0006695724833037487 -0.00059949789335602831 -0.00019189864575965124 -0.0025841683335602285 0.00084909757971763614 0.0013888278900094292 -0.0015240709918938325 0.0011157721139926434 -0.0010287439137054003
leaf_weight=429 85273 1377 228 9522 459 800 1747 78 53 199 176 357 276
leaf_count=429 85273 1377 228 9522 459 800 1747 78 53 199 176 357 276
internal_value=1.64454e-05 -0.000113776 0.000268848 -0.000188196 3.44378e-05 -0.000234766 -7.68017e-06 -0.000792649 4.42472e-05 4.69933e-05 -0.000928936 0.000449154 -0.000226121
internal_weight=100974 12189 1962 10227 88785 3084 2206 878 85701 85472 229 1734 9798
internal_count=100974 12189 1962 10227 88785 3084 2206 878 85701 85472 229 1734 9798
is_linear=0
shrinkage=0.02


Tree=397
num_leaves=14
num_cat=0
split_feature=15 20 3 13 25 3 28 22 32 34 22 29 3
split_gain=0.729529 1.13452 1.18809 1.01818 0.710952 0.693328 0.840839 0.842659 0.840599 0.797193 0.767971 0.713588 0.506286
threshold=0.70847130242825618 1.6333333333333335 1.188745217047104 0.78888888888888908 1.2250000000000003 1.0313730314960632 3.7750000000000004 0.53137254901960795 0.55000000000000016 0.17914438502673799 0.18465909090909091 4.3875000000000011 0.98006622516556308
decision_type=2 2 2 2 2 2 2 2 2 2 2 2 2
left_child=5 4 3 -3 12 6 9 -8 10 -1 -7 -10 -2
right_child=1 2 -4 -5 -6 8 7 -9 11 -11 -12 -13 -14
leaf_value=2.4780809746807194e-05 -0.00035337736263475999 -0.0024921147230098834 0.0013620847936660523 -0.00039735355259229742 0.0020417330817120976 -0.0010398031298869423 -0.00047720524186302448 -5.4606552789347885e-05 0.001150794076686465 0.00028394796066182076 0.00013448266165652572 -0.00071013708036024494 -1.65497614227849e-05
leaf_weight=45209 2562 210 61 190 59 222 2080 21447 535 5322 16883 89 6105
leaf_count=45209 2562 210 61 190 59 222 2080 21447 535 5322 16883 89 6105
internal_value=1.61137e-05 -0.000153596 -0.00112054 -0.00152891 -0.000101121 3.32119e-05 6.17482e-06 -9.24305e-05 0.000145574 5.22847e-05 0.000118538 0.000867978 -0.000117329
internal_weight=100974 9187 461 400 8726 91787 74058 23527 17729 50531 17105 624 8667
internal_count=100974 9187 461 400 8726 91787 74058 23527 17729 50531 17105 624 8667
is_linear=0
shrinkage=0.02


Tree=398
num_leaves=14
num_cat=0
split_feature=15 20 13 25 13 15 23 35 37 22 37 37 26
split_gain=0.700797 1.08975 0.889851 0.683772 0.618659 1.24538 1.03673 0.500931 1.15519 0.954984 0.362411 0.334242 0.290137
threshold=0.70847130242825618 1.6333333333333335 0.78888888888888908 1.2250000000000003 1.267857142857143 0.49838709677419363 0.85669642857142858 0.15969304388422031 8.5000000000000018 1.3944444444444446 149.50000000000003 7.5000000000000009 0.25657894736842107
decision_type=2 2 2 2 2 2 2 2 2 2 2 2 2
left_child=4 3 12 10 7 -6 -7 9 -9 -1 -2 -4 -3
right_child=1 2 11 -5 5 6 -8 8 -10 -11 -12 -13 -14
leaf_value=-5.9016542694045419e-06 -0.00010207045653118337 -0.00058278755499766423 -0.0013972894691709262 0.0020022373072436598 -0.0014983328483825506 0 0.0018718309505668211 0.00069155102018185575 7.7546368612861256e-05 0.00034256027315289662 -0.0015584738041673387 0.00024621902844485118 -0.0024482121492574315
leaf_weight=74515 8599 63 65 59 84 218 281 1372 12036 3281 68 168 165
leaf_count=74515 8599 63 65 59 84 218 281 1372 12036 3281 68 168 165
internal_value=1.57852e-05 -0.000150545 -0.00109826 -9.90908e-05 3.25452e-05 0.000681609 0.00107305 2.82717e-05 0.000141215 8.67441e-06 -0.000115008 -0.000177707 -0.00198579
internal_weight=100974 9187 461 8726 91787 583 499 91204 13408 77796 8667 233 228
internal_count=100974 9187 461 8726 91787 583 499 91204 13408 77796 8667 233 228
is_linear=0
shrinkage=0.02


Tree=399
num_leaves=15
num_cat=0
split_feature=15 20 13 1 20 27 27 27 15 27 37 26 2 37
split_gain=0.673547 1.04816 0.855629 0.707025 0.667306 1.14548 0.979168 0.630733 0.79272 0.594869 0.492534 0.505955 0.448883 0.321534
threshold=0.70847130242825618 1.6333333333333335 0.78888888888888908 1.267857142857143 0.29166666666666669 0.31835016835016838 0.54577691811734375 0.14093535572408813 0.14339826839826839 0.43599383073067283 151.50000000000003 1.0954545454545457 0.2817460317460318 7.5000000000000009
decision_type=2 2 2 2 2 2 2 2 2 2 2 2 2 2
left_child=3 10 9 7 6 -6 -5 8 -1 -3 11 -2 -9 -4
right_child=1 2 13 4 5 -7 -8 12 -10 -11 -12 -13 -14 -15
leaf_value=0.00010320483770624429 -9.8380903725837183e-05 -0.00089955039033594059 -0.0013701778472359502 -2.9201588427373603e-05 2.2332842728367191e-05 0.00047847916407292113 -0.0017996717712708882 -0.000543641627505841 -0.00026194047320159157 -0.0031250213882298146 -0.0020275773867121285 0.0016790521307848394 3.7871407557324549e-05 0.00024135260196293102
leaf_weight=3622 8613 127 65 1288 4431 4473 138 531 6751 101 51 62 70553 168
leaf_count=3622 8613 127 65 1288 4431 4473 138 531 6751 101 51 62 70553 168
internal_value=1.54662e-05 -0.000147594 -0.00107709 3.18988e-05 0.000187821 0.000252661 -0.000209821 1.19985e-05 -0.000133481 -0.00194747 -9.71074e-05 -8.41411e-05 3.33716e-05 -0.000173498
internal_weight=100974 9187 461 91787 10330 8904 1426 81457 10373 228 8726 8675 71084 233
internal_count=100974 9187 461 91787 10330 8904 1426 81457 10373 228 8726 8675 71084 233
is_linear=0
shrinkage=0.02


end of trees

feature_importances:
BB_season_avg=547
games_played=313
AB_season_avg=305
BB_L20=290
AB_L20=266
HR_season_avg=248
SO_season_avg=220
TB_season_avg=202
H_season_avg=184
R_season_avg=177
RBI_season_avg=176
H_L20=170
SB_season_avg=164
SO_L20=154
AB_L10=149
TB_L20=144
BB_L10=135
TB_L5=127
AB_L5=117
R_L20=112
RBI_L20=107
SO_L10=107
TB_L10=101
BB_L5=98
HR_L20=97
RBI_L5=90
RBI_L10=74
H_L10=63
H_L5=60
R_L10=58
HR_L5=54
SB_L20=53
SO_L5=49
SB_L10=46
R_L5=35
HR_L10=33
SB_L5=29
is_home=22

parameters:
[boosting: gbdt]
[objective: regression]
[metric: l2]
[tree_learner: serial]
[device_type: cpu]
[data_sample_strategy: bagging]
[data: ]
[valid: ]
[num_iterations: 400]
[learning_rate: 0.02]
[num_leaves: 25]
[num_threads: 1]
[seed: 42]
[deterministic: 0]
[force_col_wise: 0]
[force_row_wise: 0]
[histogram_pool_size: -1]
[max_depth: 4]
[min_data_in_leaf: 50]
[min_sum_hessian_in_leaf: 0.001]
[bagging_fraction: 0.7]
[pos_bagging_fraction: 1]
[neg_bagging_fraction: 1]
[bagging_freq: 5]
[bagging_seed: 400]
[bagging_by_query: 0]
[feature_fraction: 0.6]
[feature_fraction_bynode: 1]
[feature_fraction_seed: 30056]
[extra_trees: 0]
[extra_seed: 12879]
[early_stopping_round: 0]
[early_stopping_min_delta: 0]
[first_metric_only: 0]
[max_delta_step: 0]
[lambda_l1: 0.5]
[lambda_l2: 2]
[linear_lambda: 0]
[min_gain_to_split: 0.2]
[drop_rate: 0.1]
[max_drop: 50]
[skip_drop: 0.5]
[xgboost_dart_mode: 0]
[uniform_drop: 0]
[drop_seed: 17869]
[top_rate: 0.2]
[other_rate: 0.1]
[min_data_per_group: 100]
[max_cat_threshold: 32]
[cat_l2: 10]
[cat_smooth: 10]
[max_cat_to_onehot: 4]
[top_k: 20]
[monotone_constraints: ]
[monotone_constraints_method: basic]
[monotone_penalty: 0]
[feature_contri: ]
[forcedsplits_filename: ]
[refit_decay_rate: 0.9]
[cegb_tradeoff: 1]
[cegb_penalty_split: 0]
[cegb_penalty_feature_lazy: ]
[cegb_penalty_feature_coupled: ]
[path_smooth: 0]
[interaction_constraints: ]
[verbosity: -1]
[saved_feature_importance_type: 0]
[use_quantized_grad: 0]
[num_grad_quant_bins: 4]
[quant_train_renew_leaf: 0]
[stochastic_rounding: 1]
[linear_tree: 0]
[max_bin: 255]
[max_bin_by_feature: ]
[min_data_in_bin: 3]
[bin_construct_sample_cnt: 200000]
[data_random_seed: 175]
[is_enable_sparse: 1]
[enable_bundle: 1]
[use_missing: 1]
[zero_as_missing: 0]
[feature_pre_filter: 1]
[pre_partition: 0]
[two_round: 0]
[header: 0]
[label_column: ]
[weight_column: ]
[group_column: ]
[ignore_column: ]
[categorical_feature: ]
[forcedbins_filename: ]
[precise_float_parser: 0]
[parser_config_file: ]
[objective_seed: 16083]
[num_class: 1]
[is_unbalance: 0]
[scale_pos_weight: 1]
[sigmoid: 1]
[boost_from_average: 1]
[reg_sqrt: 0]
[alpha: 0.9]
[fair_c: 1]
[poisson_max_delta_step: 0.7]
[tweedie_variance_power: 1.5]
[lambdarank_truncation_level: 30]
[lambdarank_norm: 1]
[label_gain: ]
[lambdarank_position_bias_regularization: 0]
[eval_at: ]
[multi_error_top_k: 1]
[auc_mu_weights: ]
[num_machines: 1]
[local_listen_port: 12400]
[time_out: 120]
[machine_list_filename: ]
[machines: ]
[gpu_platform_id: -1]
[gpu_device_id: -1]
[gpu_use_dp: 0]
[num_gpu: 1]

end of parameters

pandas_categorical:[]
