tree
version=v4
num_class=1
num_tree_per_iteration=1
label_index=0
max_feature_idx=37
objective=regression
feature_names=H_L5 H_L10 H_L20 H_season_avg TB_L5 TB_L10 TB_L20 TB_season_avg HR_L5 HR_L10 HR_L20 HR_season_avg RBI_L5 RBI_L10 RBI_L20 RBI_season_avg R_L5 R_L10 R_L20 R_season_avg SO_L5 SO_L10 SO_L20 SO_season_avg BB_L5 BB_L10 BB_L20 BB_season_avg AB_L5 AB_L10 AB_L20 AB_season_avg SB_L5 SB_L10 SB_L20 SB_season_avg is_home games_played
feature_infos=[0:4] [0:4] [0:4] [0:5] [0:9] [0:9] [0:9] [0:9] [0:2] [0:2] [0:2] [0:2] [0:5] [0:5] [0:5] [0:6] [0:4] [0:4] [0:4] [0:4] [0:4] [0:4] [0:4] [0:5] [0:4] [0:4] [0:4] [0:4] [0:5.4000000000000004] [0:5.2000000000000002] [0:5] [0:6] [0:2] [0:2] [0:2] [0:2] [0:1] [0:162]
tree_sizes=1610 1689 1696 1690 1689 1682 1689 1695 1588 1682 1683 1684 1695 1686 1680 1696 1691 1691 1699 1680 1695 1655 1696 1689 1685 1694 1673 1677 1689 1691 1685 1693 1659 1693 1687 1674 1683 1591 1685 1663 1470 1691 1556 1679 1687 1682 1693 1689 1665 1681 1689 1691 1665 1677 1576 1686 1697 1687 1692 1676 1672 1691 1672 1496 1693 1692 1687 1590 1682 1658 1575 1676 1486 1583 1661 1382 1682 1673 1492 1582 1663 1658 1597 1686 1487 1580 1650 1668 1585 1586 1578 1567 1573 1671 1483 1586 1674 1585 1494 1506 1666 1670 1668 1407 1666 1578 1664 1458 1672 1669 1629 1681 1576 1577 1678 1471 1599 1293 1593 1302 1669 1564 1492 1576 1583 1485 1471 1584 1576 1400 1504 1405 1581 1481 1404 1215 1113 1595 1268 1403 1111 1383 1659 1580 1103 1112 818 1304 833 1279 1581 1410 1584 1400 1569 1563 1501 1578 1673 1401 1602 1594 1388 1115 1411 1558 1470 1580 1577 1100 1489 1473 1305 1664 1278 1018 1017 1292 1386 1400 1208 1118 1107 1388 1378 1354 1447 1283 1367 1280 1373 1469 1192 1180 911 1623 1658 1302 1178 1271 1197 1104 1015 1210 828 1562 1197 1001 1444 1358 626 727 724 1158 727 1283 1356 1471 1294 1279 1190 1001 912 912 909 1291 727 1107 806 1204 918 731 1003 923 827 906 1193 1011 805 1115 1109 1281 925 1495 1493 1286 1008 632 1286 1311 1373 872 966 1197 911 879 895 706 898 622 541 822 436 951 615 907 1007 905 992 739 1443 1194 1282 1382 820 723 1291 724 820 820 348 349 349 347 348 809 980 445 618 995 1292 1018 911 822 1482 692 350 439 439 716 1101 1144 1291 1277 1104 1083 1169 609 1117 531 619 787 782 537 630 635 904 907 607 537 350 447 625 626 348 619 1090 540 634 635 540 438 637 637 441 621 1089 987 816 811 440 432 345 432 346 537 447 921 824 446 448 351 350 538 351 624 732 1007 813 1014 537 705 832 810 633 731 1207 1189 1019 628 538 346 444 442 344 1103 823 1466 804 1104 1186 1225 916 1211 981 615 786 442 804 803 814 435

Tree=0
num_leaves=16
num_cat=0
split_feature=10 7 7 27 37 10 31 37 21 20 3 31 31 27 21
split_gain=38.3538 9.62857 7.67571 3.92992 3.18273 2.3801 2.36768 2.11587 1.68647 1.66051 1.30256 1.07582 1.01895 0.890326 0.664533
threshold=0.14642857142857144 1.7386875511875515 1.3754432624113477 0.57787971457696241 31.500000000000004 1.0000000180025095e-35 3.2669211195928756 34.500000000000007 0.95000000000000007 0.90000000000000013 0.9525418275418277 3.200806451612904 3.4951918631530288 0.37049987049987049 0.47222222222222227
decision_type=2 2 2 2 2 2 2 2 2 2 2 2 2 2 2
left_child=2 6 5 7 -5 12 14 -3 13 -8 -10 -7 -1 -4 -2
right_child=1 3 8 4 -6 11 9 -9 10 -11 -12 -13 -14 -15 -16
leaf_value=0.083810152898980306 0.083926997883414123 0.084967684279534481 0.084348545439200215 0.085280483218426961 0.086697388142920231 0.084101419940747019 0.084763799777178614 0.085475353958121864 0.085148671804895687 0.085140087369724768 0.084615661896242325 0.084382061893621685 0.084237480682565077 0.084674990309575232 0.08458525328058078
leaf_weight=10247 687 4898 9005 1074 1649 10738 9511 10494 3158 9436 4287 11548 2992 5236 6068
leaf_count=10247 687 4898 9005 1074 1649 10738 9511 10494 3158 9436 4287 11548 2992 5236 6068
internal_value=0.0846411 0.0850865 0.0843002 0.0854398 0.0861431 0.0841192 0.084837 0.0853145 0.0845972 0.0849518 0.0848405 0.0842464 0.0839059 0.0844693 0.0845166
internal_weight=101028 43817 57211 18115 2723 35525 25702 15392 21686 18947 7445 22286 13239 14241 6755
internal_count=101028 43817 57211 18115 2723 35525 25702 15392 21686 18947 7445 22286 13239 14241 6755
is_linear=0
shrinkage=1


Tree=1
num_leaves=16
num_cat=0
split_feature=11 11 23 31 31 26 31 10 10 31 13 15 23 11 35
split_gain=48.2164 9.97176 5.28069 3.79336 3.10357 2.7502 2.2674 2.07539 1.53128 1.00769 0.999279 0.864399 0.77094 0.75416 0.606651
threshold=0.11944992021026936 0.19063283208020049 0.74921383647798756 3.3531623175586032 3.3003759398496242 0.34166666666666673 3.3659625435540073 0.064583333333333312 0.14642857142857144 2.8238526179702657 1.3875000000000002 0.31835016835016838 0.76776695526695538 0.047782126549249807 0.030189109136477554
decision_type=2 2 2 2 2 2 2 2 2 2 2 2 2 2 2
left_child=2 6 7 9 13 -5 12 11 -6 -3 -8 -1 -2 -4 -9
right_child=1 3 4 5 8 -7 10 14 -10 -11 -12 -13 -14 -15 -16
leaf_value=-0.00087508195123130444 -0.00042066200093908624 -0.00070238492708524756 -0.00065982826696572708 0.0006123030802714385 -0.00013817958664892377 0.0011613910355110192 0.00032308215252436058 -0.00019247378339007143 0.00032691064036133858 0.00031886683034768038 0.0018363770309773237 -0.00057505455889904692 5.687468454088584e-05 -0.00032297785767396717 -0.00052284741563054518
leaf_weight=9103 2000 462 4857 5939 13805 9936 22216 4432 3554 2219 177 7191 4084 6309 4744
leaf_count=9103 2000 462 4857 5939 13805 9936 22216 4432 3554 2219 177 7191 4084 6309 4744
internal_value=9.90248e-06 0.000478135 -0.000397774 0.000839093 -0.000210319 0.000956704 0.000242536 -0.000607288 -4.23565e-05 0.000138761 0.000335653 -0.000743372 -9.855e-05 -0.000470489 -0.000364444
internal_weight=101028 47033 53995 18556 28525 15875 28477 25470 17359 2681 22393 16294 6084 11166 9176
internal_count=101028 47033 53995 18556 28525 15875 28477 25470 17359 2681 22393 16294 6084 11166 9176
is_linear=0
shrinkage=0.02


Tree=2
num_leaves=16
num_cat=0
split_feature=11 11 37 11 23 31 31 11 31 35 26 23 23 11 35
split_gain=46.3109 9.57654 6.17997 5.48274 5.07168 2.98093 2.17767 1.89331 1.23136 1.01403 0.795985 0.768573 0.740536 0.72385 0.457457
threshold=0.11944992021026936 0.19063283208020049 29.500000000000004 0.31051221961834624 0.74921383647798756 3.3003759398496242 3.3659625435540073 0.075093984962406005 2.8238526179702657 0.009049959049959002 0.4330357142857143 0.64375688867894831 0.76776695526695538 0.047782126549249807 0.018927633150226855
decision_type=2 2 2 2 2 2 2 2 2 2 2 2 2 2 2
left_child=4 6 8 -4 7 13 12 9 -3 -1 -7 -8 -2 -6 -9
right_child=1 2 3 -5 5 10 11 14 -10 -11 -12 -13 -14 -15 -16
leaf_value=-0.0005146260318536545 -0.00041225713144589618 -0.00071362125026986994 0.00094226158441480508 0.0023735464615957055 -0.00064663716560652484 -0.00011853270054298431 1.0297665056811476e-05 -0.00011424573276094474 0.00038517956755631405 -0.00083227771617601994 0.00019712290056563537 0.00037257018039782978 5.5737825538151651e-05 -0.00031652025102794581 -0.00044347874757406496
leaf_weight=6774 2000 431 11113 1197 4857 13155 2724 2635 5815 10845 4204 19669 4084 6309 5216
leaf_count=6774 2000 431 11113 1197 4857 13155 2724 2635 5815 10845 4204 19669 4084 6309 5216
internal_value=9.69862e-06 0.000468588 0.000822325 0.00108261 -0.00038984 -0.000206121 0.000237695 -0.00059517 0.000307553 -0.00071079 -4.14974e-05 0.000328953 -9.65485e-05 -0.0004611 -0.00033431
internal_weight=101028 47033 18556 12310 53995 28525 28477 25470 6246 17619 17359 22393 6084 11166 7851
internal_count=101028 47033 18556 12310 53995 28525 28477 25470 6246 17619 17359 22393 6084 11166 7851
is_linear=0
shrinkage=0.02


Tree=3
num_leaves=16
num_cat=0
split_feature=10 15 7 23 23 7 23 23 31 31 23 26 10 31 15
split_gain=34.3278 8.68184 6.85446 4.16498 3.62558 3.01124 2.38962 1.82891 1.74479 1.57522 1.16712 1.05507 0.877447 0.612235 0.561239
threshold=0.14642857142857144 0.5286169244767972 1.3754432624113477 0.67330033003300349 0.74519052904180549 2.0378073184676966 0.83793300342596122 0.50157232704402521 3.6735767991407093 3.307981492192019 1.0626965408805036 0.40588235294117653 0.06904761904761901 3.897228267827423 0.52397372742200343
decision_type=2 2 2 2 2 2 2 2 2 2 2 2 2 2 2
left_child=2 6 4 11 12 -5 13 14 -8 -6 -9 -3 -1 -2 -4
right_child=1 3 7 5 9 -7 8 10 -10 -11 -12 -13 -14 -15 -16
leaf_value=-0.00078324967718734122 -0.00017448014637374068 -0.00013994813966442343 -0.00069513979906399401 0.00067376238028970365 -0.00046461423880675673 0.0012536339030144014 0.00012176695649498073 -4.0064024372373837e-05 0.00061407900987252382 -9.9118810135680473e-05 0.00035293013746763731 0.00052834254939381669 -0.00042584823062701254 0.00029759129884211023 -6.1542055742469371e-05
leaf_weight=12667 7767 2469 1961 13818 10310 4931 7162 15124 4890 8847 3768 1515 3701 1265 833
leaf_count=12667 7767 2469 1961 13818 10310 4931 7162 15124 4890 8847 3768 1515 3701 1265 833
internal_value=9.49878e-06 0.000430845 -0.000313032 0.000702057 -0.000484086 0.00082692 0.000137908 -3.23409e-05 0.000322417 -0.000296373 3.78183e-05 0.000111812 -0.00070311 -0.000107205 -0.000509995
internal_weight=101028 43817 57211 22733 35525 18749 21084 21686 12052 19157 18892 3984 16368 9032 2794
internal_count=101028 43817 57211 22733 35525 18749 21084 21686 12052 19157 18892 3984 16368 9032 2794
is_linear=0
shrinkage=0.02


Tree=4
num_leaves=16
num_cat=0
split_feature=11 11 11 26 20 28 15 35 10 10 28 19 35 25 19
split_gain=43.0498 8.95386 4.3784 3.60747 1.96898 1.49789 1.37988 1.35984 1.20541 0.981687 0.972913 0.968483 0.74535 0.633205 0.381241
threshold=0.11944992021026936 0.2006289308176101 0.070894063773943111 0.4330357142857143 1.2250000000000003 3.3666666666666667 0.46037455749685968 0.036900871459694957 1.0000000180025095e-35 0.10263157894736842 2.7750000000000004 0.42905081495685521 0.017937580437580404 0.5634920634920636 0.21076774505070012
decision_type=2 2 2 2 2 2 2 2 2 2 2 2 2 2 2
left_child=2 5 4 6 8 13 -3 -5 -1 -6 14 -7 -12 -2 -4
right_child=1 3 10 7 9 11 -8 -9 -10 -11 12 -13 -14 -15 -16
leaf_value=-0.00073573833221863227 -8.3360195745252338e-05 -0.00035297704722713071 0.00027111719895913766 0.00089301187773898716 -0.00018360282411532743 8.9445055483470921e-05 0.00064508293480592782 0.0014792264420944651 -0.00046529950236512424 0.00094832437335575989 6.282429263622277e-05 0.00040238001369543658 -0.00019995562468833069 0.00035433173293777969 -0.00059359836997263193
leaf_weight=12472 5955 579 204 3205 2798 5130 8333 3443 14771 341 6015 18693 14849 1695 2545
leaf_count=12472 5955 579 204 3205 2798 5130 8333 3443 14771 341 6015 18693 14849 1695 2545
internal_value=9.30325e-06 0.000451744 -0.000375907 0.000844462 -0.00053483 0.000257228 0.000579054 0.00119847 -0.00058952 -5.69286e-05 -0.000170975 0.000335426 -0.000123719 1.2379e-05 -0.000525643
internal_weight=101028 47033 53995 15560 30382 31473 8912 6648 27243 3139 23613 23823 20864 7650 2749
internal_count=101028 47033 53995 15560 30382 31473 8912 6648 27243 3139 23613 23823 20864 7650 2749
is_linear=0
shrinkage=0.02


Tree=5
num_leaves=16
num_cat=0
split_feature=11 11 37 11 27 23 31 23 27 6 23 6 14 27 22
split_gain=41.3929 8.618 6.21078 4.92567 3.82567 1.88949 1.61543 1.53383 1.25128 1.21456 1.00502 0.964754 0.779499 0.701371 0.559976
threshold=0.11944992021026936 0.18374849939975993 30.500000000000004 0.070894063773943111 0.55592347314201629 1.0228140180430259 3.6655913978494628 1.129700310998021 0.37786526684164484 1.5477272727272731 0.86121248986212506 1.8480769230769234 0.35147058823529415 0.13732974105672804 1.341666666666667
decision_type=2 2 2 2 2 2 2 2 2 2 2 2 2 2 2
left_child=3 6 7 5 -4 9 10 -3 12 -1 -2 -7 -5 -8 -10
right_child=1 2 4 8 -6 11 13 -9 14 -11 -12 -13 -14 -15 -16
leaf_value=-0.00066592430320927629 -0.00015626495990737733 5.2689399274073883e-05 0.00084178826326304613 -0.00040525756972998927 0.0017531694250413213 -0.00022364737621124217 -0.00048527959051556616 0.00071344147254125611 2.1707176110375514e-05 -0.00027660829465171163 0.00019760807704155683 0.0012025829915165297 -0.00012714106997301021 0.00037338457580493849 0.00087896137361957282
leaf_weight=22337 5865 4778 11244 7537 2239 4200 380 2012 6770 3857 7059 195 8979 13338 319
leaf_count=22337 5865 4778 11244 7537 2239 4200 380 2012 6770 3857 7059 195 8979 13338 319
internal_value=-2.56228e-07 0.000434563 0.000745466 -0.00037686 0.000994112 -0.000544486 0.000197571 0.000250107 -0.000159188 -0.000609006 3.62451e-05 -0.000157575 -0.000254697 0.000348803 6.19303e-05
internal_weight=101109 46915 20273 54194 13483 30589 26642 6790 23605 26194 12924 4395 16516 13718 7089
internal_count=101109 46915 20273 54194 13483 30589 26642 6790 23605 26194 12924 4395 16516 13718 7089
is_linear=0
shrinkage=0.02


Tree=6
num_leaves=16
num_cat=0
split_feature=10 15 10 37 27 15 23 37 23 31 23 23 19 31 31
split_gain=29.9164 7.1211 6.69367 3.98567 4.45467 3.55905 2.53588 2.24913 1.88211 1.37593 1.03753 0.965884 0.872196 0.703055 0.213904
threshold=0.14642857142857144 0.55823643410852719 1.0000000180025095e-35 31.500000000000004 0.59532897128316986 0.44840263691683574 0.83793300342596122 45.500000000000007 1.0228140180430259 3.6655913978494628 0.76776695526695538 1.2489669421487606 0.65724275724275738 3.307981492192019 3.4951918631530288
decision_type=2 2 2 2 2 2 2 2 2 2 2 2 2 2 2
left_child=2 6 10 11 -5 8 12 -7 -4 -8 14 -3 -2 -12 -1
right_child=1 3 5 4 -6 7 9 -9 -10 -11 13 -13 -14 -15 -16
leaf_value=-0.00083934865815873364 -0.00013627164520072188 0.00011657218090436363 -0.00039001372239482157 0.00073671248902288712 0.00187953673293563 -0.00020386880213684293 0.00015798004742299891 0.00029467992755201062 2.9839391524580009e-05 0.00055681306820441452 -0.00066020342231649324 0.00079011183362967161 0.0004869713723719661 -0.00025364152836902944 -0.00061589872099114052
leaf_weight=6757 9167 4764 20551 11984 1556 6219 7749 8615 5336 6393 3354 1051 989 3690 2934
leaf_count=6757 9167 4764 20551 11984 1556 6219 7749 8615 5336 6393 3354 1051 989 3690 2934
internal_value=-2.43712e-07 0.000394332 -0.000300205 0.00068069 0.000869041 -0.000161473 0.000165779 8.49952e-05 -0.000303089 0.000339036 -0.000637123 0.000240256 -7.45113e-05 -0.000448778 -0.000772871
internal_weight=101109 43653 57456 19355 13540 40721 24298 14834 25887 14142 16735 5815 10156 7044 9691
internal_count=101109 43653 57456 19355 13540 40721 24298 14834 25887 14142 16735 5815 10156 7044 9691
is_linear=0
shrinkage=0.02


Tree=7
num_leaves=16
num_cat=0
split_feature=7 23 10 27 27 10 23 23 23 7 35 35 35 29 7
split_gain=29.0145 7.84756 6.18702 3.99306 3.56734 1.99808 1.94465 1.93201 1.874 1.82272 1.08689 0.909248 0.793318 0.762085 0.703052
threshold=1.4602472257339516 1.0118347338935576 0.087121212121212113 0.39404998894049992 0.5504231562477776 0.23303167420814477 0.52189897698209731 0.76776695526695538 0.84641025641025658 2.0032679738562096 0.013937451437451351 0.054158809972763407 0.020067114093959702 3.4365079365079372 1.2620203421174299
decision_type=2 2 2 2 2 2 2 2 2 2 2 2 2 2 2
left_child=2 3 7 6 10 -5 -2 12 11 -6 -3 -4 -1 -10 -9
right_child=1 4 8 5 9 -7 -8 14 13 -11 -12 -13 -14 -15 -16
leaf_value=-0.00049630108471700185 -0.00049915148723084983 0.00091458052803127616 -0.00013117007319889373 0.00029237154091190347 0.00097308038545481734 0.00084323155309409456 8.0109657061138789e-05 -0.00043528126981074523 -5.6752566391435626e-05 0.0021433021294635294 0.00048545284948847098 -0.00050696677986013282 -0.00079826442743689656 0.00026780336876979194 -0.00010179504914686136
leaf_weight=5981 2649 3225 7243 9115 1382 3764 18438 10151 6161 929 9820 4088 9290 5391 3482
leaf_count=5981 2649 3225 7243 9115 1382 3764 18438 10151 6161 929 9820 4088 9290 5391 3482
internal_value=-2.32134e-07 0.000346824 -0.000330963 0.000176788 0.000722205 0.000454247 6.82685e-06 -0.000525528 -8.47421e-05 0.00144927 0.000592433 -0.000267698 -0.000680733 9.38634e-05 -0.000350866
internal_weight=101109 49322 51787 33966 15356 12879 21087 28904 22883 2311 13045 11331 15271 11552 13633
internal_count=101109 49322 51787 33966 15356 12879 21087 28904 22883 2311 13045 11331 15271 11552 13633
is_linear=0
shrinkage=0.02


Tree=8
num_leaves=15
num_cat=0
split_feature=10 15 10 37 15 31 37 26 9 26 21 15 26 31
split_gain=27.8573 6.67639 6.24671 3.80783 3.3065 2.15042 2.1372 1.91153 1.63018 1.2742 0.901177 0.757471 0.628461 0.511044
threshold=0.14642857142857144 0.55823643410852719 1.0000000180025095e-35 31.500000000000004 0.44840263691683574 3.6655913978494628 45.500000000000007 0.78759398496240618 0.47222222222222227 0.34166666666666673 0.5634920634920636 0.40924344112263583 0.4330357142857143 3.6677282377919327
decision_type=2 2 2 2 2 2 2 2 2 2 2 2 2 2
left_child=2 5 10 12 9 11 -6 -5 -7 -4 -1 -2 -3 -12
right_child=1 3 4 7 6 8 -8 -9 -10 -11 13 -13 -14 -15
leaf_value=-0.00082820515034087662 -0.00016448473988549641 6.7512734404093108e-05 -0.00040014537540430288 0.00078554927722200173 -0.00019967126064966622 0.00034266639811583906 0.00028630761006211299 0.0018826979463987979 0.0020078460151543381 -0.00010800375949707342 -0.00058527799931707 0.00012912435961433396 0.00050399305594329708 -0.00025801072675504241
leaf_weight=5492 6195 3711 16282 12857 6219 9745 8615 683 242 9605 8627 8116 2104 2616
leaf_count=5492 6195 3711 16282 12857 6219 9745 8615 683 242 9605 8627 8116 2104 2616
internal_value=-2.24336e-07 0.000380527 -0.000289683 0.000657804 -0.000155652 0.00015921 8.18925e-05 0.000841901 0.000384411 -0.000292153 -0.000615164 1.32185e-06 0.000227279 -0.000510079
internal_weight=101109 43653 57456 19355 40721 24298 14834 13540 9987 25887 16735 14311 5815 11243
internal_count=101109 43653 57456 19355 40721 24298 14834 13540 9987 25887 16735 14311 5815 11243
is_linear=0
shrinkage=0.02


Tree=9
num_leaves=16
num_cat=0
split_feature=11 11 11 37 27 30 29 27 26 27 37 13 20 28 11
split_gain=36.1157 7.74603 4.28499 4.1871 3.29197 1.93264 1.4842 1.158 1.03687 0.952131 0.777792 0.712723 0.706219 0.401661 0.356017
threshold=0.11944992021026936 0.2006289308176101 0.070894063773943111 30.500000000000004 0.55592347314201629 3.1464285714285718 3.9500000000000006 0.37786526684164484 0.4330357142857143 0.25078616352201261 52.500000000000007 0.47222222222222227 1.7750000000000001 2.7750000000000004 0.14551208285385497
decision_type=2 2 2 2 2 2 2 2 2 2 2 2 2 2 2
left_child=2 5 6 8 -5 14 10 11 -3 -7 -1 -4 -8 -9 -2
right_child=1 3 7 4 -6 9 12 13 -10 -11 -12 -13 -14 -15 -16
leaf_value=-0.00049245683660528023 -0.00037631353703481855 0.00011136264407361476 -0.00034611429782220804 0.00083518357668539538 0.0017625214303543563 6.9185125291882483e-05 -0.00018107343034731352 -0.00050275676016941736 0.00069115162954679055 0.00034880759709896128 -0.00073977733601303332 -7.4451684054149787e-05 0.0011696565493663645 0.00010471506046234905 3.1378099915771155e-06
leaf_weight=19929 2019 3488 10077 8165 1922 6460 3322 460 1954 21071 7179 6439 159 6629 1836
leaf_count=19929 2019 3488 10077 8165 1922 6460 3322 460 1954 21071 7179 6439 159 6629 1836
internal_value=-2.14525e-07 0.000405936 -0.000352 0.000771527 0.00101319 0.000224695 -0.000508354 -0.000148936 0.000321556 0.000283569 -0.000558373 -0.00024083 -0.000115869 6.37557e-05 -0.000193094
internal_weight=101109 46915 54194 15529 10087 31386 30589 23605 5442 27531 27108 16516 3481 7089 3855
internal_count=101109 46915 54194 15529 10087 31386 30589 23605 5442 27531 27108 16516 3481 7089 3855
is_linear=0
shrinkage=0.02


Tree=10
num_leaves=16
num_cat=0
split_feature=11 11 11 24 31 22 31 22 15 14 15 26 35 19 22
split_gain=33.3717 8.65051 4.5359 3.63709 3.18424 2.56823 1.5764 1.25314 1.01933 0.819504 0.809458 0.785948 0.668943 0.654314 0.597831
threshold=0.12099342510786927 0.21901286061870004 0.070894063773943111 0.55000000000000016 3.2943456452348387 0.89181286549707617 3.1335958005249354 0.8973684210526317 0.50161290322580654 0.7947368421052633 0.3112159329140462 0.23303167420814477 0.023346656976744155 0.44840263691683574 0.87867647058823539
decision_type=2 2 2 2 2 2 2 2 2 2 2 2 2 2 2
left_child=2 4 5 7 14 10 -5 -3 -6 12 -1 -7 -4 -11 -2
right_child=1 3 9 6 8 11 -8 -9 -10 13 -12 -13 -14 -15 -16
leaf_value=-0.00072455048717677984 -0.00039369057580325011 0.00026157822309083616 5.8279634130554816e-06 -0.0002917473179263038 0.00017285956294806699 -0.0004364133720522168 0.0014060244784240032 0.0007912943709764889 0.00041988795388973952 -0.00022631483427081926 -0.00046593216902241213 -7.0931781437950754e-05 -0.00021892067070866333 0.001030787089818069 1.319726592429692e-05
leaf_weight=12084 2927 2912 7834 220 11208 4067 4181 4927 17224 249 8634 5776 15824 431 2759
leaf_count=12084 2927 2912 7834 220 11208 4067 4181 4927 17224 249 8634 5776 15824 431 2759
internal_value=5.20905e-06 0.000400415 -0.000328332 0.000856818 0.000236344 -0.000490669 0.00131879 0.00059591 0.000322879 -0.000124053 -0.000617312 -0.000223018 -0.000144082 0.000556489 -0.000194564
internal_weight=101257 46358 54899 12240 34118 30561 4401 7839 28432 24338 20718 9843 23658 680 5686
internal_count=101257 46358 54899 12240 34118 30561 4401 7839 28432 24338 20718 9843 23658 680 5686
is_linear=0
shrinkage=0.02


Tree=11
num_leaves=16
num_cat=0
split_feature=11 11 37 11 11 22 37 26 29 11 27 10 10 14 6
split_gain=32.0526 8.30803 5.08634 4.35672 3.03142 2.46591 2.14254 1.74486 1.28389 1.27437 1.10193 0.845796 0.807002 0.679562 0.553422
threshold=0.12099342510786927 0.21901286061870004 34.500000000000007 0.070894063773943111 0.31051221961834624 0.89181286549707617 64.500000000000014 0.46862745098039221 3.2678571428571432 0.17253783180352272 0.3685855263157895 1.0000000180025095e-35 0.19375000000000003 0.7947368421052633 1.7350877192982459
decision_type=2 2 2 2 2 2 2 2 2 2 2 2 2 2 2
left_child=3 6 7 5 -4 11 8 -3 -2 -8 14 -1 -7 -12 -5
right_child=1 2 4 10 -6 12 9 -9 -10 -11 13 -13 -14 -15 -16
leaf_value=-0.00073879991222399843 -0.0002624812140328507 0.00013640929496563326 0.001010562016541562 -0.00026649746776477519 0.0021601234353792464 -0.00026167119537436778 0.00026141176796965409 0.00093535227944021638 0.00016108980180912759 0.0006198720939590886 3.8048812844101949e-05 -0.00047831987564295425 0.00054840362805407493 0.0011090073086381929 3.9930272417418266e-05
leaf_weight=10031 3742 3769 5792 13736 1117 9333 12370 1562 12035 5971 7579 10687 510 244 2779
leaf_count=10031 3742 3769 5792 13736 1117 9333 12370 1562 12035 5971 7579 10687 510 244 2779
internal_value=5.10339e-06 0.000392421 0.000839705 -0.000321777 0.00119843 -0.000480877 0.000231623 0.00037264 5.99726e-05 0.00037871 -0.000121563 -0.000604978 -0.00021858 7.3005e-05 -0.00021433
internal_weight=101257 46358 12240 54899 6909 30561 34118 5331 15777 18341 24338 20718 9843 7823 16515
internal_count=101257 46358 12240 54899 6909 30561 34118 5331 15777 18341 24338 20718 9843 7823 16515
is_linear=0
shrinkage=0.02


Tree=12
num_leaves=16
num_cat=0
split_feature=10 15 31 31 24 15 10 22 9 22 27 22 22 22 27
split_gain=24.3395 6.19026 5.70694 3.27893 2.97621 2.33622 1.67784 1.6313 1.39205 1.38562 1.22807 0.872603 0.870685 0.745335 0.742178
threshold=0.14642857142857144 0.59345126418297156 3.4007299270072999 3.6546108567691307 0.55000000000000016 0.50161290322580654 1.0000000180025095e-35 0.57518796992481214 0.38750000000000007 0.8973684210526317 0.26008130081300823 0.97500000000000009 0.85357142857142865 1.0871212121212122 0.33438818565400846
decision_type=2 2 2 2 2 2 2 2 2 2 2 2 2 2 2
left_child=2 3 6 11 10 7 13 -4 -5 -6 -3 -2 -8 -1 -7
right_child=1 4 5 8 9 14 12 -9 -10 -11 -12 -13 -14 -15 -16
leaf_value=-0.00074289706996427522 -0.00012698957725525674 0.00016382659517139256 -0.0005332691612956517 0.00035203663029555459 0.00069375349233189907 1.5266173718582971e-05 -0.00046435025534117636 -0.00010017108290999395 0.0010793377548557045 0.0013587211603575415 0.00062836972919989116 0.000185832549528829 -0.00016479765289449048 -0.00018322102121763321 0.00038711034868643663
leaf_weight=8984 9900 3417 4386 11210 2357 4426 10695 17273 1180 2927 7244 5566 6293 1121 4278
leaf_count=8984 9900 3417 4386 11210 2357 4426 10695 17273 1180 2927 7244 5566 6293 1121 4278
internal_value=5.01318e-06 0.000360241 -0.00026562 0.000179843 0.000674707 -7.6931e-05 -0.000476693 -0.000188377 0.000422273 0.00106437 0.000480474 -1.37532e-05 -0.000354006 -0.000681847 0.000199222
internal_weight=101257 43801 57456 27856 15945 30363 27093 21659 12390 5284 10661 15466 16988 10105 8704
internal_count=101257 43801 57456 27856 15945 30363 27093 21659 12390 5284 10661 15466 16988 10105 8704
is_linear=0
shrinkage=0.02


Tree=13
num_leaves=16
num_cat=0
split_feature=11 11 37 11 11 22 30 23 37 23 27 10 19 23 17
split_gain=29.8204 7.79453 4.30096 4.06678 3.17598 2.29891 2.21412 1.50823 1.28789 1.22251 1.04441 0.782739 0.770725 0.7678 0.513199
threshold=0.12099342510786927 0.21452540747842758 34.500000000000007 0.070894063773943111 0.31051221961834624 0.89181286549707617 3.2565789473684217 1.0423132012413465 88.500000000000014 1.1254139072847684 0.3685855263157895 0.060661764705882353 0.50986884820153244 1.9722222222222225 0.95000000000000007
decision_type=2 2 2 2 2 2 2 2 2 2 2 2 2 2 2
left_child=3 6 9 5 -4 11 7 -2 -8 -3 12 -1 -5 -7 -12
right_child=1 2 4 10 -6 13 8 -9 -10 -11 14 -13 -14 -15 -16
leaf_value=-0.00064509711068716394 -0.00031938271511709342 0.00016073669951848131 0.00093153340268804731 -0.00014006645698531688 0.0020979182151836195 -0.00024831245103932871 0.00018311355053542442 0.00043944553446193739 0.00046563630171019959 0.00081482382882841291 4.0705763853001478e-05 -0.00032888369223896995 -0.00049091603180070745 0.00062980565247012349 0.00093764980484668467
leaf_weight=16676 4408 3757 6371 13384 1117 9435 17108 1364 10556 1677 7559 4042 3131 408 264
leaf_count=16676 4408 3757 6371 13384 1117 9435 17108 1364 10556 1677 7559 4042 3131 408 264
internal_value=4.9159e-06 0.000378507 0.000795925 -0.000310374 0.00110737 -0.000464092 0.000216851 -0.00013824 0.000291306 0.000364661 -0.000116918 -0.000583925 -0.000207239 -0.000210777 7.24845e-05
internal_weight=101257 46358 12922 54899 7488 30561 33436 5772 27664 5434 24338 20718 16515 9843 7823
internal_count=101257 46358 12922 54899 7488 30561 33436 5772 27664 5434 24338 20718 16515 9843 7823
is_linear=0
shrinkage=0.02


Tree=14
num_leaves=16
num_cat=0
split_feature=11 11 37 11 31 11 23 23 10 23 23 27 10 14 5
split_gain=28.642 7.49921 4.65347 3.9058 2.83238 2.754 1.74938 1.13073 1.12385 1.12158 1.04113 1.00349 0.969781 0.640906 0.638527
threshold=0.12099342510786927 0.21901286061870004 34.500000000000007 0.070894063773943111 3.2943456452348387 0.31051221961834624 1.0228140180430259 0.63053270661966321 1.0000000180025095e-35 1.1254139072847684 0.84641025641025658 0.3685855263157895 0.19375000000000003 0.7947368421052633 1.788888888888889
decision_type=2 2 2 2 2 2 2 2 2 2 2 2 2 2 2
left_child=3 4 9 6 10 -4 8 -6 -1 -3 -2 14 -8 -13 -5
right_child=1 2 5 11 7 -7 12 -9 -10 -11 -12 13 -14 -15 -16
leaf_value=-0.00065928608605682869 -0.0004732989232849192 0.00015062354827413755 0.00095985438675974262 -0.0002681775689262886 -5.8872560039162636e-05 0.0020560348362822526 -0.00014961139956731737 0.00034386380478746792 -0.00039328146511625187 0.00078200193808739438 6.6059461953647968e-05 3.7078298721695905e-05 0.0012761787171639391 0.0010772190600391327 3.2327343529807496e-05
leaf_weight=12119 2698 3673 5792 12972 3086 1117 4199 25346 14046 1658 2988 7579 197 244 3543
leaf_count=12119 2698 3673 5792 12972 3086 1117 4199 25346 14046 1658 2988 7579 197 244 3543
internal_value=4.82529e-06 0.000370963 0.000795929 -0.00030417 0.000218173 0.00113907 -0.000454817 0.000299798 -0.000516912 0.000349084 -0.000188184 -0.000114571 -8.28918e-05 7.10654e-05 -0.000203108
internal_weight=101257 46358 12240 54899 34118 6909 30561 28432 26165 5331 5686 24338 4396 7823 16515
internal_count=101257 46358 12240 54899 34118 6909 30561 28432 26165 5331 5686 24338 4396 7823 16515
is_linear=0
shrinkage=0.02


Tree=15
num_leaves=16
num_cat=0
split_feature=11 11 10 37 11 23 37 6 23 11 11 30 23 35 35
split_gain=27.0102 4.61244 4.3525 4.15074 2.39869 2.3085 1.74782 1.68805 1.40059 0.973702 0.958364 0.802195 0.539415 0.479817 0.385493
threshold=0.13453458306399482 0.22257607926397738 1.0000000180025095e-35 37.500000000000007 0.31051221961834624 0.63667496886674979 52.500000000000007 1.4330357142857146 1.1978594322344325 0.078501400560224074 0.17253783180352272 3.6282894736842111 0.95359603789836356 0.018433571185864753 0.26034531963470325
decision_type=2 2 2 2 2 2 2 2 2 2 2 2 2 2 2
left_child=2 6 9 8 -5 13 11 -7 -3 12 -8 -2 -1 -4 -11
right_child=1 3 5 4 -6 7 10 -9 -10 14 -12 -13 -14 -15 -16
leaf_value=-0.00066096640389649039 -0.00010065686138959494 0.00013880391318012717 -0.00025329790606074974 0.00091403634561641755 0.0019554950852310187 -0.00019360182462460141 0.00026497046864016222 9.3199917760762311e-05 0.00089292919924899717 -2.0323089644130821e-05 0.00056791157575297204 0.00024822223073229935 -0.00035353920607543497 -0.00052129628320492151 -0.001254586700452577
leaf_weight=11423 5464 3896 4893 5004 1106 20253 10096 13748 1338 1717 7385 5050 3063 6486 107
leaf_count=11423 5464 3896 4893 5004 1106 20253 10096 13748 1338 1717 7385 5050 3063 6486 107
internal_value=-4.15081e-08 0.000409359 -0.000261279 0.000750039 0.00110477 -0.000160239 0.00027091 -7.73434e-05 0.000333763 -0.000541738 0.000393573 6.59783e-05 -0.00059671 -0.000407 -9.94991e-05
internal_weight=101029 39339 61690 11344 6110 45380 27995 34001 5234 16310 17481 10514 14486 11379 1824
internal_count=101029 39339 61690 11344 6110 45380 27995 34001 5234 16310 17481 10514 14486 11379 1824
is_linear=0
shrinkage=0.02


Tree=16
num_leaves=16
num_cat=0
split_feature=7 23 10 15 7 27 23 23 3 35 27 7 32 35 15
split_gain=21.0548 5.7671 4.10121 2.90746 2.04323 1.73792 1.58555 1.52571 1.47441 1.33154 1.10632 0.978792 0.772436 0.736163 0.568724
threshold=1.4822061803444784 1.0118347338935576 0.095454545454545472 0.52397372742200343 2.0668903803131999 0.3594260620915033 0.82908687655523117 0.72293226961901669 1.0836021505376345 0.015686515748031454 0.50775240384615394 0.97923850574712656 1.0000000180025095e-35 0.029304422498926553 0.32363520947947527
decision_type=2 2 2 2 2 2 2 2 2 2 2 2 2 2 2
left_child=2 3 7 8 9 -5 12 14 -2 -3 -6 -9 -4 -8 -1
right_child=1 4 6 5 10 -7 13 11 -10 -11 -12 -13 -14 -15 -16
leaf_value=-0.0006886499125405975 8.0968746327997953e-05 0.00086876190839080215 -0.0001610403108048368 0.00012421639426812657 0.00081253971184059139 0.00051569959646271114 0.00023613123845109529 -0.0005085833941179728 -0.00035901060358313377 0.00039333280950390351 0.0016762257779962453 -0.00018066233376047455 -0.000561730669148618 -6.4601246120727016e-05 -0.00040998725102109215
leaf_weight=8484 9510 3291 8736 9020 1694 9298 5955 5713 4467 8916 993 10474 2519 7102 4857
leaf_count=8484 9510 3291 8736 9020 1694 9298 5955 5713 4467 8916 993 10474 2519 7102 4857
internal_value=-3.8016e-08 0.000308256 -0.000270435 0.000157675 0.000634028 0.000323509 -7.75515e-05 -0.000428892 -5.8963e-05 0.000522449 0.00113645 -0.000297064 -0.000251692 7.18054e-05 -0.000588025
internal_weight=101029 47189 53840 32295 14894 18318 24312 29528 13977 12207 2687 16187 11255 13057 13341
internal_count=101029 47189 53840 32295 14894 18318 24312 29528 13977 12207 2687 16187 11255 13057 13341
is_linear=0
shrinkage=0.02


Tree=17
num_leaves=16
num_cat=0
split_feature=11 11 10 37 11 23 37 6 23 11 11 13 23 23 27
split_gain=25.0916 4.3117 4.05455 3.95039 2.24445 2.1597 1.66604 1.58066 1.31194 0.910691 0.904671 0.660327 0.562501 0.51324 0.391023
threshold=0.13453458306399482 0.22257607926397738 1.0000000180025095e-35 37.500000000000007 0.31051221961834624 0.63667496886674979 52.500000000000007 1.0250000000000001 1.1978594322344325 0.078501400560224074 0.17253783180352272 0.68333333333333346 0.64724736048265474 1.05280585569885 0.52280154486036856
decision_type=2 2 2 2 2 2 2 2 2 2 2 2 2 2 2
left_child=2 6 9 8 -5 11 12 -7 -3 13 -8 -4 -2 -1 -11
right_child=1 3 5 4 -6 7 10 -9 -10 14 -12 -13 -14 -15 -16
leaf_value=-0.00062013315594094433 -0.00026100538988062678 0.00012904201423497981 -0.00045826061106989764 0.00088539212754593826 0.0018932115415696202 -0.00033796084859724423 0.00025543876857031782 -3.252696309345696e-06 0.00085897767376988681 -0.0001653782025664702 0.00054984088784886323 -3.0865846138422183e-05 0.00012749025646803633 -0.00024297657888650758 0.0011926554583690384
leaf_weight=12751 1784 3896 9617 5004 1106 7166 10096 26835 1338 1738 7385 1762 8730 1735 86
leaf_count=12751 1784 3896 9617 5004 1106 7166 10096 26835 1338 1738 7385 1762 8730 1735 86
internal_value=-3.4575e-08 0.000394555 -0.000251826 0.000723954 0.00107002 -0.000154296 0.000260677 -7.41051e-05 0.000317807 -0.000522524 0.000380432 -0.000392976 6.05829e-05 -0.000575691 -9.46355e-05
internal_weight=101029 39339 61690 11344 6110 45380 27995 34001 5234 16310 17481 11379 10514 14486 1824
internal_count=101029 39339 61690 11344 6110 45380 27995 34001 5234 16310 17481 11379 10514 14486 1824
is_linear=0
shrinkage=0.02


Tree=18
num_leaves=16
num_cat=0
split_feature=11 11 11 37 11 10 37 26 15 11 22 26 37 22 28
split_gain=24.1015 4.14163 3.89758 3.7933 2.1548 1.76253 1.60015 1.19417 0.963836 0.868485 0.867797 0.738902 0.729518 0.620983 0.528199
threshold=0.13453458306399482 0.22257607926397738 0.074199199199199165 37.500000000000007 0.31051221961834624 1.0000000180025095e-35 52.500000000000007 0.47213622291021667 0.42050764655904843 0.17253783180352272 0.62019230769230782 0.89444444444444449 45.500000000000007 0.8973684210526317 3.7750000000000004
decision_type=2 2 2 2 2 2 2 2 2 2 2 2 2 2 2
left_child=2 6 5 7 -5 13 14 -3 11 -8 -7 -4 -10 -1 -2
right_child=1 3 8 4 -6 10 9 -9 12 -11 -12 -13 -14 -15 -16
leaf_value=-0.00064941321268587537 -7.1120747615842616e-05 0.00010931410107478197 -0.00020534376385981102 0.00086769135985143942 0.0018554156909727018 -0.00048005875838043474 0.00025033100251573975 0.00077118746851655574 -0.00016941953676073089 0.00053884704662979872 -0.00017499405699609988 0.001674795044832919 0.00013209606085078587 -0.00034710948683559382 0.00021228917335691525
leaf_weight=10244 5639 3652 14666 5004 1106 5399 10096 1582 4720 7385 12689 81 9947 3944 4875
leaf_count=10244 5639 3652 14666 5004 1106 5399 10096 1582 4720 7385 12689 81 9947 3944 4875
internal_value=-3.04111e-08 0.000386693 -0.000246806 0.000709542 0.00104867 -0.000398638 0.000255472 0.000311496 -7.9846e-05 0.000372837 -0.000266647 -0.000194113 3.43735e-05 -0.000566144 5.93517e-05
internal_weight=101029 39339 61690 11344 6110 32276 27995 5234 29414 17481 18088 14747 14667 14188 10514
internal_count=101029 39339 61690 11344 6110 32276 27995 5234 29414 17481 18088 14747 14667 14188 10514
is_linear=0
shrinkage=0.02


Tree=19
num_leaves=16
num_cat=0
split_feature=11 11 10 23 23 6 24 13 7 11 7 19 13 21 21
split_gain=23.1501 3.98286 3.74445 2.04393 1.99182 1.53828 1.12628 0.996717 0.969424 0.851245 0.840405 0.828828 0.627269 0.546196 0.348848
threshold=0.13453458306399482 0.22063894523326574 1.0000000180025095e-35 0.63667496886674979 1.0118347338935576 1.4522727272727274 0.55000000000000016 1.3875000000000002 1.7568506006006008 0.045307917888563011 1.4669099756691 0.46688596491228074 0.68333333333333346 1.0500000000000003 1.1339285714285716
decision_type=2 2 2 2 2 2 2 2 2 2 2 2 2 2 2
left_child=2 7 9 12 6 -5 -3 10 -9 14 -2 -6 -4 -11 -1
right_child=1 4 3 5 11 -7 -8 8 -10 13 -12 -13 -14 -15 -16
leaf_value=-0.00062843558075013667 4.9547700758336875e-06 0.00023840411894833616 -0.00044396089542703999 -0.00017072343018962889 0.00026646549806340049 0.00010956432128550091 0.0008039561797697402 2.2437533204869708e-06 0.0023931088421274634 -0.00037242149556371968 0.0002872969035186633 0.0010467113463453175 -2.7292444034904039e-05 0.0001766290471540483 -0.00027570842724779378
leaf_weight=10649 5321 4127 9617 21833 653 12168 2202 127 168 3390 21750 4991 1762 893 1378
leaf_count=10649 5321 4127 9617 21833 653 12168 2202 127 168 3390 21750 4991 1762 893 1378
internal_value=-2.21579e-08 0.00037899 -0.00024188 -0.000148141 0.000683679 -7.01217e-05 0.000436944 0.000245278 0.00140444 -0.00050203 0.000232174 0.000958336 -0.000380336 -0.000255582 -0.000588906
internal_weight=101029 39339 61690 45380 11973 34001 6329 27366 295 16310 27071 5644 11379 4283 12027
internal_count=101029 39339 61690 45380 11973 34001 6329 27366 295 16310 27071 5644 11379 4283 12027
is_linear=0
shrinkage=0.02


Tree=20
num_leaves=16
num_cat=0
split_feature=11 11 37 10 11 37 11 23 14 10 26 23 11 10 17
split_gain=24.4992 4.3392 4.18606 2.559 2.42291 1.85007 1.78498 1.4887 0.876713 0.834218 0.753322 0.641023 0.547439 0.379114 0.245181
threshold=0.11466871584699452 0.22508278145695368 37.500000000000007 1.0000000180025095e-35 0.30651047798445968 27.500000000000004 0.16613588110403393 0.82623792270531415 0.35147058823529415 0.19375000000000003 0.6132478632478634 0.51503844414292188 0.035842754367934208 0.24264705882352941 0.29285714285714287
decision_type=2 2 2 2 2 2 2 2 2 2 2 2 2 2 2
left_child=3 5 8 11 -4 13 -7 10 -3 -9 -5 14 -13 -2 -1
right_child=1 2 4 7 -6 6 -8 9 -10 -11 -12 12 -14 -15 -16
leaf_value=-0.00055965199234909242 -0.00012824495451380137 -0.00054028880476951599 0.00082202533248776734 -0.0003526539515315007 0.0018541803198172055 0.00015369493768287564 0.00046632896341146395 -0.00010774984080685612 0.00033383094786048831 0.00047145254979885095 0.00025050339049841524 -0.00054143948046720194 -0.00024269657609989198 0.00047201995668786294 -0.00088927272529515703
leaf_weight=1951 6382 498 4650 20056 1162 19036 12004 14029 4770 1064 843 7882 3784 443 2262
leaf_count=1951 6382 498 4650 20056 1162 19036 12004 14029 4770 1064 843 7882 3784 443 2262
internal_value=-9.26076e-06 0.000311589 0.0006601 -0.000312205 0.00103067 0.000209315 0.000274943 -0.000218401 0.000249127 -6.61987e-05 -0.000327824 -0.00052414 -0.000445454 -8.76911e-05 -0.000739339
internal_weight=100816 48945 11080 51871 5812 37865 31040 35992 5268 15093 20899 15879 11666 6825 4213
internal_count=100816 48945 11080 51871 5812 37865 31040 35992 5268 15093 20899 15879 11666 6825 4213
is_linear=0
shrinkage=0.02


Tree=21
num_leaves=16
num_cat=0
split_feature=11 11 10 26 3 29 10 3 3 20 11 21 7 21 20
split_gain=23.5312 4.16745 2.45817 1.82657 1.47193 1.30322 1.09774 0.9599 0.789254 0.728293 0.577919 0.682581 0.455316 0.398992 0.319892
threshold=0.11466871584699452 0.22508278145695368 1.0000000180025095e-35 0.47213622291021667 1.2093808925204275 3.1180555555555558 0.24264705882352941 1.1523494165878276 0.57197382769901861 1.1000000000000003 0.035842754367934208 1.0500000000000003 0.95545634920634936 2.0500000000000003 0.77500000000000013
decision_type=2 2 2 2 2 2 2 2 2 2 2 2 2 2 2
left_child=2 5 10 8 -5 12 9 -7 -3 -4 13 -12 -2 -1 -8
right_child=1 3 6 4 -6 7 14 -9 -10 -11 11 -13 -14 -15 -16
leaf_value=-0.00059928692932579631 -0.00097109819227214319 -0.00070481266676043178 -0.00028044388278168685 0.0011511155033904908 8.8587541864297109e-05 0.00029072811604388801 0 -6.0889792336257503e-05 0.00048783245570031407 -6.1666200513680111e-05 -0.00043523598295176264 0.00019009732296757027 -4.0249707294610549e-05 0.0010943351370783952 0.00082994121361554154
leaf_weight=11318 219 221 27180 3424 640 28999 317 3426 6795 8005 3675 836 5221 50 490
leaf_count=11318 219 221 27180 3424 640 28999 317 3426 6795 8005 3675 836 5221 50 490
internal_value=-9.07298e-06 0.000305372 -0.000305974 0.000646925 0.000986374 0.000205135 -0.000214027 0.000253267 0.00044865 -0.00023096 -0.000513701 -0.000317098 -7.99039e-05 -0.000590767 0.000510621
internal_weight=100816 48945 51871 11080 4064 37865 35992 32425 7016 35185 15879 4511 5440 11368 807
internal_count=100816 48945 51871 11080 4064 37865 35992 32425 7016 35185 15879 4511 5440 11368 807
is_linear=0
shrinkage=0.02


Tree=22
num_leaves=16
num_cat=0
split_feature=11 11 37 10 31 11 23 23 37 6 27 23 23 11 18
split_gain=22.5989 4.00284 3.99679 2.36036 2.21458 1.64854 1.41349 1.13836 1.11481 0.797258 0.73881 0.609061 0.564092 0.504265 0.221049
threshold=0.11466871584699452 0.22508278145695368 53.500000000000007 1.0000000180025095e-35 3.3659625435540073 0.31051221961834624 0.82623792270531415 1.0159365079365081 24.500000000000004 1.7350877192982459 0.48161665314949986 0.51503844414292188 0.62542517006802734 0.035842754367934208 0.095454545454545472
decision_type=2 2 2 2 2 2 2 2 2 2 2 2 2 2 2
left_child=3 4 7 11 12 -4 10 -3 -6 -8 -5 14 -2 -13 -1
right_child=1 2 5 6 8 -7 9 -9 -10 -11 -12 13 -14 -15 -16
leaf_value=-0.00036172859759525791 -0.00049142626800188207 9.2001629837097667e-05 0.00089633891031634292 -0.00035809384054063392 -4.3505634604484174e-05 0.0018757067936328098 -0.00011477260306883119 0.00063448635322332469 0.0003248361988205361 0.00033724154464223166 1.8556988665964966e-05 -0.00051884556966935366 -2.2858335668475908e-05 -0.00023190342181111793 -0.0007809811018347876
leaf_weight=707 1228 3873 3691 18610 3701 881 13335 2635 26344 1758 2289 7882 6592 3784 3506
leaf_count=707 1228 3873 3691 18610 3701 881 13335 2635 26344 1758 2289 7882 6592 3784 3506
internal_value=-8.89019e-06 0.000299261 0.000634008 -0.000299852 0.000201015 0.00108798 -0.000209743 0.00031331 0.00027913 -6.14228e-05 -0.000316364 -0.000503414 -9.78244e-05 -0.000426685 -0.000713202
internal_weight=100816 48945 11080 51871 37865 4572 35992 6508 30045 15093 20899 15879 7820 11666 4213
internal_count=100816 48945 11080 51871 37865 4572 35992 6508 30045 15093 20899 15879 7820 11666 4213
is_linear=0
shrinkage=0.02


Tree=23
num_leaves=16
num_cat=0
split_feature=11 11 10 27 31 15 15 27 10 21 27 31 11 26 27
split_gain=21.7054 3.84554 2.27418 2.25455 2.12733 1.28069 1.07954 0.917297 0.845917 0.790612 0.783156 0.688044 0.647918 0.556787 0.513984
threshold=0.11466871584699452 0.22508278145695368 0.05131578947368421 0.54358379062895745 3.3659625435540073 0.31835016835016838 0.96318879855465223 0.11706919685643087 0.24264705882352941 0.58571428571428574 0.48660607510165038 3.6852499352499355 0.16613588110403393 0.69615384615384623 0.34384952229299365
decision_type=2 2 2 2 2 2 2 2 2 2 2 2 2 2 2
left_child=2 4 5 7 13 9 -5 -3 10 -1 -4 -10 -6 -2 -7
right_child=1 3 8 6 12 14 -8 -9 11 -11 -12 -13 -14 -15 -16
leaf_value=-0.00073069182843480654 -0.00012981249377999165 -0.00017263260281201708 -0.00020598321957891231 0.0012640487352036634 0.00019189129307232557 -0.00035101344909878741 8.9050853205600961e-05 0.00052239164663886385 1.4291839768188169e-05 -0.00042688590992827986 0.00015949780116600423 0.0012311863069292865 0.0003815769989563262 0.00076686775684356695 -0.0001015797602940826
leaf_weight=5191 7537 822 16945 2455 17168 9907 380 7423 493 11176 2689 314 12877 283 5156
leaf_count=5191 7537 822 16945 2455 17168 9907 380 7423 493 11176 2689 314 12877 283 5156
internal_value=-8.71387e-06 0.000293282 -0.000293868 0.000621395 0.000196979 -0.000400813 0.00111025 0.000451862 -0.000128917 -0.00052393 -0.000155408 0.000502014 0.000273542 -9.58961e-05 -0.000266322
internal_weight=100816 48945 51871 11080 37865 31430 2835 8245 20441 16367 19634 807 30045 7820 15063
internal_count=100816 48945 51871 11080 37865 31430 2835 8245 20441 16367 19634 807 30045 7820 15063
is_linear=0
shrinkage=0.02


Tree=24
num_leaves=16
num_cat=0
split_feature=11 11 37 22 11 37 11 11 6 22 11 30 23 20 13
split_gain=20.8486 3.49863 3.81411 2.36728 2.21491 1.70489 1.5215 1.40451 1.03906 0.917893 0.551277 0.539438 0.500265 0.476551 0.467182
threshold=0.11785130718954247 0.22508278145695368 37.500000000000007 0.84807692307692317 0.30651047798445968 27.500000000000004 0.16613588110403393 0.055363984674329451 1.7875939849624063 1.0741758241758244 0.047782126549249807 3.5590277777777781 1.3849306431273647 1.7750000000000001 0.70714285714285718
decision_type=2 2 2 2 2 2 2 2 2 2 2 2 2 2 2
left_child=3 5 9 7 -4 13 -7 14 10 -3 -5 -9 -10 -2 -1
right_child=1 2 4 8 -6 6 -8 11 12 -11 -12 -13 -14 -15 -16
leaf_value=-0.00055219789580037901 -0.0001315874200107997 2.2230079112988379e-05 0.00076309841459333539 -0.00029936253518989079 0.0017501297722413778 0.00014727955792866412 0.00044019808175761206 -0.00035739823974445485 0.0002412970880632875 0.00058090531156451697 -8.5524478363027836e-05 -0.0001142748859402213 0.0016741746134847125 0.00067320574829780975 2.9418615837378697e-05
leaf_weight=14667 6138 3454 4650 7721 1162 17717 12004 9099 1726 1814 13368 6347 105 304 540
leaf_count=14667 6138 3454 4650 7721 1162 17717 12004 9099 1726 1814 13368 6347 105 304 540
internal_value=-8.53265e-06 0.000297631 0.000608991 -0.000278708 0.000962691 0.000201928 0.000265944 -0.000393817 -0.000124306 0.000216651 -0.000164309 -0.00025817 0.000330659 -9.186e-05 -0.000530886
internal_weight=100816 47243 11080 53573 5812 36163 29721 30653 22920 5268 21089 15446 1831 6442 15207
internal_count=100816 47243 11080 53573 5812 36163 29721 30653 22920 5268 21089 15446 1831 6442 15207
is_linear=0
shrinkage=0.02


Tree=25
num_leaves=16
num_cat=0
split_feature=11 23 11 37 10 11 31 26 10 37 31 11 29 25 11
split_gain=18.4301 3.48092 3.35353 4.28474 2.09429 1.9166 1.49538 1.38435 1.31098 1.15969 1.10803 1.04923 0.389011 0.384681 0.383279
threshold=0.13732974105672804 0.75517339803054095 0.22692055545622503 34.500000000000007 0.19375000000000003 0.31595925297113753 3.3003759398496242 0.44097222222222227 0.060661764705882353 28.500000000000004 3.6334605597964376 0.18374849939975993 3.9500000000000006 1.0000000180025095e-35 0.055363984674329451
decision_type=2 2 2 2 2 2 2 2 2 2 2 2 2 2 2
left_child=1 8 9 7 6 -5 -3 -4 14 13 -6 -11 -10 -2 -1
right_child=2 4 3 5 10 -7 -8 -9 12 11 -12 -13 -14 -15 -16
leaf_value=-0.00055125463830908792 -0.00066743887838099025 -0.00030806048826078865 -5.3847658456756196e-05 0.00084367237011997065 4.0139183687889358e-05 0.0018311160143130334 -1.8620414392852665e-05 0.00064324610922610048 -0.00026366928462140409 0.00019027728522283857 0.0008058438281479635 0.00048514926497884788 3.119902352763413e-05 4.8001020614480709e-06 -0.00034318806415344045
leaf_weight=11759 362 11329 3055 4898 1562 967 19524 1794 9713 14589 1518 7365 2121 4869 5560
leaf_count=11759 362 11329 3055 4898 1562 967 19524 1794 9713 14589 1518 7365 2121 4869 5560
internal_value=-3.90265e-06 -0.000213416 0.000344578 0.000644737 -7.53368e-05 0.00100875 -0.000125238 0.000202156 -0.000373776 0.000225875 0.000421045 0.00028969 -0.000209979 -4.00471e-05 -0.000485083
internal_weight=100985 63086 37899 10714 33933 5865 30853 4849 29153 27185 3080 21954 11834 5231 17319
internal_count=100985 63086 37899 10714 33933 5865 30853 4849 29153 27185 3080 21954 11834 5231 17319
is_linear=0
shrinkage=0.02


Tree=26
num_leaves=16
num_cat=0
split_feature=10 19 37 7 22 7 6 22 26 22 37 26 10 6 1
split_gain=15.0661 3.1167 3.44793 2.41381 1.76801 1.44722 1.23544 1.13137 0.989379 0.8543 0.81818 0.688514 0.665864 0.541806 0.202989
threshold=0.14642857142857144 0.6876990445859873 31.500000000000004 1.4448028673835127 0.84807692307692317 1.4377281021897812 1.4472222222222224 0.34166666666666673 0.64852941176470602 0.88562091503267981 40.500000000000007 0.65833333333333344 0.057189542483660101 1.8480769230769234 1.5857142857142861
decision_type=2 2 2 2 2 2 2 2 2 2 2 2 2 2 2
left_child=3 5 13 4 12 11 -4 14 -6 -7 -9 -2 -1 -3 -5
right_child=1 2 6 7 8 9 -8 10 -10 -11 -12 -13 -14 -15 -16
leaf_value=-0.0004882923491188884 -2.9183511967967605e-05 -0.00020975399595134112 0.0037188560362548047 -0.00090072171037603994 -0.00018445560395242443 0.00015382080699929677 0.0010278644153014732 -0.00018726367793954655 0.00056589252653194003 0.00038473126932374053 0.00010719091594683901 0.00080016342570169948 -0.00023233834939231948 0.00035595345841774327 -3.3440818078815937e-05
leaf_weight=16417 9995 978 71 666 16681 11730 3618 5601 726 14663 11542 415 5642 2082 158
leaf_count=16417 9995 978 71 666 16681 11730 3618 5601 726 14663 11542 415 5642 2082 158
internal_value=-3.8176e-06 0.000276604 0.000672285 -0.000216641 -0.000304142 0.000203739 0.00108435 -2.38666e-05 -0.000152525 0.000282505 1.03922e-05 3.06575e-06 -0.000423308 0.000171864 -0.000747013
internal_weight=100985 43552 6749 57433 39466 36803 3689 17967 17407 26393 17143 10410 22059 3060 824
internal_count=100985 43552 6749 57433 39466 36803 3689 17967 17407 26393 17143 10410 22059 3060 824
is_linear=0
shrinkage=0.02


Tree=27
num_leaves=16
num_cat=0
split_feature=7 23 23 23 26 37 27 31 14 6 17 20 26 7 6
split_gain=12.8511 3.84708 2.87803 2.02616 1.87028 1.61515 1.58374 1.01878 0.953107 0.794355 0.758397 0.743534 0.61275 0.441085 0.439055
threshold=1.4377281021897812 1.0196723426212591 0.84291617473435665 0.52189897698209731 0.89444444444444449 32.500000000000007 0.28852607124419205 3.3003759398496242 0.42481203007518792 1.7875939849624063 1.0500000000000003 1.7750000000000001 0.55277777777777792 1.8417493853018854 1.5131578947368423
decision_type=2 2 2 2 2 2 2 2 2 2 2 2 2 2 2
left_child=2 3 8 13 5 -3 -5 9 12 -4 -6 -9 -1 -2 -10
right_child=1 4 7 6 10 -7 -8 11 14 -11 -12 -13 -14 -15 -16
leaf_value=-0.00045966025254150271 -0.00044882034916524853 9.3905921902567554e-05 -0.0002379416510941412 -2.8903477508842886e-05 0.0024859500962954302 0.00056900266496796566 0.00026727589579234875 2.3814978095291594e-05 -0.00028134100177064944 0.00088598828631288864 0.00015038841436890995 0.00063922870519435456 5.2188856895017774e-05 -3.6114169815971269e-05 3.3646316390474654e-05
leaf_weight=19762 2768 3909 9462 11181 258 11271 20099 10667 5106 253 83 850 945 1744 2627
leaf_count=19762 2768 3909 9462 11181 258 11271 20099 10667 5106 253 83 850 945 1744 2627
internal_value=-3.73735e-06 0.000218138 -0.000233144 0.000103732 0.000481271 0.000447348 0.000161092 -5.63835e-05 -0.00036474 -0.000207467 0.00195082 7.02062e-05 -0.000435815 -0.000291601 -0.000173062
internal_weight=100985 51313 49672 35792 15521 15180 31280 21232 28440 9715 341 11517 20707 4512 7733
internal_count=100985 51313 49672 35792 15521 15180 31280 21232 28440 9715 341 11517 20707 4512 7733
is_linear=0
shrinkage=0.02


Tree=28
num_leaves=16
num_cat=0
split_feature=11 23 11 24 10 31 31 10 23 31 7 11 35 5 28
split_gain=16.6636 3.15645 3.0381 2.54822 1.87704 1.41487 1.26624 1.24444 1.17236 1.06229 0.670612 0.610557 0.495457 0.433724 0.397861
threshold=0.13898086828550407 0.75517339803054095 0.22692055545622503 0.55000000000000016 0.19375000000000003 3.3003759398496242 3.531588550575893 0.060661764705882353 1.1158657513348589 3.6334605597964376 1.4425504134629337 0.18482827913774202 0.020067114093959702 1.788888888888889 3.9000000000000004
decision_type=2 2 2 2 2 2 2 2 2 2 2 2 2 2 2
left_child=1 7 10 8 5 -3 -5 12 -4 -6 14 -12 -1 -9 -2
right_child=2 4 3 6 9 -7 -8 13 -10 -11 11 -13 -14 -15 -16
leaf_value=-0.00031948693009843719 -9.250526524090267e-05 -0.00029520923183950115 0.00018176593526532151 0.00039081687668174239 2.1669136133024401e-05 -1.4971986144992818e-05 0.0012379175474161144 -0.00027566154837129994 0.00073265663730151293 0.00075289195922402605 0.00017719414617104853 0.00039475035466840394 -0.00054541788647159424 -1.3569460244996714e-05 0.00051668745622713381
leaf_weight=6522 3573 11387 4363 985 1629 19847 2913 8222 2453 1606 13927 8482 10828 3764 484
leaf_count=6522 3573 11387 4363 985 1629 19847 2913 8222 2453 1606 13927 8482 10828 3764 484
internal_value=-3.65123e-06 -0.000199863 0.000332794 0.000617427 -6.97202e-05 -0.000117471 0.00102673 -0.000352422 0.000381649 0.000388011 0.000217153 0.000260015 -0.000461112 -0.000194206 -1.71461e-05
internal_weight=100985 63805 37180 10714 34469 31234 3898 29336 6816 3235 26466 22409 17350 11986 4057
internal_count=100985 63805 37180 10714 34469 31234 3898 29336 6816 3235 26466 22409 17350 11986 4057
is_linear=0
shrinkage=0.02


Tree=29
num_leaves=16
num_cat=0
split_feature=15 9 37 22 19 37 27 35 26 8 26 15 5 35 5
split_gain=12.1148 4.01442 2.7457 2.32274 1.75432 1.61614 1.29798 1.22356 1.12958 1.02533 0.968348 0.883201 0.836298 0.596002 0.371254
threshold=0.45485893416927897 0.29285714285714287 53.500000000000007 0.76696832579185525 0.70031847133757974 64.500000000000014 0.6407008495145633 0.054869787746500059 0.89444444444444449 1.0000000180025095e-35 0.31414473684210531 0.3112159329140462 1.7638888888888891 0.014760348583877951 1.788888888888889
decision_type=2 2 2 2 2 2 2 2 2 2 2 2 2 2 2
left_child=3 2 10 11 8 -6 -4 9 -3 -5 -2 13 -9 -1 -13
right_child=1 4 6 7 5 -7 -8 12 -10 -11 -12 14 -14 -15 -16
leaf_value=-0.00030936406194000078 -0.00022363441190197949 0.00037374377357244596 0.00024985553926062118 -8.3959803014495502e-05 0.00059449973875718202 0.0015668695272345629 0.0012064501965368115 -0.00029988024584766306 0.0022826909471768886 0.00025864182140418587 8.8253375431958915e-05 -0.00029574063513813242 0.00012616029654050553 -0.00060195805516453211 -3.8949411615013215e-05
leaf_weight=5069 8371 9366 18518 10168 1907 1118 590 11008 126 5308 7535 9909 2176 6780 3036
leaf_count=5069 8371 9366 18518 10168 1907 1118 590 11008 126 5308 7535 9909 2176 6780 3036
internal_value=-3.57113e-06 0.000228629 0.000118352 -0.00021023 0.000536242 0.000957976 0.000280039 -8.71324e-05 0.000400613 3.29188e-05 -7.52656e-05 -0.0003521 -0.000228796 -0.000477704 -0.000236303
internal_weight=100985 47531 35014 53454 12517 3025 19108 28660 9492 15476 15906 24794 13184 11849 12945
internal_count=100985 47531 35014 53454 12517 3025 19108 28660 9492 15476 15906 24794 13184 11849 12945
is_linear=0
shrinkage=0.02


Tree=30
num_leaves=16
num_cat=0
split_feature=10 31 7 27 23 23 27 37 31 35 23 14 25 14 31
split_gain=13.3797 3.11938 2.97981 2.24004 1.70114 1.55994 1.28009 1.08399 0.932835 0.689706 0.637823 0.561723 0.540574 0.51672 0.4964
threshold=0.14642857142857144 3.307981492192019 1.4377281021897812 0.50161290322580654 0.63053270661966321 1.0560373831775702 0.3685855263157895 67.500000000000014 3.6217351805587104 0.095413165266106423 0.56871739521496678 0.84807692307692317 1.0500000000000003 0.46410256410256417 1.0000000180025095e-35
decision_type=2 2 2 2 2 2 2 2 2 2 2 2 2 2 2
left_child=1 10 8 7 13 -5 -6 -4 9 -2 14 -10 -12 -3 -1
right_child=2 4 3 5 6 -7 -8 -9 11 -11 12 -13 -14 -15 -16
leaf_value=-0.0001351550923968394 -3.9944548665741342e-05 -0.00045344558519139124 0.00013712061820620247 0.00046064869531856154 -0.00011927509275191303 0.0011291623302239467 0.0001686865715696067 0.00039453379557531426 0.00027079279587093378 -0.00049848610925965191 -0.00032718963126417643 0.001986325016108955 0.0016126098882939136 -6.0305798610223022e-05 -0.00062964633738161818
leaf_weight=1014 6883 5479 13187 4302 16418 2137 9888 13315 1982 1638 16959 80 54 1851 5595
leaf_count=1014 6883 5479 13187 4302 16418 2137 9888 13315 1982 1638 16959 80 54 1851 5595
internal_value=-9.22644e-06 -0.000210232 0.000254974 0.000348796 -8.61308e-05 0.000684352 -1.06503e-05 0.000266846 -3.6127e-05 -0.00012936 -0.000386497 0.000344056 -0.000320256 -0.000355576 -0.000555354
internal_weight=100782 57258 43524 32941 33636 6439 26306 26502 10583 8521 23622 2062 17013 7330 6609
internal_count=100782 57258 43524 32941 33636 6439 26306 26502 10583 8521 23622 2062 17013 7330 6609
is_linear=0
shrinkage=0.02


Tree=31
num_leaves=16
num_cat=0
split_feature=10 27 23 10 26 27 9 23 30 29 6 26 14 22 27
split_gain=12.8514 2.86117 2.80642 1.93411 1.60427 1.40463 1.26342 1.15219 0.723464 0.659828 0.641048 0.634459 0.584967 0.472675 0.417451
threshold=0.14642857142857144 0.39404998894049992 0.61131095123900892 1.0000000180025095e-35 1.0250000000000001 0.43770424836601313 0.29285714285714287 0.82623792270531415 3.3416666666666672 3.5857142857142867 2.4522727272727276 1.0000000180025095e-35 0.46410256410256417 0.94868421052631591 0.58609707884911055
decision_type=2 2 2 2 2 2 2 2 2 2 2 2 2 2 2
left_child=2 7 9 14 6 -5 -3 10 -6 13 -2 -9 -11 -1 -4
right_child=1 4 3 5 8 -7 -8 11 -10 12 -12 -13 -14 -15 -16
leaf_value=-0.00057650687338205219 -7.6401006575406563e-05 0.00029097292830178415 -0.00038419374985203107 -0.00011423021901417132 0.00073662579402156256 0.00021152348662475625 0.00064869784831146247 -0.00087871506661176685 0.0034216510096810901 -0.00039403297635989099 0.00058031180325676408 0.00024500666709461309 8.0372643242814396e-05 0.00014781023654560587 0.0001729485409035867
leaf_weight=9007 10299 10383 10305 25330 85 6678 6555 198 104 3635 627 15273 1410 352 541
leaf_count=9007 10299 10383 10305 25330 85 6678 6555 198 104 3635 627 15273 1410 352 541
internal_value=-9.03838e-06 0.000249892 -0.000206038 -0.000124526 0.000451401 -4.59451e-05 0.000430063 0.000118745 0.00228681 -0.000447802 -3.77005e-05 0.000229867 -0.000259483 -0.000548171 -0.000355455
internal_weight=100782 43524 57258 42854 17127 32008 16938 26397 189 14404 10926 15471 5045 9359 10846
internal_count=100782 43524 57258 42854 17127 32008 16938 26397 189 14404 10926 15471 5045 9359 10846
is_linear=0
shrinkage=0.02


Tree=32
num_leaves=16
num_cat=0
split_feature=7 9 23 23 27 26 33 18 7 37 27 7 32 9 26
split_gain=11.7707 3.38507 2.71773 2.31283 1.72469 1.56227 0.909665 0.788214 0.755718 0.701985 0.885533 0.686804 0.534825 0.509431 0.430903
threshold=1.449356782283016 0.29285714285714287 0.95359603789836356 0.62542517006802734 0.61569230769230787 1.0250000000000001 0.47222222222222227 1.0250000000000001 2.5017985611510798 25.500000000000004 0.53006024096385562 1.1807869776980262 0.36666666666666675 0.29285714285714287 0.6132478632478634
decision_type=2 2 2 2 2 2 2 2 2 2 2 2 2 2 2
left_child=2 3 11 6 7 -5 -2 -3 -6 13 -11 14 -13 -4 -1
right_child=1 4 9 5 8 -7 -8 -9 -10 10 -12 12 -14 -15 -16
leaf_value=-0.00041656683207287398 -0.00026185943602605633 0.00037080567725671537 -0.00018490640725841222 0.00017707093025562517 0.0013203181829696711 0.0030380275845527651 0.0012936740750937085 0.0013970817092664634 0.0001091587311691708 6.7156694746286683e-05 0.00090612622644628549 -0.00018484598829713016 -0.00062666956639348826 0.00075198685380979929 9.603491512897574e-05
leaf_weight=19126 6548 11083 6567 30532 1277 75 150 314 268 7791 540 14419 1211 235 646
leaf_count=19126 6548 11083 6567 30532 1277 75 150 314 268 7791 540 14419 1211 235 646
internal_value=-8.84606e-06 0.000207807 -0.000224462 0.000110759 0.000486713 0.000184606 -0.000225155 0.000400198 0.0011171 0 0.000122942 -0.00032035 -0.000219794 -0.000150857 -0.000399305
internal_weight=100782 50247 50535 37305 12942 30607 6698 11397 1545 15133 8331 35402 15630 6802 19772
internal_count=100782 50247 50535 37305 12942 30607 6698 11397 1545 15133 8331 35402 15630 6802 19772
is_linear=0
shrinkage=0.02


Tree=33
num_leaves=16
num_cat=0
split_feature=10 15 23 37 10 23 25 15 25 29 14 23 35 37 14
split_gain=11.997 3.15806 2.61796 2.02332 1.82301 1.32814 1.21762 0.993576 0.673963 0.625859 0.560688 0.411806 0.410184 0.332195 0.313093
threshold=0.14642857142857144 0.52397372742200343 0.61131095123900892 34.500000000000007 1.0000000180025095e-35 0.82908687655523117 1.0500000000000003 0.27063246351172049 0.73214285714285732 3.5857142857142867 0.46410256410256417 1.5723809523809524 0.10177338355304456 74.500000000000014 0.84807692307692317
decision_type=2 2 2 2 2 2 2 2 2 2 2 2 2 2 2
left_child=2 5 9 11 12 14 -5 -6 -7 13 -11 -3 -4 -1 -2
right_child=1 3 4 6 7 8 -8 -9 -10 10 -12 -13 -14 -15 -16
leaf_value=-0.00047673409985411432 -0.00015012264537788393 7.9931858870464878e-05 -0.00025629806155131582 0.00050155733760393366 -0.00029684968812321381 0.00016157429535805932 0.0018942875691985719 4.7786311540821711e-06 0.00085610089290082158 -0.0003807988033161604 8.3644474109914415e-05 0.00090002421491829922 -0.00052446546561663238 -0.00082291652527401009 0.00057654495580924611
leaf_weight=7945 8332 6586 7321 15900 5203 11359 259 26805 595 3635 1410 256 3525 1414 237
leaf_count=7945 8332 6586 7321 15900 5203 11359 259 26805 595 3635 1410 256 3525 1414 237
internal_value=-8.65213e-06 0.00024152 -0.000198994 0.000402511 -0.000120255 6.05803e-05 0.000524731 -4.39551e-05 0.000197118 -0.000432508 -0.000249031 0.000112332 -0.000344456 -0.00053027 -0.000128728
internal_weight=100782 43524 57258 23001 42854 20523 16159 32008 11954 14404 5045 6842 10846 9359 8569
internal_count=100782 43524 57258 23001 42854 20523 16159 32008 11954 14404 5045 6842 10846 9359 8569
is_linear=0
shrinkage=0.02


Tree=34
num_leaves=16
num_cat=0
split_feature=11 11 23 23 6 31 31 13 14 34 34 23 30 31 22
split_gain=13.9631 4.21808 1.97242 1.70455 1.66537 1.43091 1.39248 1.0311 0.940483 0.631902 0.606365 0.509891 0.398639 0.382774 0.352803
threshold=0.11147660818713452 0.22692055545622503 0.70036496350364974 0.72557695644629538 1.5941176470588239 3.2310308738880171 3.4566073262581312 1.3166666666666669 0.29705882352941176 1.0000000180025095e-35 0.080128205128205107 0.81848688224527166 4.1937500000000005 2.857816711590297 1.0250000000000001
decision_type=2 2 2 2 2 2 2 2 2 2 2 2 2 2 2
left_child=3 5 13 8 10 11 -4 -7 14 -10 -5 -2 -6 -3 -1
right_child=1 2 6 4 12 7 -8 -9 9 -11 -12 -13 -14 -15 -16
leaf_value=-0.00055049666975859129 -0.00037552822952068618 -0.0010080822870649141 0.00014487256309300933 -0.00012815112567911245 0.00027438228870180328 0.00017057991599818382 0.00081498327739144838 0.0013181846352953897 -0.00010127487762584193 -0.00037840381794433816 -0.00034281162932438345 2.5725207806516851e-06 -0.00035454746318577617 6.1884641432289044e-05 0.00033849337132724785
leaf_weight=8736 2478 143 1536 14947 4110 33318 7412 317 5651 8296 8341 3237 432 1661 167
leaf_count=8736 2478 143 1536 14947 4110 33318 7412 317 5651 8296 8341 3237 432 1661 167
internal_value=-8.47228e-06 0.000228187 0.000579491 -0.00024263 -0.000136944 0.000131918 0.000701128 0.000181771 -0.000370888 -0.000266865 -0.000205488 -0.000159695 0.000212233 -1.84152e-05 -0.000532626
internal_weight=100782 50102 10752 50680 27830 39350 8948 33635 22850 13947 23288 5715 4542 1804 8903
internal_count=100782 50102 10752 50680 27830 39350 8948 33635 22850 13947 23288 5715 4542 1804 8903
is_linear=0
shrinkage=0.02


Tree=35
num_leaves=16
num_cat=0
split_feature=11 11 10 27 29 26 15 27 27 26 11 10 26 7 12
split_gain=13.3514 3.697 1.76814 1.5552 1.12818 0.971773 0.96093 0.594855 0.628293 0.544392 0.504059 0.481099 0.422543 0.346733 0.340922
threshold=0.11466871584699452 0.22508278145695368 0.060661764705882353 0.11706919685643087 3.4722222222222228 0.52786377708978338 0.31835016835016838 0.49236596736596738 0.59022085610200381 0.6132478632478634 0.16720430107526876 0.19375000000000003 0.55277777777777792 1.0324333800841516 0.55000000000000016
decision_type=2 2 2 2 2 2 2 2 2 2 2 2 2 2 2
left_child=2 4 6 14 13 -5 9 11 -9 -1 -6 -4 -8 -2 -3
right_child=1 3 7 5 10 -7 12 8 -10 -11 -12 -13 -14 -15 -16
leaf_value=-0.00044147074951011534 -0.00052507118226481132 -0.00087511388040505925 -0.0001565843444528213 0.00049928431203223264 0.00014846789590432488 0.00093143378096044492 -0.0002255018392731974 0.0004843017326596656 -0.00011294552256467671 0.00018942237911968057 0.00032925341789572063 0.00015914114665045419 0.00019628230868749629 4.3765837664431239e-06 0
leaf_weight=15831 515 258 15155 7080 16323 3092 14239 1462 1316 543 10272 2180 991 10806 529
leaf_count=15831 515 258 15155 7080 16323 3092 14239 1462 1316 543 10272 2180 991 10806 529
internal_value=4.26103e-06 0.000241374 -0.000219629 0.000565212 0.000147485 0.000631786 -0.000313011 -7.23812e-05 0.000197898 -0.000419918 0.00021869 -0.000116289 -0.000197378 -1.89137e-05 -0.000282002
internal_weight=100592 48875 51717 10959 37916 10172 31604 20113 2778 16374 26595 17335 15230 11321 787
internal_count=100592 48875 51717 10959 37916 10172 31604 20113 2778 16374 26595 17335 15230 11321 787
is_linear=0
shrinkage=0.02


Tree=36
num_leaves=16
num_cat=0
split_feature=10 23 10 26 7 7 23 30 7 22 37 6 23 29 23
split_gain=10.6654 3.03808 2.27785 2.09048 1.39352 1.39194 1.39099 0.891275 0.846898 0.819765 0.819408 0.697098 0.675292 0.64733 0.447723
threshold=0.14642857142857144 1.0118347338935576 1.0000000180025095e-35 0.78759398496240618 2.0668903803131999 1.7568506006006008 0.9566781357522679 3.0250000000000004 1.418704034983105 1.0513157894736844 34.500000000000007 1.3141447368421055 0.70608802961744155 3.9500000000000006 0.5781781462585035
decision_type=2 2 2 2 2 2 2 2 2 2 2 2 2 2 2
left_child=2 5 9 4 -3 12 8 -8 -4 14 -7 -5 -2 -11 -1
right_child=1 3 6 11 -6 10 7 -9 -10 13 -12 -13 -14 -15 -16
leaf_value=-0.00058037927470406018 -0.0001593601163807609 0.00033779667506318397 -0.00026222107335520882 0.0038587582355195829 0.00090256003794393115 6.7546263494880639e-05 -0.00031546920113995655 0.00015426677921608382 -3.7462049120122359e-05 -0.00014718358778892577 0.00043631841507390655 0.0013567077237895018 9.991656922004516e-05 0.00086333090753080099 -0.00034186688795650436
leaf_weight=5131 6021 12009 16771 53 2081 3871 1896 10536 11364 1953 6710 597 12034 289 9276
leaf_count=5131 6021 12009 16771 53 2081 3871 1896 10536 11364 1953 6710 597 12034 289 9276
internal_value=4.18103e-06 0.000240794 -0.000175025 0.000474305 0.000422034 0.000120223 -9.38432e-05 8.1784e-05 -0.000171803 -0.000372196 0.000302388 0.00158727 1.28908e-05 -1.18158e-05 -0.000427575
internal_weight=100592 43376 57216 14740 14090 28636 40567 12432 28135 16649 10581 650 18055 2242 14407
internal_count=100592 43376 57216 14740 14090 28636 40567 12432 28135 16649 10581 650 18055 2242 14407
is_linear=0
shrinkage=0.02


Tree=37
num_leaves=15
num_cat=0
split_feature=31 23 27 6 14 35 26 22 23 35 4 20 26 22
split_gain=8.21243 3.97849 2.14341 1.64059 1.42227 1.34937 1.29593 1.24181 1.11808 0.924647 0.776061 0.66812 0.460832 0.24223
threshold=3.3321839080459772 0.9566781357522679 0.32881309184517798 1.7029411764705884 0.17156862745098037 0.093854865771812054 0.78759398496240618 0.88562091503267981 0.45485893416927897 0.033445190156599504 1.2916666666666667 1.9000000000000001 0.6132478632478634 1.0741758241758244
decision_type=2 2 2 2 2 2 2 2 2 2 2 2 2 2
left_child=4 3 10 9 11 7 -4 -6 -5 -2 -3 13 -7 -1
right_child=1 2 6 8 5 12 -8 -9 -10 -11 -12 -13 -14 -15
leaf_value=-0.00060187921175473575 5.0274309326174125e-05 -7.3268714397379094e-05 0.00042666959509110418 -0.00039849448657502381 -0.00023418457532984363 -0.00049112312321515769 0.0012305541262546808 8.6029059886006594e-05 0.00022339468384886317 -0.00019286179504908316 0.00025507417186275145 0.0013096776644388837 0.00035524459963198751 -0.00019826535169774383
leaf_weight=5357 10598 5052 14578 1250 12830 5815 864 7724 13774 15084 6580 73 254 759
leaf_count=5357 10598 5052 14578 1250 12830 5815 864 7724 13774 15084 6580 73 254 759
internal_value=4.10188e-06 0.000129932 0.000317813 4.71565e-06 -0.000255514 -0.000191411 0.000472449 -0.000113368 0.000170942 -9.21432e-05 0.000111621 -0.000529498 -0.000453948 -0.000553506
internal_weight=100592 67780 27074 40706 32812 26623 15442 20554 15024 25682 11632 6189 6069 6116
internal_count=100592 67780 27074 40706 32812 26623 15442 20554 15024 25682 11632 6189 6069 6116
is_linear=0
shrinkage=0.02


Tree=38
num_leaves=16
num_cat=0
split_feature=11 11 23 31 10 25 31 15 30 10 31 23 23 27 35
split_gain=12.1084 3.41295 1.67509 1.5169 1.28942 1.21062 1.12331 0.978488 0.907544 0.778918 0.662595 0.656752 0.558304 0.512056 0.434716
threshold=0.11466871584699452 0.22508278145695368 0.72557695644629538 3.4784466740988482 0.19375000000000003 0.38750000000000007 3.3344748858447493 0.61382724479344497 3.226495726495727 0.060661764705882353 2.857816711590297 1.1633319994664535 1.1158657513348589 0.28310235431624647 0.084825711544611423
decision_type=2 2 2 2 2 2 2 2 2 2 2 2 2 2 2
left_child=2 6 7 10 8 -5 14 9 -4 -1 -3 -6 -8 -9 -2
right_child=1 3 4 5 11 -7 12 13 -10 -11 -12 -13 -14 -15 -16
leaf_value=-0.00045074609908816874 -1.9083326766235191e-06 -0.00076619088124388313 -0.00029154336133195113 0.00037344036185535016 0.00026562868756830742 0.00086263045162535861 0.00014895449369411944 -0.00025630067421796737 -5.039634132081033e-05 -0.00019640930465745479 0.00022028659632149811 0.0014074606519369854 0.00036297518887392721 0.00063622381580972121 -0.00038481874852780478
leaf_weight=14526 5778 310 9864 3521 1221 5092 24405 424 17357 7468 2036 250 6225 607 1508
leaf_count=14526 5778 310 9864 3521 1221 5092 24405 424 17357 7468 2036 250 6225 607 1508
internal_value=4.02053e-06 0.000229831 -0.000209188 0.000540987 -0.0001067 0.000663943 0.000139608 -0.000336446 -0.000138162 -0.000364867 8.51331e-05 0.000468122 0.000192798 0.000259706 -8.26161e-05
internal_weight=100592 48875 51717 10959 28692 8613 37916 23025 27221 21994 2346 1471 30630 1031 7286
internal_count=100592 48875 51717 10959 28692 8613 37916 23025 27221 21994 2346 1471 30630 1031 7286
is_linear=0
shrinkage=0.02


Tree=39
num_leaves=16
num_cat=0
split_feature=6 22 14 22 19 5 25 25 9 22 30 29 19 37 37
split_gain=7.02199 3.00235 1.84554 1.76204 1.31924 1.37597 0.895539 0.739707 0.734847 0.723918 0.703718 0.668233 0.605832 0.580324 0.579366
threshold=1.6961538461538463 1.0250000000000001 0.29705882352941176 0.8973684210526317 0.63665315576143611 2.3875000000000006 0.89444444444444449 0.10555555555555557 0.15476190476190474 0.53589743589743599 3.4522727272727276 3.9500000000000006 0.64308462238398556 31.500000000000004 55.500000000000007
decision_type=2 2 2 2 2 2 2 2 2 2 2 2 2 2 2
left_child=1 2 9 6 7 -6 14 -5 11 -1 -4 -3 -10 -8 -2
right_child=3 8 10 4 5 -7 13 -9 12 -11 -12 -13 -14 -15 -16
leaf_value=-0.00058972111958983118 -6.2372017948441878e-05 -2.1533505844691772e-05 -0.00018634313373630762 -5.4854383258699618e-05 0.00041324732999446323 0.0011249310846489185 0 0.00036402697292762831 0.00023328315951617835 -0.00028187872164437246 -2.1141978699017164e-06 0.00038530489795992516 0.00090777186599988794 0.001332144840584173 0.00018200430461054945
leaf_weight=4100 6704 11537 17874 2065 2937 1796 215 8308 4169 13263 15679 1870 628 383 9064
leaf_count=4100 6704 11537 17874 2065 2937 1796 215 8308 4169 13263 15679 1870 628 383 9064
internal_value=3.93888e-06 -0.000108716 -0.000187603 0.000251664 0.000407654 0.000685778 0.00010704 0.00027968 0.000111377 -0.000355206 -0.000100558 3.45153e-05 0.000324009 0.000867079 7.74752e-05
internal_weight=100592 69120 50916 31472 15106 4733 16366 10373 18204 17363 33553 13407 4797 598 15768
internal_count=100592 69120 50916 31472 15106 4733 16366 10373 18204 17363 33553 13407 4797 598 15768
is_linear=0
shrinkage=0.02


Tree=40
num_leaves=14
num_cat=0
split_feature=7 9 37 3 35 26 26 37 26 30 37 21 5
split_gain=10.2846 2.99042 1.64913 1.7591 1.30559 1.26448 1.0762 0.940918 0.935798 0.928837 0.857294 0.534983 0.266361
threshold=1.4340353956413634 0.29285714285714287 40.500000000000007 0.86267025894327209 0.18594360979625432 0.31009615384615391 0.64495798319327746 88.500000000000014 0.24264705882352941 2.7029411764705888 148.50000000000003 0.61250000000000016 1.788888888888889
decision_type=2 2 2 2 2 2 2 2 2 2 2 2 2
left_child=4 2 8 -4 5 11 7 -3 -2 -7 -8 -1 -6
right_child=1 6 3 -5 12 9 10 -9 -10 -11 -12 -13 -14
leaf_value=-0.00036424529411941282 -0.0003453551018079272 0.00025750390751392877 0.00062347249235813291 0.00013587196717431606 -0.00056577509213217615 -0.00047501778645870257 0.00083528525224098793 0.00064464203508941397 3.3404525204211095e-05 2.5771570977518258e-05 0.0032286324352025987 -0.00018272741797151998 0
leaf_weight=10560 3714 7605 3425 22652 4363 1651 1623 3868 8635 14080 64 17955 389
leaf_count=10560 3714 7605 3425 22652 4363 1651 1623 3868 8635 14080 64 17955 389
internal_value=2.34733e-06 0.00019954 0.000110072 0.000200341 -0.000205057 -0.000170871 0.000459962 0.000388984 -7.97364e-05 -2.62054e-05 0.000935718 -0.000250321 -0.000521054
internal_weight=100584 51586 38426 26077 48998 44246 13160 11473 12349 15731 1687 28515 4752
internal_count=100584 51586 38426 26077 48998 44246 13160 11473 12349 15731 1687 28515 4752
is_linear=0
shrinkage=0.02


Tree=41
num_leaves=16
num_cat=0
split_feature=11 11 37 11 27 37 20 27 20 27 37 30 15 5 27
split_gain=12.7317 2.72686 3.31862 1.55028 1.47299 1.13688 0.924471 0.879329 0.705807 0.669697 0.65096 0.609028 0.390712 0.355092 0.289892
threshold=0.11466871584699452 0.19063283208020049 16.500000000000004 0.052435192458758807 0.59532897128316986 60.500000000000007 1.5500000000000003 0.82207001522070022 1.9000000000000001 0.48660607510165038 13.500000000000002 3.4472222222222229 0.1822134387351779 1.788888888888889 0.5504231562477776
decision_type=2 2 2 2 2 2 2 2 2 2 2 2 2 2 2
left_child=3 5 6 10 -4 8 -3 -7 -2 13 11 -1 -12 -5 -11
right_child=1 2 4 9 -6 7 -8 -9 -10 14 12 -13 -14 -15 -16
leaf_value=-0.00033878115200745076 -4.2978088620191291e-05 -0.00016666559211735225 0.00048989537310875067 -0.00018730520776712623 0.0010916674627867635 0.00021330608299810112 0.00079709102519478808 0.002654268205165863 0.0011714182141208157 0.00037896074499212096 -0.00068612608334066673 -2.4879051371947701e-05 -0.0003830769883872575 4.0575145830380087e-06 -2.5420852859404866e-06
leaf_weight=6686 12807 3797 12319 20561 1917 17406 441 58 192 1338 2178 4037 10353 4655 1839
leaf_count=6686 12807 3797 12319 20561 1917 17406 441 58 192 1338 2178 4037 10353 4655 1839
internal_value=2.30441e-06 0.000233558 0.000425463 -0.000216622 0.000571773 0.00011683 -6.36913e-05 0.000222288 -2.40944e-05 -0.000116906 -0.000337924 -0.000221562 -0.000436649 -0.000151585 0.00015512
internal_weight=100584 48937 18474 51647 14236 30463 4238 17464 12999 28393 23254 10723 12531 25216 3177
internal_count=100584 48937 18474 51647 14236 30463 4238 17464 12999 28393 23254 10723 12531 25216 3177
is_linear=0
shrinkage=0.02


Tree=42
num_leaves=15
num_cat=0
split_feature=10 31 31 27 23 37 22 22 35 6 23 23 23 22
split_gain=9.63179 2.51054 2.2896 2.03088 1.5385 1.32797 1.27725 0.80932 0.793153 0.756646 0.626734 0.737501 0.498638 0.462891
threshold=0.14642857142857144 3.399275362318841 3.36014705882353 0.6407008495145633 0.45485893416927897 64.500000000000014 0.57518796992481214 1.341666666666667 0.20064935064935069 0.94281045751633996 1.2489669421487606 1.2862394957983196 0.62542517006802734 0.45227272727272733
decision_type=2 2 2 2 2 2 2 2 2 2 2 2 2 2
left_child=2 10 8 4 -3 -5 12 -8 9 -1 13 -12 -4 -2
right_child=1 3 6 5 -6 -7 7 -9 -10 -11 11 -13 -14 -15
leaf_value=-0.00039805070080623276 -0.0005381397890458576 -0.000527237818027154 -0.00042058148986712316 0.000492207209200977 0.00029271505490234973 0.0014837869465744535 -2.4854879209374202e-05 0.00039651904981347584 -0.00070881342789384598 -0.00016915523866526517 0.0017072663540968638 0.00012971223224984838 0 -4.2832631180162348e-05
leaf_weight=11112 832 934 4533 1454 29897 907 23584 1973 1874 12508 165 468 1543 8800
leaf_count=11112 832 934 4533 1454 29897 907 23584 1973 1874 12508 165 468 1543 8800
internal_value=2.25831e-06 0.000226744 -0.000168337 0.000311316 0.000267518 0.000878297 -5.42788e-05 7.31241e-06 -0.000309453 -0.000277287 -4.57527e-05 0.000560753 -0.000314908 -8.67575e-05
internal_weight=100584 43457 57127 33192 30831 2361 31633 25557 25494 23620 10265 633 6076 9632
internal_count=100584 43457 57127 33192 30831 2361 31633 25557 25494 23620 10265 633 6076 9632
is_linear=0
shrinkage=0.02


Tree=43
num_leaves=16
num_cat=0
split_feature=10 7 23 23 27 14 35 20 35 37 19 22 7 19 35
split_gain=9.25138 2.42826 2.27732 1.92047 1.88284 1.29369 0.884351 0.839048 0.762509 0.762004 0.702656 0.588445 0.370079 0.362422 0.343272
threshold=0.14642857142857144 1.4340353956413634 0.63053270661966321 1.0323891948596906 0.62643982523500608 0.29705882352941176 0.17405329593267879 1.7750000000000001 0.29901724636284804 22.500000000000004 0.55400544429321419 0.45227272727272733 1.59532897128317 0.22276159654800434 0.12936105476673429
decision_type=2 2 2 2 2 2 2 2 2 2 2 2 2 2 2
left_child=3 7 8 5 -4 12 -7 11 -3 10 -5 -2 -1 -9 -11
right_child=1 2 4 9 -6 6 -8 13 -10 14 -12 -13 -14 -15 -16
leaf_value=-0.00038024961966341497 -0.00061911937952041629 -0.0001917119472993484 0.00032018452423863308 -0.00027757524552109175 0.00091061233741029967 -9.3255206250490442e-05 -0.00042938979517154544 0.0024750184956586585 0.0010901532735231626 0.00028205984545135755 0.00041165174841049495 -3.4727088413641671e-05 -2.4295517966556406e-05 0.00058250962607450001 -3.4822115105183638e-05
leaf_weight=16604 748 3964 26527 3189 2376 24716 3615 51 191 5182 715 9271 1322 329 1784
leaf_count=16604 748 3964 26527 3189 2376 24716 3615 51 191 5182 715 9271 1322 329 1784
internal_value=2.20651e-06 0.000222216 0.0003061 -0.000164984 0.000369127 -0.000221249 -0.000136526 -4.34936e-05 -0.000129885 7.353e-05 -0.00014864 -7.94695e-05 -0.000354562 0.000874311 0.000199484
internal_weight=100584 43457 33058 57127 28903 46257 28331 10399 4155 10870 3904 10019 17926 380 6966
internal_count=100584 43457 33058 57127 28903 46257 28331 10399 4155 10870 3904 10019 17926 380 6966
is_linear=0
shrinkage=0.02


Tree=44
num_leaves=16
num_cat=0
split_feature=11 23 11 10 27 6 23 29 15 29 16 27 23 23 23
split_gain=11.5168 2.55071 2.77116 1.44019 1.24908 1.0395 0.861786 0.721139 0.678184 0.634783 0.627473 0.518684 0.560858 0.307267 0.288105
threshold=0.11466871584699452 0.62542517006802734 0.22692055545622503 0.095454545454545472 0.59532897128316986 2.4522727272727276 1.0668903803131993 3.5857142857142867 0.3112159329140462 4.0500000000000007 0.90000000000000013 0.44746043430253962 0.52189897698209731 0.42907444668008049 0.90392307692307716
decision_type=2 2 2 2 2 2 2 2 2 2 2 2 2 2 2
left_child=3 7 5 6 -4 -3 8 13 -1 -8 -9 14 -13 -2 -5
right_child=1 2 4 11 -6 -7 9 10 -10 -11 -12 12 -14 -15 -16
leaf_value=-0.00042684826566630955 -0.00079659693100281412 0.00016793888471833978 0.00046080862007081977 -0.00017544246609139437 0.0010443434623632838 0.00078468009111864556 -8.2092117504093423e-05 -0.00011232444271176688 -0.0002278315211589402 0.00096210051162040199 0.00059816680688503363 -0.00046790463865045609 0.00025589772891496104 -0.0002814416654758488 6.1913688870034491e-06
leaf_weight=14073 709 32531 7658 10897 1868 1140 3963 2772 14003 245 603 490 2989 1656 4987
leaf_count=14073 709 32531 7658 10897 1868 1140 3963 2772 14003 245 603 490 2989 1656 4987
internal_value=2.158e-06 0.000222106 0.00027483 -0.000206056 0.000576482 0.000189162 -0.000287943 -0.000172885 -0.000327967 -1.84932e-05 1.19345e-05 -6.89945e-05 0.000150871 -0.000440647 -0.000117793
internal_weight=100584 48937 43197 51647 9526 33671 32284 5740 28076 4208 3375 19363 3479 2365 15884
internal_count=100584 48937 43197 51647 9526 33671 32284 5740 28076 4208 3375 19363 3479 2365 15884
is_linear=0
shrinkage=0.02


Tree=45
num_leaves=16
num_cat=0
split_feature=11 11 37 22 11 37 37 15 10 25 34 7 11 37 22
split_gain=11.6366 3.70852 2.61317 1.14328 1.09907 1.58788 1.02401 1.17675 0.913137 0.712606 0.707516 0.698196 0.674535 0.588905 0.431013
threshold=0.18577749683944372 0.074199199199199165 16.500000000000004 1.2264957264957268 0.31051221961834624 35.500000000000007 53.500000000000007 0.39484741264927026 1.0000000180025095e-35 1.0500000000000003 0.05131578947368421 2.2510504201680677 0.42928571428571433 52.500000000000007 1.7817460317460319
decision_type=2 2 2 2 2 2 2 2 2 2 2 2 2 2 2
left_child=1 8 3 12 9 -6 10 -8 14 -4 -3 -5 -2 -10 -1
right_child=2 6 4 11 5 -7 7 -9 13 -11 -12 -13 -14 -15 -16
leaf_value=-0.00038813033341049261 -0.00026342437396041391 -3.0581659443392984e-06 0.00049895166396125899 0.0010900993349805342 4.9610381223717519e-05 0.0014980452361176675 -0.00013968225944029422 0.0001644317979308386 -8.2764293630057628e-05 0.0017333628433912538 -0.00025635592695714526 -9.728985668068201e-05 0.00045554654069684529 -0.00033152499616274293 0.00062126132409747055
leaf_weight=14034 2938 12955 13656 563 439 1091 6526 22675 12516 195 6751 282 625 5577 162
leaf_count=14034 2938 12955 13656 563 439 1091 6526 22675 12516 195 6751 282 625 5577 162
internal_value=1.70267e-05 -8.88612e-05 0.000451965 2.02802e-05 0.000575011 0.00108958 2.07769e-05 9.61194e-05 -0.000255227 0.0005173 -9.03591e-05 0.000682734 -0.000134317 -0.000160023 -0.000375821
internal_weight=100985 81196 19789 4408 15381 1530 48907 29201 32289 13851 19706 845 3563 18093 14196
internal_count=100985 81196 19789 4408 15381 1530 48907 29201 32289 13851 19706 845 3563 18093 14196
is_linear=0
shrinkage=0.02


Tree=46
num_leaves=16
num_cat=0
split_feature=15 37 10 27 10 22 22 26 35 19 22 16 35 15 28
split_gain=8.34248 3.13242 2.88322 2.07584 1.36887 1.22136 1.19548 1.10798 0.959749 0.869514 0.835571 0.640748 0.59474 0.594618 0.532217
threshold=0.50161290322580654 53.500000000000007 0.05131578947368421 0.57787971457696241 0.24264705882352941 1.1715686274509807 0.97500000000000009 0.34166666666666673 0.023346656976744155 0.62867965367965384 0.89181286549707617 0.77500000000000013 0.10838353413654615 0.31273854961832065 2.291666666666667
decision_type=2 2 2 2 2 2 2 2 2 2 2 2 2 2 2
left_child=2 4 10 6 11 14 -3 -6 -7 -5 13 -2 -12 -1 -4
right_child=1 3 5 9 7 8 -8 -9 -10 -11 12 -13 -14 -15 -16
leaf_value=-0.00043180499315789456 -0.00015061458095160603 0.00022744043171268316 -0.00043314951446661414 0.00045896594657131355 -3.2293766404792762e-05 0.000653122470807777 0.00056305947441961512 0.00058836848444595072 8.0046992872607805e-05 0.0013804819314945035 -1.751680735227031e-05 0.00020007090290176339 -0.00034491420291392453 -0.00021128147505797875 -2.180941022725056e-05
leaf_weight=11182 8629 10837 1322 676 1882 1888 7158 2843 3192 1228 7678 2727 3162 9147 27434
leaf_count=11182 8629 10837 1322 676 1882 1888 7158 2843 3192 1228 7678 2727 3162 9147 27434
internal_value=1.6686e-05 0.000261103 -0.000118448 0.000428918 5.27952e-05 9.10865e-06 0.000361545 0.00033913 0.000295173 0.00105938 -0.000257231 -6.55011e-05 -0.000113986 -0.000333103 -4.10965e-05
internal_weight=100985 35980 65005 19899 16081 33836 17995 4725 5080 1904 31169 11356 10840 20329 28756
internal_count=100985 35980 65005 19899 16081 33836 17995 4725 5080 1904 31169 11356 10840 20329 28756
is_linear=0
shrinkage=0.02


Tree=47
num_leaves=16
num_cat=0
split_feature=15 10 23 10 22 27 27 23 35 15 23 35 3 34 34
split_gain=8.01342 2.76948 2.75846 1.80124 1.17338 1.062 0.98985 1.00447 0.921496 0.908197 0.830451 0.930647 0.556734 0.528128 0.312233
threshold=0.50161290322580654 0.05131578947368421 1.0876552695607635 0.23303167420814477 1.1715686274509807 0.26510587805768532 0.57189849624060163 1.334474885844749 0.023346656976744155 0.96318879855465223 0.61131095123900892 0.09786409242930981 0.59918032786885256 0.10818713450292396 1.0000000180025095e-35
decision_type=2 2 2 2 2 2 2 2 2 2 2 2 2 2 2
left_child=1 10 3 5 13 -2 12 -8 -6 -5 14 -12 -4 -3 -1
right_child=2 4 6 9 8 -7 7 -9 -10 -11 11 -13 -14 -15 -16
leaf_value=-0.00027355443495089086 -0.00017039948559754075 2.0366229835415181e-06 -0.00062721822624919063 0.00047272463823567611 0.00064007385311618686 0.00015018251095269178 0.0012748873695943503 -0.00023646493065051545 7.8447053702309055e-05 -0.00031618508960931533 -8.9769625590717454e-05 -0.00036758787244842552 0.00049404468328455634 -0.00021213816617677133 -0.00051446120427410861
leaf_weight=4071 6017 23029 172 7233 1888 13096 1191 193 3192 618 14483 7338 7460 5727 5277
leaf_count=4071 6017 23029 172 7233 1888 13096 1191 193 3192 618 14483 7338 7460 5727 5277
internal_value=1.63513e-05 -0.000116089 0.000255901 0.000154105 8.9209e-06 4.87291e-05 0.000559132 0.00105688 0.000289315 0.000409287 -0.000252107 -0.000183678 0.000467308 -4.02822e-05 -0.000410698
internal_weight=100985 65005 35980 26964 33836 19113 9016 1384 5080 7851 31169 21821 7632 28756 9348
internal_count=100985 65005 35980 26964 33836 19113 9016 1384 5080 7851 31169 21821 7632 28756 9348
is_linear=0
shrinkage=0.02


Tree=48
num_leaves=16
num_cat=0
split_feature=11 11 22 27 20 23 29 17 28 35 29 18 11 20 23
split_gain=10.5692 3.32171 1.7758 1.52403 1.07825 0.844889 0.732348 0.711105 0.721436 0.698619 0.673475 0.655477 0.551673 0.513649 0.311708
threshold=0.18577749683944372 0.074199199199199165 1.1464285714285716 0.39404998894049992 1.7750000000000001 1.0295206971677562 3.2928571428571431 1.0500000000000003 4.4500000000000011 0.028674203494347305 4.3875000000000011 0.69615384615384623 0.24747371644380931 2.3666666666666667 1.2489669421487606
decision_type=2 2 2 2 2 2 2 2 2 2 2 2 2 2 2
left_child=1 5 3 12 6 9 -3 8 -4 -1 -5 -7 -2 -6 -9
right_child=2 4 7 10 13 11 -8 14 -10 -11 -12 -13 -14 -15 -16
leaf_value=-0.00017045944031681787 0.0002256946598592255 -0.00013645359848086619 0.00070895164657263255 0.00049047980502294223 0.00044056481578663584 -4.9941463588669692e-05 4.6185233245768212e-05 0.0022762689428670068 -0.00060353258974624408 -0.00037494869333895331 0.0021852512552280618 0.00099854891262357191 -0.0001459237734598916 0.0023891381868871592 0.00058141494039879295
leaf_weight=12285 4519 11659 5575 6741 1633 4415 35558 173 163 15339 97 250 2437 57 84
leaf_count=12285 4519 11659 5575 6741 1633 4415 35558 173 163 15339 97 250 2437 57 84
internal_value=1.60185e-05 -8.48917e-05 0.000430534 0.000304299 1.88604e-05 -0.000242342 8.71714e-07 0.000719124 0.000669728 -0.000284389 0.000516615 4.50887e-06 9.40583e-05 0.000514942 0.00176969
internal_weight=100985 81196 19789 13794 48907 32289 47217 5995 5738 27624 6838 4665 6956 1690 257
internal_count=100985 81196 19789 13794 48907 32289 47217 5995 5738 27624 6838 4665 6956 1690 257
is_linear=0
shrinkage=0.02


Tree=49
num_leaves=16
num_cat=0
split_feature=11 11 37 27 31 20 22 35 37 22 22 7 11 27 35
split_gain=10.1522 3.19055 2.40436 1.8575 1.16466 1.07124 1.04726 1.00998 0.98633 0.800745 0.786863 0.667387 0.650524 0.4776 0.406956
threshold=0.18577749683944372 0.074199199199199165 16.500000000000004 0.59532897128316986 3.6618176047397379 1.5500000000000003 1.2264957264957268 0.13962038303693566 89.500000000000014 0.89181286549707617 1.1937500000000003 2.2510504201680677 0.42928571428571433 0.51526806526806535 0.028674203494347305
decision_type=2 2 2 2 2 2 2 2 2 2 2 2 2 2 2
left_child=1 9 6 10 7 -6 12 -3 -5 14 -4 -8 -2 -11 -1
right_child=2 4 3 8 5 -7 11 -9 -10 13 -12 -13 -14 -15 -16
leaf_value=-0.00020535873905953088 -0.00026683735142962462 -1.7762105818331403e-05 0.00036271149903606859 0.00075249998023303223 8.3205169128350851e-05 0.00057477350355288309 0.0010408358236329745 -0.00036474713503587165 0.0016871020614079965 -0.00013957451382246358 0.00072573279016028907 -0.00012037365946551444 0.00043893799637303207 0.0002946542035208808 -0.00038276735424399525
leaf_weight=9476 2938 23351 10070 1301 19664 1960 563 3932 757 9289 3253 282 625 1123 12401
leaf_count=9476 2938 23351 10070 1301 19664 1960 563 3932 757 9289 3253 282 625 1123 12401
internal_value=1.57075e-05 -8.31899e-05 0.000421965 0.00053998 1.84895e-05 0.000128272 7.84545e-06 -6.81588e-05 0.00110244 -0.000237501 0.000452194 0.000642132 -0.000140053 -9.17324e-05 -0.000306406
internal_weight=100985 81196 19789 15381 48907 21624 4408 27283 2058 32289 13323 845 3563 10412 21877
internal_count=100985 81196 19789 15381 48907 21624 4408 27283 2058 32289 13323 845 3563 10412 21877
is_linear=0
shrinkage=0.02


Tree=50
num_leaves=16
num_cat=0
split_feature=10 31 27 26 31 10 26 10 6 21 6 27 22 5 26
split_gain=7.06768 2.77217 1.92864 1.40471 1.18343 1.01837 0.84257 0.773018 0.697489 0.635368 0.493741 0.470181 0.45993 0.458708 0.298136
threshold=0.18465909090909091 3.3659625435540073 0.4190826330532213 0.23303167420814477 3.5397527742660491 1.0000000180025095e-35 1.0250000000000001 0.06904761904761901 2.4522727272727276 1.3875000000000002 1.9045454545454545 0.49236596736596738 0.59411764705882364 3.6333333333333337 0.6132478632478634
decision_type=2 2 2 2 2 2 2 2 2 2 2 2 2 2 2
left_child=1 7 8 12 10 -5 -6 14 9 -2 -4 -9 -3 -10 -1
right_child=2 3 4 5 6 -7 -8 11 13 -11 -12 -13 -14 -15 -16
leaf_value=-0.00034574983306751906 5.6279895132424205e-05 -0.00040965158995283552 0.00034599313424162309 -0.00021380891547100004 0.00060206228932827444 0.00012334590768763449 0.0023617545171924258 -0.00016898037525644096 0.00063817702090694412 0.00045430634615854429 -0.00020790376315022461 0.00021588586705994389 -0.0001109240845236608 -0.00043681753687111727 9.920301190964839e-05
leaf_weight=17670 13749 2620 1707 4139 7119 25893 113 10617 1560 1831 1008 1419 10559 164 587
leaf_count=17670 13749 2620 1707 4139 7119 25893 113 10617 1560 1831 1008 1419 10559 164 587
internal_value=4.93319e-08 -0.000101845 0.000275242 7.65599e-07 0.000497558 7.65352e-05 0.000631585 -0.000248532 0.000146826 0.000103751 0.000136665 -0.000122747 -0.000171123 0.000529734 -0.000330887
internal_weight=100755 73504 27251 43211 9947 30032 7232 30293 17304 15580 2715 12036 13179 1724 18257
internal_count=100755 73504 27251 43211 9947 30032 7232 30293 17304 15580 2715 12036 13179 1724 18257
is_linear=0
shrinkage=0.02


Tree=51
num_leaves=16
num_cat=0
split_feature=15 37 10 7 35 20 10 31 35 14 31 10 30 21 35
split_gain=6.81999 2.38766 2.16481 1.8534 0.822486 1.00443 0.814465 0.772492 0.750353 0.696862 0.511077 0.484997 0.589581 0.52502 0.242107
threshold=0.50161290322580654 32.500000000000007 0.06904761904761901 2.0378073184676966 0.061470985155195661 1.2250000000000003 0.19375000000000003 3.4007299270072999 0.016736694677871103 0.8973684210526317 3.2862394957983194 0.21825396825396823 3.9428104575163405 1.3166666666666669 0.24496553588322742
decision_type=2 2 2 2 2 2 2 2 2 2 2 2 2 2 2
left_child=2 11 7 10 5 -4 -5 14 -9 -6 -3 13 -13 -2 -1
right_child=1 3 4 6 9 -7 -8 8 -10 -11 -12 12 -14 -15 -16
leaf_value=-0.00030758241162749374 -0.00016490611985141954 -0.00012593730888383218 9.807064369911883e-06 8.9071847049850374e-05 -0.00014456038807167569 0.00040277011868483967 0.00087036170585874162 0.00012632001829078631 -0.00021421884260792155 0.0014912884467496322 0.00027828784345132463 0.00033162877871912964 -0.00036632775936437694 0.00044107954603869742 -0.00062906449662407805
leaf_weight=17033 7049 1297 16815 679 13323 3089 3133 3468 9860 102 20291 2344 596 613 1063
leaf_count=17033 7049 1297 16815 679 13323 3089 3133 3468 9860 102 20291 2344 596 613 1063
internal_value=5.15233e-08 0.00022082 -0.000122542 0.000326075 -9.93926e-06 7.13296e-05 0.000733939 -0.000241644 -0.000124853 -0.000131167 0.00025353 -3.0418e-05 0.000186586 -0.000115017 -0.000327087
internal_weight=100755 36002 64753 25400 33329 19904 3812 31424 13328 13425 21588 10602 2940 7662 18096
internal_count=100755 36002 64753 25400 33329 19904 3812 31424 13328 13425 21588 10602 2940 7662 18096
is_linear=0
shrinkage=0.02


Tree=52
num_leaves=16
num_cat=0
split_feature=11 11 27 31 22 2 31 27 3 27 11 15 31 8 27
split_gain=8.23704 2.26686 1.97304 1.84081 1.14205 0.876292 0.765099 0.716371 0.598183 0.589985 0.586146 0.52172 0.436639 0.352563 0.29362
threshold=0.14551208285385497 0.21452540747842758 0.25378874856486799 3.3659625435540073 0.59411764705882364 1.5419580419580421 3.2862394957983194 0.41694260485651219 1.1155154369440086 0.48943609581907455 0.086811594202898509 0.68013605442176883 3.1266714209306472 1.0000000180025095e-35 0.28852607124419205
decision_type=2 2 2 2 2 2 2 2 2 2 2 2 2 2 2
left_child=3 5 11 9 10 8 -4 -6 -2 13 -5 -3 -11 -1 -7
right_child=1 2 6 4 7 14 -8 -9 -10 12 -12 -13 -14 -15 -16
leaf_value=-0.00032159842244771156 0.00015230141169736075 0.00024518197785058525 0 -0.00040925035542026559 -3.7933053055660333e-05 0.00016265392973181908 0.00064624280731963085 0.00018604499979556181 -0.00016479563745036281 -0.000170271680637812 -3.3157932179107885e-05 -0.00030806607672855408 0.0003161746506826787 -0.00015473079643880765 0.0017170973428197809
leaf_weight=19429 18408 1463 815 4299 22053 87 9198 7692 2702 1948 2797 1271 1183 7227 183
leaf_count=19429 18408 1463 815 4299 22053 87 9198 7692 2702 1948 2797 1271 1183 7227 183
internal_value=5.33062e-08 0.000252818 0.000464196 -0.000129267 -3.44211e-05 0.000126293 0.00059421 1.96597e-05 0.000111229 -0.000246228 -0.000262468 -8.39785e-06 1.04172e-05 -0.000276747 0.00125786
internal_weight=100755 34127 12747 66628 36841 21380 10013 29745 21110 29787 7096 2734 3131 26656 270
internal_count=100755 34127 12747 66628 36841 21380 10013 29745 21110 29787 7096 2734 3131 26656 270
is_linear=0
shrinkage=0.02


Tree=53
num_leaves=16
num_cat=0
split_feature=11 11 31 26 22 26 2 26 22 26 11 10 35 35 35
split_gain=7.912 2.17682 1.76781 1.67241 1.09705 0.896458 0.843009 0.74196 0.734127 0.615507 0.562687 0.521113 0.497845 0.417467 0.313577
threshold=0.14551208285385497 0.21452540747842758 3.3659625435540073 0.29705882352941176 0.59411764705882364 1.0250000000000001 1.5419580419580421 0.6132478632478634 1.0871212121212122 0.34166666666666673 0.086811594202898509 0.06904761904761901 0.031373031496062957 0.067878887609017571 0.20599461158509202
decision_type=2 2 2 2 2 2 2 2 2 2 2 2 2 2 2
left_child=2 6 7 8 10 -5 13 11 -3 -6 -4 -1 -9 -2 -8
right_child=1 3 4 5 9 -7 14 12 -10 -11 -12 -13 -14 -15 -16
leaf_value=-0.0003306221160432337 0.0001793797421251544 -0.00017209741531722136 -0.00040106915571514438 0.00056763025777606228 -6.1472924353131049e-05 0.002163976559767852 0.0007090133666684947 -6.9872791582670463e-05 0.00041796002883133358 0.00012152156571746189 -3.2495247994034833e-05 -0.00015373722154215984 0.00077076812634536507 -2.1880823862741771e-06 0.0023502878490835426
leaf_weight=17383 12981 1984 4299 9166 16568 146 192 696 1451 13177 2797 11257 451 8129 78
leaf_count=17383 12981 1984 4299 9166 16568 146 192 696 1451 13177 2797 11257 451 8129 78
internal_value=5.01038e-08 0.00024778 -0.000126691 0.000454923 -3.37385e-05 0.000594192 0.00012378 -0.000241311 7.43411e-05 1.926e-05 -0.000257249 -0.000261462 0.00025273 0.000108995 0.00123372
internal_weight=100755 34127 66628 12747 36841 9312 21380 29787 3435 29745 7096 28640 1147 21110 270
internal_count=100755 34127 66628 12747 36841 9312 21380 29787 3435 29745 7096 28640 1147 21110 270
is_linear=0
shrinkage=0.02


Tree=54
num_leaves=15
num_cat=0
split_feature=11 11 25 31 31 23 7 23 23 20 9 6 20 6
split_gain=7.60009 2.0905 1.87847 1.69769 1.11805 0.977176 0.761411 0.556642 0.518162 0.516663 0.492867 0.449708 0.340246 0.283384
threshold=0.14551208285385497 0.21452540747842758 0.38750000000000007 3.3659625435540073 3.2862394957983194 0.62542517006802734 1.4898644021366938 0.45485893416927897 1.0358427543679345 1.9000000000000001 1.0000000180025095e-35 2.6055555555555561 1.1000000000000003 1.2426470588235297
decision_type=2 2 2 2 2 2 2 2 2 2 2 2 2 2
left_child=3 7 6 9 -4 12 -3 -2 -7 10 -1 -9 -5 -11
right_child=1 2 4 5 -6 8 -8 11 -10 13 -12 -13 -14 -15
leaf_value=-0.00032044502105436912 -0.00049372679748088655 -0.00099471959709561495 -0.00014787900029135143 -0.0002545248054969917 0.00073834768919652449 -3.048567701069691e-05 0.00021761999266595199 0.00012251500832043312 0.00016042152831976167 0.00022809090161765065 -0.00015468559663369004 0.0007040474498057151 0.00054414073637915116 0.0019964162924072958
leaf_weight=15842 564 211 603 7605 6523 21289 5410 20263 7737 160 13732 553 210 53
leaf_count=15842 564 211 603 7605 6523 21289 5410 20263 7737 160 13732 553 210 53
internal_value=4.95215e-08 0.000242849 0.00044585 -0.000124166 0.000661932 -3.30695e-05 0.000169995 0.00012132 2.00645e-05 -0.000236491 -0.000243832 0.000138511 -0.000231651 0.000729087
internal_weight=100755 34127 12747 66628 7126 36841 5621 21380 29026 29787 29574 20816 7815 213
internal_count=100755 34127 12747 66628 7126 36841 5621 21380 29026 29787 29574 20816 7815 213
is_linear=0
shrinkage=0.02


Tree=55
num_leaves=16
num_cat=0
split_feature=11 31 37 11 26 27 26 35 19 27 30 2 6 11 27
split_gain=6.36618 1.68683 1.63984 2.47944 0.960206 0.898634 0.894993 0.682413 0.676889 0.676857 0.642649 0.560001 0.542276 0.252026 0.235346
threshold=0.13523674049989837 3.4517323775388298 28.500000000000004 0.22692055545622503 0.24264705882352941 0.54358379062895745 0.48684210526315791 0.062305900621118009 0.83388520971302438 0.38721035892776018 3.9750000000000005 0.93541666666666667 1.6201923076923079 0.17376207729468598 0.26689497716894978
decision_type=2 2 2 2 2 2 2 2 2 2 2 2 2 2 2
left_child=1 7 6 8 14 -5 13 12 -4 -8 -9 -6 -1 -2 -3
right_child=2 4 3 5 11 -7 9 10 -10 -11 -12 -13 -14 -15 -16
leaf_value=-0.00019169954428668146 3.7401392951419609e-05 -0.00023904064797405342 0.00015908236466361387 0.0004668895732227367 0.00016694247246957047 0.0010069598315114326 0.0015784505372628188 -0.00036488617314524508 0.001280955112793229 0.00020434054026088999 0.0014321073440787119 -4.5340136658331749e-05 0.00018701254884855457 -0.0002168748716929544 -5.0468438398013448e-06
leaf_weight=18482 2137 7554 22550 4654 9537 1758 154 12005 218 2416 76 10269 1619 5201 2340
leaf_count=18482 2137 7554 22550 4654 9537 1758 154 12005 218 2416 76 10269 1619 5201 2340
internal_value=-6.37293e-06 -0.000132683 0.000193335 0.000268848 -2.3609e-05 0.000616789 -2.8059e-05 -0.000233026 0.000170375 0.000291732 -0.000352519 5.638e-05 -0.000160684 -0.000141471 -0.000184722
internal_weight=100970 61882 39088 29180 29700 6412 9908 32182 22768 2570 12081 19806 20101 7338 9894
internal_count=100970 61882 39088 29180 29700 6412 9908 32182 22768 2570 12081 19806 20101 7338 9894
is_linear=0
shrinkage=0.02


Tree=56
num_leaves=16
num_cat=0
split_feature=11 31 37 11 3 27 27 6 34 11 28 31 32 27 7
split_gain=6.11534 1.61967 1.57464 2.38131 1.07602 0.862507 0.743611 0.615291 0.521932 0.499007 0.474884 0.388661 0.344103 0.26984 0.240639
threshold=0.13523674049989837 3.4517323775388298 28.500000000000004 0.22692055545622503 0.90938416422287405 0.54358379062895745 0.31835016835016838 1.4522727272727274 0.054093567251461951 0.096894559460760712 3.1000000000000005 2.7784237726098193 1.0000000180025095e-35 0.54577691811734375 1.1807869776980262
decision_type=2 2 2 2 2 2 2 2 2 2 2 2 2 2 2
left_child=1 7 11 10 6 -5 -3 8 -1 -6 -4 14 -9 -13 -2
right_child=2 4 3 5 9 -7 -8 12 -10 -11 -12 13 -14 -15 -16
leaf_value=-0.00020252755223440857 6.5720946880048545e-05 -3.7123495739485537e-05 -7.6039453081848564e-05 0.00045755578797067363 -0.00020744594499867009 0.00098684352238408548 0.00028214988918247487 9.8434980743225618e-05 -0.00039061532278174271 4.5511652265267092e-06 0.00020107501414500903 -4.8153608167408975e-05 -0.00027701350218719905 0.00021688077139842194 -0.00069680669381793616
leaf_weight=18579 207 5598 2765 4654 10663 1758 5984 3231 8979 7455 20003 7226 1393 1946 529
leaf_count=18579 207 5598 2765 4654 10663 1758 5984 3231 8979 7455 20003 7226 1393 1946 529
internal_value=-6.23341e-06 -0.000130032 0.000189498 0.000263496 -2.31437e-05 0.000604494 0.00012699 -0.000228358 -0.000264197 -0.000119673 0.000166979 -2.74308e-05 -1.25797e-05 7.02305e-06 -0.000469199
internal_weight=100970 61882 39088 29180 29700 6412 11582 32182 27558 18118 22768 9908 4624 9172 736
internal_count=100970 61882 39088 29180 29700 6412 11582 32182 27558 18118 22768 9908 4624 9172 736
is_linear=0
shrinkage=0.02


Tree=57
num_leaves=16
num_cat=0
split_feature=11 31 37 11 3 26 26 31 19 35 10 5 26 26 11
split_gain=5.87355 1.55562 1.51237 2.28728 1.0332 1.02742 0.845957 0.785116 0.649599 0.637051 0.603164 0.458995 0.384983 0.369516 0.242095
threshold=0.13523674049989837 3.4517323775388298 28.500000000000004 0.22692055545622503 0.90938416422287405 0.17914438502673799 0.48684210526315791 3.4669099756691 0.83388520971302438 0.062305900621118009 0.24264705882352941 1.6125000000000003 0.62019230769230782 0.97500000000000009 0.17376207729468598
decision_type=2 2 2 2 2 2 2 2 2 2 2 2 2 2 2
left_child=1 9 6 8 5 -3 14 -5 -4 11 -6 -1 -11 -8 -2
right_child=2 4 3 7 10 -7 13 -9 -10 12 -12 -13 -14 -15 -16
leaf_value=-0.00018860945314463904 3.8108216540286226e-05 -0.00023920953108204736 0.00015255937081209604 -1.3508638060027428e-05 -0.00014006125671281637 0.00022201020844270954 0.00033344385887105614 0.00067154922062837626 0.0012515839643099092 -0.00035905820267020895 0.0004746924640565384 0.00010784087089233956 0.00030140652481851904 -0.00091982780460347522 -0.0002110727166020593
leaf_weight=17780 2137 2428 22550 726 17464 9154 2478 5686 218 11735 654 2321 346 92 5201
leaf_count=17780 2137 2428 22550 726 17464 9154 2478 5686 218 11735 654 2321 346 92 5201
internal_value=-6.10661e-06 -0.000127435 0.000185715 0.000258235 -2.26741e-05 0.000124434 -2.68639e-05 0.000592444 0.000163631 -0.000223798 -0.000117269 -0.000153874 -0.000339268 0.000284011 -0.000137152
internal_weight=100970 61882 39088 29180 29700 11582 9908 6412 22768 32182 18118 20101 12081 2570 7338
internal_count=100970 61882 39088 29180 29700 11582 9908 6412 22768 32182 18118 20101 12081 2570 7338
is_linear=0
shrinkage=0.02


Tree=58
num_leaves=16
num_cat=0
split_feature=11 31 31 11 26 3 26 14 35 10 6 31 3 26 11
split_gain=5.64108 1.49391 1.35013 1.15239 1.16684 0.992066 0.986878 0.629389 0.61156 0.57945 0.49827 0.447922 0.470529 0.37011 0.235461
threshold=0.13523674049989837 3.4517323775388298 3.5093466107617055 0.22845894263217098 0.75735294117647067 0.90938416422287405 0.17914438502673799 0.46410256410256417 0.062305900621118009 0.24264705882352941 1.6201923076923079 2.8238526179702657 0.94538352272727277 0.62019230769230782 0.19367341835458868
decision_type=2 2 2 2 2 2 2 2 2 2 2 2 2 2 2
left_child=1 8 11 7 -5 6 -3 -4 10 -7 -1 14 -13 -10 -2
right_child=2 5 3 4 -6 9 -8 -9 13 -11 -12 12 -14 -15 -16
leaf_value=-0.00018053390796331971 -0.00012267370715574106 -0.00023442928118960846 0.00032538944824114861 0.00038416505744151092 0.001267011066426759 -0.00013726035264602959 0.00021757097242667772 9.0703141041739433e-05 -0.00035187826217581857 0.00046522755879999664 0.00018242647877120442 0.00010578641372399084 -0.00024062164924333775 0.00029541303842574697 -0.00074123455872982414
leaf_weight=18482 637 2428 7158 7295 665 17464 9154 13142 11735 654 1619 7781 1953 346 457
leaf_count=18482 637 2428 7158 7295 665 17464 9154 13142 11735 654 1619 7781 1953 346 457
internal_value=-5.97795e-06 -0.000124883 0.000182007 0.000254771 0.000459476 -2.22134e-05 0.000121928 0.000173973 -0.000219316 -0.000114912 -0.000150787 -6.98937e-06 3.52219e-05 -0.000332466 -0.000391072
internal_weight=100970 61882 39088 28260 7960 29700 11582 20300 32182 18118 20101 10828 9734 12081 1094
internal_count=100970 61882 39088 28260 7960 29700 11582 20300 32182 18118 20101 10828 9734 12081 1094
is_linear=0
shrinkage=0.02


Tree=59
num_leaves=16
num_cat=0
split_feature=15 23 23 10 27 18 28 15 7 25 27 7 9 18 2
split_gain=4.39854 2.07715 1.94392 1.11438 1.05331 0.825312 0.658341 0.589353 0.544235 0.538197 0.523782 0.385572 0.357777 0.341365 0.299517
threshold=0.50775240384615394 1.0196723426212591 0.62007751937984501 0.095454545454545472 0.26510587805768532 1.0954545454545457 3.3666666666666667 0.42050764655904843 1.9049356969065001 0.18333333333333332 0.87627551020408168 1.3754432624113477 0.29285714285714287 0.76696832579185525 0.6858552631578948
decision_type=2 2 2 2 2 2 2 2 2 2 2 2 2 2 2
left_child=1 3 10 7 11 -5 14 -1 -6 -8 13 -4 -12 -2 -3
right_child=2 6 4 5 8 -7 9 -9 -10 -11 12 -13 -14 -15 -16
leaf_value=-0.00029424840833474876 -0.00028014628324815583 5.4668576950394861e-05 -0.00033513104891014299 -7.1152886764601337e-05 0.00023509471018687132 0.0020993784559624538 -8.4532693796551104e-05 -3.9744899461143897e-05 0.00044833681146147584 0.00028602952964260585 7.7459717936375556e-05 8.9585974902157934e-05 0.0021301852238755073 0.0002258953808054124 -0.00025299681317728767
leaf_weight=22268 4457 2978 967 24334 14830 68 1938 4463 7374 7420 100 6979 60 582 2152
leaf_count=22268 4457 2978 967 24334 14830 68 1938 4463 7374 7420 100 6979 60 582 2152
internal_value=-5.85192e-06 -0.000102832 0.000173891 -0.000162804 0.000235623 -6.4523e-05 0.000108135 -0.000252137 0.000306397 0.000208218 -0.000182134 3.65699e-05 0.000925755 -0.000219649 -7.24947e-05
internal_weight=100970 65621 35349 51133 30150 24402 14488 26731 22204 9358 5199 7946 160 5039 5130
internal_count=100970 65621 35349 51133 30150 24402 14488 26731 22204 9358 5199 7946 160 5039 5130
is_linear=0
shrinkage=0.02


Tree=60
num_leaves=16
num_cat=0
split_feature=10 19 37 22 10 16 22 22 6 22 30 27 19 30 22
split_gain=4.82771 1.69165 1.58234 1.42469 0.973006 1.11525 0.808498 0.750752 0.722582 0.668998 0.668411 0.37419 0.346714 0.323826 0.259728
threshold=0.14642857142857144 0.63665315576143611 64.500000000000014 1.341666666666667 1.0000000180025095e-35 1.3666666666666669 0.45227272727272733 0.8973684210526317 2.4522727272727276 1.0250000000000001 3.9354166666666672 0.24683341350008012 0.62460191082802552 4.1464285714285731 0.53137254901960795
decision_type=2 2 2 2 2 2 2 2 2 2 2 2 2 2 2
left_child=3 6 7 4 14 -6 12 -3 -8 -4 11 -5 -2 -12 -1
right_child=1 2 9 10 5 -7 8 -9 -10 -11 13 -13 -14 -15 -16
leaf_value=-0.00041324902115922132 -0.00035517074954435695 -6.5862823743882812e-05 0.00048726293825293707 -0.00024422139615293536 -0.00010366825525589964 0.0011605146168065924 8.915875647074923e-05 0.00037611420582417138 0.00059303548049506724 0.0010440632133601278 0.0013021652078250882 0.00033030163526455778 0.001206344310194254 0.0001995397936851583 -0.00022855071237270539
leaf_weight=4434 1930 2739 2472 628 38229 278 30406 3407 1190 1440 361 1502 54 185 11666
leaf_count=4434 1930 2739 2472 628 38229 278 30406 3407 1190 1440 361 1502 54 185 11666
internal_value=-6.17611e-06 0.000152202 0.000379987 -0.000127003 -0.000149212 -9.42221e-05 8.3658e-05 0.000177561 0.000108489 0.000695204 0.000322223 0.000156151 -0.000306463 0.000948905 -0.000280083
internal_weight=100921 43638 10058 57283 54607 38507 33580 6146 31596 3912 2676 2130 1984 546 16100
internal_count=100921 43638 10058 57283 54607 38507 33580 6146 31596 3912 2676 2130 1984 546 16100
is_linear=0
shrinkage=0.02


Tree=61
num_leaves=16
num_cat=0
split_feature=11 11 23 23 27 23 3 22 9 26 11 22 9 22 5
split_gain=5.85613 1.50673 1.30024 1.29595 1.15267 0.789505 0.615526 0.524179 0.511616 0.487457 0.440184 0.482687 0.373528 0.35637 0.211096
threshold=0.11466871584699452 0.22692055545622503 0.70036496350364974 0.89299345692475474 0.54577691811734375 0.62542517006802734 0.69258241758241768 0.45227272727272733 0.10555555555555557 0.55277777777777792 0.074199199199199165 1.1622807017543864 0.38750000000000007 1.5419580419580421 0.35416666666666669
decision_type=2 2 2 2 2 2 2 2 2 2 2 2 2 2 2
left_child=3 5 12 7 -4 8 -7 14 -2 -9 11 -5 -3 -12 -1
right_child=1 2 4 10 -6 6 -8 9 -10 -11 13 -13 -14 -15 -16
leaf_value=-2.3645514606227105e-05 6.1442833885116081e-05 -0.00029848096252986663 0.00032449752345145111 -0.00018825642341111567 0.00085234764313995442 -0.00013202916791611656 0.00015303052062664926 -0.00020265545373558281 -0.00036197374919465198 0.00014300032034297844 0.00013140382961869461 0.00013919447837771207 0.00036538068491678968 -0.0009131999313831329 -0.00040627454132816397
leaf_weight=692 2159 1350 6836 6596 2241 3327 30317 26546 2341 1703 7049 2440 440 129 6755
leaf_count=692 2159 1350 6836 6596 2241 3327 30317 26546 2341 1703 7049 2440 440 129 6755
internal_value=-6.04054e-06 0.000150645 0.000358697 -0.000154168 0.000456078 9.10942e-05 0.000124538 -0.000221522 -0.00015667 -0.000181455 -5.26047e-06 -9.87169e-05 -0.000129491 0.000110989 -0.000372078
internal_weight=100921 49011 10867 51910 9077 38144 33644 35696 4500 28249 16214 9036 1790 7178 7447
internal_count=100921 49011 10867 51910 9077 38144 33644 35696 4500 28249 16214 9036 1790 7178 7447
is_linear=0
shrinkage=0.02


Tree=62
num_leaves=16
num_cat=0
split_feature=10 23 23 27 31 31 15 3 31 31 27 18 10 30 6
split_gain=4.49352 1.88462 1.54828 1.44338 1.08613 0.876746 0.836667 0.733206 0.629036 0.864279 0.505123 0.434874 0.360817 0.345041 0.305165
threshold=0.14642857142857144 0.69614048150905938 1.0668903803131993 0.63497856563550004 3.5817254174397037 3.5093466107617055 0.3112159329140462 1.1306020066889635 3.9429732868757266 3.9921567421259847 0.13732974105672804 0.8973684210526317 0.095454545454545472 4.1464285714285731 2.7071428571428577
decision_type=2 2 2 2 2 2 2 2 2 2 2 2 2 2 2
left_child=2 11 6 4 -3 -5 12 -8 10 -10 -4 13 -1 -2 -13
right_child=1 3 8 5 -6 -7 7 -9 9 -11 -12 14 -14 -15 -16
leaf_value=-0.00032204748176266438 -0.00017467731316947891 2.534234799474179e-05 -0.00038943411717876726 0.00013430987111108747 0.00026757301634797089 0.00094429521351034878 -6.8107070094022631e-05 -0.00036522760790393095 0.0020933757176381032 0.00034142766459187442 0.0001057777687000085 7.428788673625421e-05 -7.3227220358159205e-05 0.00038025459210420476 0.001106154754102885
leaf_weight=14300 8129 11867 922 833 20124 1667 26881 3820 129 1039 7275 376 2917 462 180
leaf_count=14300 8129 11867 922 833 20124 1667 26881 3820 129 1039 7275 376 2917 462 180
internal_value=-5.91789e-06 0.000146876 -0.000122492 0.000214656 0.000178038 0.000678728 -0.000168541 -0.000105424 0.000112049 0.000546717 4.87752e-05 -0.000107603 -0.000280485 -0.000143589 0.000429034
internal_weight=100921 43638 57283 34491 31991 2500 47918 30701 9365 1168 8197 9147 17217 8591 556
internal_count=100921 43638 57283 34491 31991 2500 47918 30701 9365 1168 8197 9147 17217 8591 556
is_linear=0
shrinkage=0.02


Tree=63
num_leaves=14
num_cat=0
split_feature=11 31 3 11 22 6 31 10 27 6 11 11 3
split_gain=5.45687 2.19161 1.31673 1.74925 1.14234 0.765652 0.535118 0.531392 0.4947 0.399457 0.388976 0.272537 0.216484
threshold=0.11466871584699452 3.36014705882353 1.1672043010752691 0.22692055545622503 0.60555555555555574 2.4472222222222229 3.6472473604826554 0.24264705882352941 0.34528091812264478 0.73508771929824568 0.070894063773943111 0.10211529867421422 0.95017730496453912
decision_type=2 2 2 2 2 2 2 2 2 2 2 2 2
left_child=4 9 3 -3 10 -4 8 -8 -6 -2 -1 -12 -11
right_child=1 2 5 -5 6 -7 7 -9 -10 12 11 -13 -14
leaf_value=-0.0003588975993837752 -0.0007887250402060543 0.00017912086563263622 -0.00025058751158978381 0.00052637998755735479 -0.00019758556560954489 0.00032556772786181305 6.7120054002878196e-06 0.00086721675067737299 -6.2191383862418673e-06 -6.190412295631357e-05 -5.4954956932205489e-05 -0.00038658344918980419 -0.00035684655377498043
leaf_weight=10775 355 27407 3537 7428 17035 1235 10506 294 8074 7881 3844 1382 1168
leaf_count=10775 355 27407 3537 7428 17035 1235 10506 294 8074 7881 3844 1382 1168
internal_value=-5.78801e-06 0.000145458 0.00021072 0.000253481 -0.00014878 -9.93092e-05 -8.57471e-05 3.12188e-05 -0.000136454 -0.00012833 -0.000289585 -0.00014468 -0.000101149
internal_weight=100921 49011 39607 34835 51910 4772 35909 10800 25109 9404 16001 5226 9049
internal_count=100921 49011 39607 34835 51910 4772 35909 10800 25109 9404 16001 5226 9049
is_linear=0
shrinkage=0.02


Tree=64
num_leaves=16
num_cat=0
split_feature=11 29 11 23 27 27 2 35 35 15 30 29 9 28 15
split_gain=5.24076 1.70405 1.30799 1.18543 1.07357 0.870232 0.741922 0.684292 0.674098 0.619619 0.565096 0.512687 0.54944 0.460539 0.358321
threshold=0.11466871584699452 3.3875000000000006 0.23100961538461537 0.89299345692475474 0.62643982523500608 0.57189849624060163 0.55277777777777792 0.022305140961857355 0.07075176544203092 0.3112159329140462 3.1715686274509807 3.5277777777777781 1.0000000180025095e-35 3.5500000000000003 0.60063291139240516
decision_type=2 2 2 2 2 2 2 2 2 2 2 2 2 2 2
left_child=3 5 6 7 -4 8 -3 14 -2 -9 -7 12 -5 -13 -1
right_child=1 2 4 11 -6 10 -8 9 -10 -11 -12 13 -14 -15 -16
leaf_value=-0.00012303217298369865 -4.1208170806830711e-05 0.00078627290674426157 0.00032920797083966553 -0.0002294255593230936 0.00096243805386085895 -0.00018834341568245257 0.00012820708246908581 -0.0004193203611774188 -0.00042428723559367068 -0.00019652157406316117 0.00070158219418927584 0.00052738698513236861 7.4864593087631287e-05 5.8843511203610339e-05 0.00034191286440418906
leaf_weight=13190 7408 707 6903 5463 1297 399 28946 8158 2475 13662 876 1001 4129 5621 686
leaf_count=13190 7408 707 6903 5463 1297 399 28946 8158 2475 13662 876 1001 4129 5621 686
internal_value=-5.67841e-06 0.000142541 0.000206636 -0.000145813 0.000430796 -7.40008e-05 0.000144286 -0.000210228 -0.000138221 -0.00028031 0.000415398 -3.37314e-06 -9.74093e-05 0.000131317 -9.92798e-05
internal_weight=100921 49011 37853 51910 8200 11158 29653 35696 9883 21820 1275 16214 9592 6622 13876
internal_count=100921 49011 37853 51910 8200 11158 29653 35696 9883 21820 1275 16214 9592 6622 13876
is_linear=0
shrinkage=0.02


Tree=65
num_leaves=16
num_cat=0
split_feature=11 37 29 23 11 26 23 26 11 37 23 13 26 32 23
split_gain=4.64972 1.88466 1.58562 1.08953 0.980889 0.844383 0.616147 0.595931 0.572522 0.688661 0.50276 0.497272 0.418887 0.393345 0.299131
threshold=0.18770973154362416 37.500000000000007 3.3166666666666669 0.89299345692475474 0.11418983700862891 0.34166666666666673 1.4243853630646086 0.34166666666666673 0.035842754367934208 14.500000000000002 1.0260304912478828 1.3875000000000002 0.93725490196078431 1.0000000180025095e-35 0.47248420870468116
decision_type=2 2 2 2 2 2 2 2 2 2 2 2 2 2 2
left_child=2 7 8 4 -4 10 -7 14 9 -1 -3 -5 -10 -9 -2
right_child=1 5 3 11 -6 6 -8 13 12 -11 -12 -13 -14 -15 -16
leaf_value=-0.00015952239311290699 -0.00072196175019408385 9.2146160605649922e-06 -0.00016577166923070337 0.00010734701201262531 7.2328724491048726e-05 0.00058904807044143307 -0.0012546416286911284 0.00032192821599782778 -0.00012043780517562821 -0.00048752196263819299 0.00045935374105533582 0.0014634982171383771 0.0014766100828464215 -0.00011434786737982689 -9.2431623768448348e-05
leaf_weight=6357 342 2320 18069 20591 11146 7322 68 2920 21030 4445 1796 108 63 1111 3127
leaf_count=6357 342 2320 18069 20591 11146 7322 68 2920 21030 4445 1796 108 63 1111 3127
internal_value=-7.70996e-07 0.000280909 -6.63387e-05 3.85132e-06 -7.45915e-05 0.000441752 0.000570395 3.27688e-05 -0.000176489 -0.000295484 0.000208187 0.000115047 -0.000115054 0.000199208 -0.000157757
internal_weight=100815 19006 81809 49914 29215 11506 7390 7500 31895 10802 4116 20699 21093 4031 3469
internal_count=100815 19006 81809 49914 29215 11506 7390 7500 31895 10802 4116 20699 21093 4031 3469
is_linear=0
shrinkage=0.02


Tree=66
num_leaves=16
num_cat=0
split_feature=10 19 37 23 35 35 23 7 26 2 14 2 34 21 14
split_gain=3.41687 1.44872 1.56635 1.36134 1.06356 1.05315 0.98453 0.853717 0.811486 0.466204 0.366582 0.436821 0.394621 0.362595 0.325163
threshold=0.14642857142857144 0.6254032258064518 35.500000000000007 0.61131095123900892 0.061470985155195661 0.17253783180352272 1.0196723426212591 0.8185736677115989 0.59411764705882364 1.6833333333333336 0.29705882352941176 0.2817460317460318 1.0000000180025095e-35 1.6833333333333336 0.59411764705882364
decision_type=2 2 2 2 2 2 2 2 2 2 2 2 2 2 2
left_child=3 4 9 10 6 7 -2 -5 -4 -3 11 -1 -12 -7 -6
right_child=1 2 8 5 14 13 -8 -9 -10 -11 12 -13 -14 -15 -16
leaf_value=9.8667800117527662e-05 5.6425718249954971e-05 1.9307801781796487e-05 0.00038498852638135415 -0.00025259517995886003 -0.00019908581093047403 -0.00031231281829850922 0.00034746821358231386 3.2774207190976264e-05 0.00088949915102685473 0.0018440479327712141 -1.3802477387708694e-05 -0.00044646351529875671 -0.00029583516767647437 0.00075061749134744925 1.8907956223861845e-05
leaf_weight=625 15242 4393 4399 4826 5722 5967 6760 31831 1883 55 3433 5491 4966 124 5098
leaf_count=625 15242 4393 4399 4826 5722 5967 6760 31831 1883 55 3433 5491 4966 124 5098
internal_value=-7.53043e-07 0.000132654 0.000334608 -0.000102393 6.63111e-05 -4.52829e-05 0.000146325 -4.53444e-06 0.00053804 4.49367e-05 -0.000269868 -0.000389107 -0.000181778 -0.000288793 -9.54663e-05
internal_weight=100815 43552 10730 57263 32822 42748 22002 36657 6282 4448 14515 6116 8399 6091 10820
internal_count=100815 43552 10730 57263 32822 42748 22002 36657 6282 4448 14515 6116 8399 6091 10820
is_linear=0
shrinkage=0.02


Tree=67
num_leaves=15
num_cat=0
split_feature=11 37 29 19 23 11 35 35 3 11 37 35 2 3
split_gain=4.34368 1.77543 1.49754 1.35727 1.0273 0.920527 0.832089 0.803815 0.753991 0.530064 0.658315 0.642198 0.450515 0.434889
threshold=0.18770973154362416 37.500000000000007 3.3166666666666669 0.63497856563550004 0.89299345692475474 0.11418983700862891 0.060075187969924802 0.08935830429732862 0.76776695526695538 0.035842754367934208 14.500000000000002 0.18770973154362416 1.7250000000000003 1.188745217047104
decision_type=2 2 2 2 2 2 2 2 2 2 2 2 2 2
left_child=2 12 9 6 5 -4 -3 -6 -5 10 -1 -11 13 -2
right_child=1 3 4 8 7 -7 -8 -9 -10 11 -12 -13 -14 -15
leaf_value=-0.00015271162768592435 0.0001002403417456901 0.00037810346318329659 -0.00016039470721607843 0.0024783846244215966 0.00020496474614062853 7.0250213659489759e-05 -0.00012673255914785037 -5.4343511141164094e-05 0.00067550931475447414 -8.175915692674398e-05 -0.00047343897766240775 -0.00052424107610633288 0.0017582779973745347 -0.00026244799614647733
leaf_weight=6357 5729 5784 18069 98 13323 11146 1651 7376 3973 19676 4445 1417 58 1713
leaf_count=6357 5729 5784 18069 98 13323 11146 1651 7376 3973 19676 4445 1417 58 1713
internal_value=-7.26904e-07 0.000271522 -6.41034e-05 0.000427633 4.1042e-06 -7.20588e-05 0.000264652 0.000112082 0.00072256 -0.000171152 -0.000285679 -0.000112005 3.06419e-05 1.53653e-05
internal_weight=100815 19006 81809 11506 49914 29215 7435 20699 4071 31895 10802 21093 7500 7442
internal_count=100815 19006 81809 11506 49914 29215 7435 20699 4071 31895 10802 21093 7500 7442
is_linear=0
shrinkage=0.02


Tree=68
num_leaves=16
num_cat=0
split_feature=11 10 23 31 25 3 28 6 35 5 35 6 3 31 18
split_gain=4.17268 1.642 0.958822 0.916386 0.812256 0.994083 0.699643 0.629767 0.578219 0.514528 0.489426 0.46073 0.324806 0.332628 0.30873
threshold=0.18770973154362416 1.0000000180025095e-35 0.82623792270531415 3.5186577554998615 0.38750000000000007 1.200649350649351 3.5500000000000003 2.8090909090909095 0.057233848953594159 0.95000000000000007 0.083067940552016967 0.84807692307692317 1.3003759398496244 3.8724118235042129 0.37171052631578955
decision_type=2 2 2 2 2 2 2 2 2 2 2 2 2 2 2
left_child=1 12 9 8 7 -6 -4 -5 11 -3 -10 -2 14 -14 -1
right_child=3 2 6 4 5 -7 -8 -9 10 -11 -12 -13 13 -15 -16
leaf_value=-0.00018744663719415963 -0.0011284068561045924 -0.00025821495671769334 -4.7078956322888106e-05 0.00012773154311698629 0.0005772859247532671 -8.7429322302341465e-05 0.00013831961919605722 0.0010373228130165053 -0.0010396808714835675 -5.5328237981985927e-05 -9.5130950897589502e-05 0.00019103566024433145 -0.00022122265655646282 0.00084873983134689946 -0.00037293523714637938
leaf_weight=10409 105 6272 14251 5856 6679 1010 18805 324 306 25794 868 3858 224 217 5837
leaf_count=10409 105 6272 14251 5856 6679 1010 18805 324 306 25794 868 3858 224 217 5837
internal_value=-7.10846e-07 -6.28293e-05 -1.73043e-05 0.000266123 0.000350716 0.000488671 5.80907e-05 0.000177357 3.57409e-05 -9.53377e-05 -0.000351178 0.000153003 -0.00023987 0.000284148 -0.000254744
internal_weight=100815 81809 65122 19006 13869 7689 33056 6180 5137 32066 1174 3963 16687 441 16246
internal_count=100815 81809 65122 19006 13869 7689 33056 6180 5137 32066 1174 3963 16687 441 16246
is_linear=0
shrinkage=0.02


Tree=69
num_leaves=16
num_cat=0
split_feature=11 37 10 27 23 17 22 12 23 27 1 26 15 18 22
split_gain=4.00734 1.68168 1.57704 1.09141 0.920879 0.951433 0.643696 0.640152 0.63547 0.483282 0.441235 0.436954 0.313214 0.305385 0.259631
threshold=0.18770973154362416 37.500000000000007 1.0000000180025095e-35 0.33438818565400846 0.82623792270531415 0.89444444444444449 1.1380952380952383 0.36666666666666675 0.69614048150905938 0.62345301757066474 0.84523809523809534 0.89444444444444449 0.63469899665551843 0.37171052631578955 0.324561403508772
decision_type=2 2 2 2 2 2 2 2 2 2 2 2 2 2 2
left_child=2 6 12 7 11 -6 9 -3 -5 -2 -8 -4 13 -1 -14
right_child=1 3 4 8 5 -7 10 -9 -10 -11 -12 -13 14 -15 -16
leaf_value=-0.00018368338284157403 -0.00017282363584479401 -0.00035913906425063375 -9.8464319428674075e-05 3.7560807989242881e-05 2.9876554677040094e-05 0.0004884026016406251 0 0.00026949399445484279 0.00060431172985971147 0.00034104963678314732 0.0005817532560963561 0.0010484755411744118 -0.00076737370388007457 -0.00036843840397815259 0.00043388605233182949
leaf_weight=10322 4518 853 31936 933 31130 1926 949 2581 7139 862 1171 130 79 5836 450
leaf_count=10322 4518 853 31936 933 31130 1926 949 2581 7139 862 1171 130 79 5836 450
internal_value=-7.02808e-07 0.000260789 -6.15801e-05 0.000412717 -1.69615e-05 5.69229e-05 2.63297e-05 0.000110314 0.000540068 -8.85351e-05 0.000322348 -9.34375e-05 -0.000235085 -0.00025107 0.000233445
internal_weight=100815 19006 81809 11506 65122 33056 7500 3434 8072 5380 2120 32066 16687 16158 529
internal_count=100815 19006 81809 11506 65122 33056 7500 3434 8072 5380 2120 32066 16687 16158 529
is_linear=0
shrinkage=0.02


Tree=70
num_leaves=15
num_cat=0
split_feature=23 31 26 10 3 34 8 31 26 8 5 30 26 34
split_gain=4.20848 2.07531 1.37781 0.890161 1.13101 0.803623 0.769215 0.840372 0.575407 0.548249 0.618637 0.505314 0.436949 0.373347
threshold=1.0708940637739435 3.3848752598752605 0.77350427350427364 0.23303167420814477 1.0750939849624062 0.44722222222222224 0.29166666666666669 3.4669099756691 0.095454545454545472 1.0000000180025095e-35 0.95000000000000007 3.5941176470588241 0.52786377708978338 1.0000000180025095e-35
decision_type=2 2 2 2 2 2 2 2 2 2 2 2 2 2
left_child=1 12 6 4 -3 -5 8 -8 -2 10 -4 -11 13 -1
right_child=2 3 9 5 -6 -7 7 -9 -10 11 -12 -13 -14 -15
leaf_value=-0.00014776984280534655 -0.00037106051702818084 2.9212103020757246e-05 0.00037048046498797663 0.00016793255821344913 -0.00021475347915712168 0.0016742986063026403 -0.00014075847039634134 0.00061419918752357193 0.00017746715587293362 0.0011302155801645275 0.002670763492003664 -0.00014038424875776646 4.3510190557074293e-05 -0.00029377731968167762
leaf_weight=13844 791 30014 84 8100 10157 144 705 3050 15787 345 152 175 2594 15086
leaf_count=13844 791 30014 84 8100 10157 144 705 3050 15787 345 152 175 2594 15086
internal_value=-9.22598e-06 -7.56232e-05 0.000241965 6.40657e-06 -3.22319e-05 0.000195857 0.00021012 0.000469795 0.00015065 0.00108245 0.00190403 0.000684553 -0.000201915 -0.000224268
internal_weight=101028 79939 21089 48415 40171 8244 20333 3755 16578 756 236 520 31524 28930
internal_count=101028 79939 21089 48415 40171 8244 20333 3755 16578 756 236 520 31524 28930
is_linear=0
shrinkage=0.02


Tree=71
num_leaves=16
num_cat=0
split_feature=11 11 26 22 37 37 2 3 30 26 11 26 37 15 30
split_gain=3.87819 1.85514 1.29839 1.03844 0.969821 0.783052 1.20551 0.756592 0.92992 0.702246 0.636899 0.509112 0.457532 0.380397 0.29708
threshold=0.2006289308176101 0.055363984674329451 0.52786377708978338 1.1846590909090913 53.500000000000007 15.500000000000002 0.52786377708978338 1.0866404199475068 3.6485294117647062 0.17914438502673799 0.085825892857142858 0.2817460317460318 52.500000000000007 0.34552139037433155 3.297058823529412
decision_type=2 2 2 2 2 2 2 2 2 2 2 2 2 2 2
left_child=1 3 7 12 9 14 -7 8 -2 -3 -6 -9 -1 -5 -4
right_child=2 4 5 13 10 6 -8 11 -10 -11 -12 -13 -14 -15 -16
leaf_value=-0.00019888499107525014 1.87793568712543e-05 -0.0002938986260716508 -0.00073325059100902282 0.00039887112226321612 -0.00010982543067703466 0.0036939830129796808 0.00066171362081589682 -0.00042670810742163185 0.00044951758336396279 -4.0893137232647334e-05 0.00010555287967437472 9.9510011620018466e-05 -0.00041669235976450316 -0.00019294853966969711 0.0002171047402113615
leaf_weight=16960 3485 5656 177 1432 6744 53 3322 1151 4884 20171 28759 1979 5174 596 485
leaf_count=16960 3485 5656 177 1432 6744 53 3322 1151 4884 20171 28759 1979 5174 596 485
internal_value=-9.03134e-06 -6.19527e-05 0.000281513 -0.000210383 -3.30809e-06 0.000591033 0.000714452 0.000171895 0.000271392 -9.67059e-05 6.4355e-05 -9.09531e-05 -0.000250284 0.000219999 -2.33763e-05
internal_weight=101028 85492 15536 24162 61330 4037 3375 11499 8369 25827 35503 3130 22134 2028 662
internal_count=101028 85492 15536 24162 61330 4037 3375 11499 8369 25827 35503 3130 22134 2028 662
is_linear=0
shrinkage=0.02


Tree=72
num_leaves=14
num_cat=0
split_feature=31 26 22 22 9 3 21 15 31 10 22 20 22
split_gain=3.18585 1.62061 1.36145 0.8879 0.78184 0.902412 0.685303 0.665528 0.624347 0.540602 0.415232 0.259432 0.306696
threshold=3.3531623175586032 0.47213622291021667 1.341666666666667 0.39444444444444454 0.31666666666666671 0.96615895556573539 1.2111111111111115 0.87244472256987915 3.8006410256410259 0.074175824175824162 1.6055555555555558 1.7750000000000001 0.87083333333333346
decision_type=2 2 2 2 2 2 2 2 2 2 2 2 2
left_child=6 2 3 -2 5 -3 11 -6 -4 -8 -11 12 -1
right_child=1 4 8 -5 7 -7 9 -9 -10 10 -12 -13 -14
leaf_value=-0.00022966539942146134 -0.00043216586636845021 0.00036187885849445634 0.00015996619195177936 6.7701901962126845e-06 0.00081261095611878697 2.9032097375477564e-05 -0.00021220287581197623 -0.00015384604894753658 0.00068332314426160776 0.00040548758272431851 -0.0010931856124787717 -0.001121320389812031 -9.275883927215478e-05
leaf_weight=21814 1918 6703 2275 45509 1551 6476 1137 328 1600 1753 72 122 9770
leaf_count=21814 1918 6703 2275 45509 1551 6476 1137 328 1600 1753 72 122 9770
internal_value=-8.84745e-06 7.22246e-05 1.84642e-05 -1.07875e-05 0.000254693 0.00019911 -0.000164316 0.000638605 0.000378882 0.000124506 0.000339756 -0.000191619 -0.000187641
internal_weight=101028 66360 51302 47427 15058 13179 34668 1879 3875 2962 1825 31706 31584
internal_count=101028 66360 51302 47427 15058 13179 34668 1879 3875 2962 1825 31706 31584
is_linear=0
shrinkage=0.02


Tree=73
num_leaves=15
num_cat=0
split_feature=11 11 27 37 37 34 37 35 37 6 37 11 10 10
split_gain=3.66389 1.74349 1.08068 0.923779 0.867973 0.756223 0.692691 0.666515 0.662089 0.674619 0.608459 0.601547 0.35676 0.215129
threshold=0.2006289308176101 0.055363984674329451 0.51171946529939583 53.500000000000007 16.500000000000004 0.44722222222222224 52.500000000000007 0.054869787746500059 57.500000000000007 2.1519230769230773 151.50000000000003 0.085825892857142858 0.05131578947368421 0.44722222222222224
decision_type=2 2 2 2 2 2 2 2 2 2 2 2 2 2
left_child=1 6 8 7 13 -6 12 -3 9 -2 -10 -5 -1 -4
right_child=2 3 4 11 5 -7 -8 -9 10 -11 -12 -13 -14 -15
leaf_value=-0.00018876880296734251 0.00016055168336977455 -2.4478641858566454e-06 0.00010856156473983617 -0.00010647449052646611 0.00066235909199066395 0.0026016483070521517 -0.00040759984669134472 -0.00020753602556794492 0.00037259950934678723 -0.00030640654270307552 -0.0011660879894214518 0.0001028236316322124 3.0371374611196848e-05 -0.0010646726346727629
leaf_weight=15290 4628 14296 872 6744 2977 85 5278 11531 5128 1681 100 28759 3594 65
leaf_count=15290 4628 14296 872 6744 2977 85 5278 11531 5128 1681 100 28759 3594 65
internal_value=-8.66887e-06 -6.011e-05 0.000273731 -3.25245e-06 0.000558126 0.00072112 -0.000204004 -9.44099e-05 0.000174206 3.44909e-05 0.000340821 6.27808e-05 -0.000146534 1.443e-05
internal_weight=101028 85492 15536 61330 3999 3062 24162 25827 11537 6309 5228 35503 18884 937
internal_count=101028 85492 15536 61330 3999 3062 24162 25827 11537 6309 5228 35503 18884 937
is_linear=0
shrinkage=0.02


Tree=74
num_leaves=16
num_cat=0
split_feature=23 11 11 31 37 6 26 37 3 15 26 37 37 37 8
split_gain=3.84354 1.99943 1.38707 1.20453 1.15765 1.58245 1.07688 0.632988 0.628502 0.421182 0.395516 0.387503 0.338809 0.277176 0.252895
threshold=1.0708940637739435 0.070894063773943111 0.26333570412517787 2.9095454545454551 38.500000000000007 1.7350877192982459 0.93725490196078431 31.500000000000004 1.1672043010752691 0.74652710785259513 0.52786377708978338 24.500000000000004 4.5000000000000009 76.500000000000014 1.0000000180025095e-35
decision_type=2 2 2 2 2 2 2 2 2 2 2 2 2 2 2
left_child=1 9 6 10 11 -6 7 -2 -5 13 -3 -4 -11 -1 -8
right_child=2 3 4 8 5 -7 14 -9 -10 12 -12 -13 -14 -15 -16
leaf_value=-0.00019388108787560092 1.566221743076397e-06 -0.00039692742061067974 0.00038635915711550595 4.9811766817918497e-05 0.0022578754072839565 0.00066842444376288476 0.0030267504712597273 0.00024624515044188234 -0.00018615869315047014 1.5193266297110766e-05 0.00044050020335809043 -0.00042264317439214607 0.0011511236594782936 -0.00036832826495028097 0.00089107238728067153
leaf_weight=21636 6952 3572 1044 44289 328 1210 59 11135 5014 459 228 294 142 4599 67
leaf_count=21636 6952 3572 1044 44289 328 1210 59 11135 5014 459 228 294 142 4599 67
internal_value=-8.49526e-06 -7.19527e-05 0.000231554 -6.56484e-07 0.000640813 0.00101638 0.000166316 0.000152763 2.56047e-05 -0.00021265 -0.000343846 0.000200768 0.000303094 -0.000224869 0.0020009
internal_weight=101028 79939 21089 53103 2876 1538 18213 18087 49303 26836 3800 1338 601 26235 126
internal_count=101028 79939 21089 53103 2876 1538 18213 18087 49303 26836 3800 1338 601 26235 126
is_linear=0
shrinkage=0.02


Tree=75
num_leaves=13
num_cat=0
split_feature=6 22 26 31 6 26 14 26 26 34 14 4
split_gain=2.41671 2.13589 1.32336 0.987182 0.882038 0.827256 0.77426 0.43012 0.421268 0.309191 0.261501 0.202515
threshold=1.1143790849673205 0.39444444444444454 0.89444444444444449 3.307981492192019 2.3514705882352946 0.2124060150375939 0.59411764705882364 0.58114035087719318 0.48684210526315791 0.054093567251461951 0.13809523809523808 2.7750000000000004
decision_type=2 2 2 2 2 2 2 2 2 2 2 2
left_child=3 8 6 9 -4 -5 -3 -7 -2 10 -1 -10
right_child=1 2 4 5 -6 7 -8 -9 11 -11 -12 -13
leaf_value=-0.00035051981602800036 -0.00055687874006471276 3.5329049103903987e-05 0.0012379565614113975 -0.00023427920728039876 -0.00028410131759184571 7.5258874815273909e-05 0.00017485865180205546 0.00055623296916208244 -0.00011313034366201429 -0.00036554794562490361 -0.00012784591682911417 0.00089396970096937162
leaf_weight=2824 2481 43754 649 3681 185 6118 25215 860 410 5280 9593 95
leaf_count=2824 2481 43754 649 3681 185 6118 25215 860 410 5280 9593 95
internal_value=1.26011e-05 7.371e-05 9.62403e-05 -0.000143905 0.000888496 7.24199e-06 8.64895e-05 0.000136111 -0.000449339 -0.000235498 -0.000179342 5.93794e-05
internal_weight=101145 72789 69803 28356 834 10659 68969 6978 2986 17697 12417 505
internal_count=101145 72789 69803 28356 834 10659 68969 6978 2986 17697 12417 505
is_linear=0
shrinkage=0.02


Tree=76
num_leaves=16
num_cat=0
split_feature=11 37 11 26 18 23 21 10 27 23 32 23 23 34 28
split_gain=3.43609 1.64019 1.56207 0.822973 0.800859 0.772196 0.67926 0.526915 0.490684 0.471273 0.460228 0.44977 0.237716 0.277379 0.264897
threshold=0.088335334133653409 53.500000000000007 0.22508278145695368 0.65833333333333344 1.1464285714285716 1.334474885844749 0.58571428571428574 0.19375000000000003 0.44746043430253962 0.43910678971654588 0.45000000000000007 1.1633319994664535 0.62458053691275184 1.0000000180025095e-35 1.0000000180025095e-35
decision_type=2 2 2 2 2 2 2 2 2 2 2 2 2 2 2
left_child=6 3 9 5 -4 -2 12 8 -8 -3 -5 -9 14 -14 -1
right_child=1 2 4 10 -6 -7 7 11 -10 -11 -12 -13 13 -15 -16
leaf_value=0.00019299169667483717 -7.4327499472462151e-05 -0.00038792527855638364 0.00057185865517855731 0.00048704750324945502 -0.001426704454271099 0.00036112943153485068 -0.000135418043702959 0.00014081842292494861 9.9521349925116035e-05 0.00015309548635037345 -0.0011675989961446222 0.0012314762867460347 0.00015000072179209207 -0.00025515514363306466 -0.00034805881410711781
leaf_weight=354 23132 646 4566 1602 77 1745 22688 772 4165 30421 65 196 1033 1842 7841
leaf_count=354 23132 646 4566 1602 77 1745 22688 772 4165 30421 65 196 1033 1842 7841
internal_value=1.23454e-05 0.000104571 0.000193094 -1.41492e-05 0.000535961 -4.33538e-05 -0.000135024 -8.17706e-05 -9.8601e-05 0.0001415 0.000415216 0.000374047 -0.000267917 -0.000106102 -0.000323426
internal_weight=101145 62254 35710 26544 4643 24877 38891 27821 26853 31067 1667 968 11070 2875 8195
internal_count=101145 62254 35710 26544 4643 24877 38891 27821 26853 31067 1667 968 11070 2875 8195
is_linear=0
shrinkage=0.02


Tree=77
num_leaves=16
num_cat=0
split_feature=23 6 26 6 31 26 14 23 22 22 30 26 22 6 4
split_gain=2.67782 1.69051 1.2066 0.992145 0.734592 0.704186 0.679608 0.628591 0.517503 0.489426 0.470554 0.349877 0.583328 0.414322 0.290451
threshold=0.66772823779193213 1.1291666666666669 0.89444444444444449 2.3514705882352946 3.307981492192019 0.17156862745098037 0.29705882352941176 1.0118347338935576 0.55277777777777792 0.39444444444444454 3.6055555555555561 0.54772727272727284 0.69615384615384623 0.25833333333333336 3.1000000000000005
decision_type=2 2 2 2 2 2 2 2 2 2 2 2 2 2 2
left_child=6 4 7 -4 8 -6 11 -3 -2 14 -11 13 -13 -1 -8
right_child=1 2 3 -5 5 -7 9 -9 -10 10 -12 12 -14 -15 -16
leaf_value=0.00018589756834183551 0.00045197362397435449 6.6666247086703543e-05 0.0013819407577167697 -0.00029646459801329505 -0.00029847481396212851 0.00014697740026755303 -0.00037521560169240036 0.00020790456636701966 -0.00022870901875057863 -0.00014881901835046425 7.1274407420957752e-05 -0.00010482267221224677 0.0016283627214667563 -0.00038908039740533101 0.00049193278729141538
leaf_weight=514 456 34525 534 178 1797 6614 2826 20150 10214 8341 7204 483 89 7068 152
leaf_count=514 456 34525 534 178 1797 6614 2826 20150 10214 8341 7204 483 89 7068 152
internal_value=1.21004e-05 7.37853e-05 0.000129788 0.000948679 -8.82482e-05 5.05701e-05 -0.000159709 0.000118907 -0.000198603 -9.19485e-05 -4.61821e-05 -0.000312351 0.000152164 -0.000348744 -0.000327299
internal_weight=101145 74468 55387 712 19081 8411 26677 54675 10670 18523 15545 8154 572 7582 2978
internal_count=101145 74468 55387 712 19081 8411 26677 54675 10670 18523 15545 8154 572 7582 2978
is_linear=0
shrinkage=0.02


Tree=78
num_leaves=14
num_cat=0
split_feature=11 23 11 3 27 21 20 5 26 10 5 0 23
split_gain=3.20587 1.24607 1.07578 0.962066 0.638057 0.63397 0.584454 0.536521 0.546748 0.336865 0.242131 0.235733 0.230131
threshold=0.088335334133653409 0.43910678971654588 0.22508278145695368 0.57197382769901861 0.87627551020408168 0.58571428571428574 2.3666666666666667 0.95000000000000007 0.80625000000000013 0.19375000000000003 0.31666666666666671 0.55000000000000016 0.31695242695001208
decision_type=2 2 2 2 2 2 2 2 2 2 2 2 2
left_child=5 4 6 -4 11 10 -3 9 -9 -7 -1 -2 -12
right_child=1 2 3 -5 -6 7 -8 8 -10 -11 12 -13 -14
leaf_value=6.2440599386508653e-05 -0.0010186310477757732 7.5891475978957036e-05 -0.00088544202328638276 0.00033239886950682724 0.0015840994815031688 -0.00019427861496487103 0.0019108657262154989 -1.5515942002190102e-05 0.0012766253468439435 0.00093914552655034863 -0.00049707684015867695 -0.0003427395102855798 -0.0002395442272723953
leaf_weight=817 255 49415 260 10330 61 11441 68 16149 130 101 1786 1865 8467
leaf_count=817 255 49415 260 10330 61 11441 68 16149 130 101 1786 1865 8467
internal_value=1.18614e-05 0.000100947 0.000118126 0.000301393 -0.000367331 -0.000130481 7.86923e-05 -7.90167e-05 -4.42746e-06 -0.000183333 -0.000258881 -0.000429634 -0.000285468
internal_weight=101145 62254 60073 10590 2181 38891 49483 27821 16279 11542 11070 2120 10253
internal_count=101145 62254 60073 10590 2181 38891 49483 27821 16279 11542 11070 2120 10253
is_linear=0
shrinkage=0.02


Tree=79
num_leaves=15
num_cat=0
split_feature=10 15 23 23 31 26 6 26 37 23 30 30 14 29
split_gain=2.95208 1.04236 1.02949 0.831548 0.824467 1.12857 0.905357 0.525821 0.468828 0.462538 0.411249 0.390579 0.355579 0.260831
threshold=0.14642857142857144 0.28018691588785055 0.70608802961744155 0.95017730496453912 3.6655913978494628 1.0250000000000001 1.297058823529412 0.89444444444444449 52.500000000000007 0.50157232704402521 4.2899159663865554 4.0954545454545466 0.44722222222222224 4.4365079365079376
decision_type=2 2 2 2 2 2 2 2 2 2 2 2 2 2
left_child=1 8 10 9 5 -4 -6 -5 11 -3 12 -1 -2 -12
right_child=2 3 4 7 6 -7 -8 -9 -10 -11 13 -13 -14 -15
leaf_value=-0.00018259870167779192 -0.00031585322238586759 -0.00025894440696197236 6.729758764539471e-05 9.7773987095831668e-05 0.0012257597005692663 0.0019276516252394878 0.00025927359933845486 0.0019106473005734959 -0.00044654712296623609 -4.9355682269783975e-05 0.00028589382322866526 0.00053605137927697436 -3.6447520740426882e-06 0.002026163516887303
leaf_weight=13160 1818 5191 15981 12353 401 130 17420 63 2969 23464 132 301 7706 56
leaf_count=13160 1818 5191 15981 12353 401 130 17420 63 2969 23464 132 301 7706 56
internal_value=1.16234e-05 -8.24013e-05 0.000135728 -2.82592e-05 0.00018775 8.31668e-05 0.000281717 0.000108084 -0.000217115 -8.76881e-05 -4.49989e-05 -0.000165709 -6.43446e-05 0.000872775
internal_weight=101145 57501 43644 41071 33932 16111 17821 12416 16430 28655 9712 13461 9524 188
internal_count=101145 57501 43644 41071 33932 16111 17821 12416 16430 28655 9712 13461 9524 188
is_linear=0
shrinkage=0.02


Tree=80
num_leaves=16
num_cat=0
split_feature=11 37 31 27 9 22 7 23 13 22 35 34 3 3 23
split_gain=3.82127 1.71035 1.27792 0.936867 0.908379 0.853902 0.756923 0.695938 0.473497 0.457493 0.486678 0.382826 0.376121 0.389035 0.288115
threshold=0.18577749683944372 30.500000000000004 3.3919459459459467 0.4494897433254304 0.47222222222222227 1.7303030303030307 2.2861692447679713 0.78598691384950936 0.58571428571428574 1.0871212121212122 0.093854865771812054 0.26969696969696971 1.1222621902478018 0.48610038610038614 1.100359712230216
decision_type=2 2 2 2 2 2 2 2 2 2 2 2 2 2 2
left_child=2 12 9 8 5 -4 -5 -6 -3 10 -1 -11 13 -2 -14
right_child=1 3 4 6 7 -7 -8 -9 -10 11 -12 -13 14 -15 -16
leaf_value=-0.00013862462649629273 -0.00082038333325573577 8.2898379323755666e-05 -6.7310010241593463e-06 0.00048503615088043184 -0.00044634817540645596 0.001277500564375749 0.0011560054138923686 0.0016375033754823555 0.00038682420996229838 5.969436690954615e-05 -0.00033412019431082566 -0.00085229140457682585 -0.00036235458038438596 0.00012764583289676825 0.00019435435598594134
leaf_weight=21969 176 3725 47259 3725 78 206 862 232 4846 4709 6797 189 1615 4449 456
leaf_count=21969 176 3725 47259 3725 78 206 862 232 4846 4709 6797 189 1615 4449 456
internal_value=2.18338e-07 0.000249094 -6.03369e-05 0.00038152 5.96677e-06 -8.9312e-07 0.000613754 0.00108163 0.000255953 -0.000154725 -0.000185185 2.21291e-05 -9.67299e-06 8.90692e-05 -0.000234883
internal_weight=101293 19854 81439 13158 47775 47465 4587 310 8571 33664 28766 4898 6696 4625 2071
internal_count=101293 19854 81439 13158 47775 47465 4587 310 8571 33664 28766 4898 6696 4625 2071
is_linear=0
shrinkage=0.02


Tree=81
num_leaves=16
num_cat=0
split_feature=11 26 31 9 21 35 7 3 26 15 11 35 31 30 31
split_gain=3.67079 1.35763 1.22746 0.871602 0.816452 0.798537 0.888473 0.740326 0.641786 0.509565 0.496049 0.480279 0.453078 0.306937 0.219961
threshold=0.18577749683944372 0.4330357142857143 3.3919459459459467 0.47222222222222227 2.0500000000000003 0.037807318467695757 1.6413418290854576 1.1652533237513476 0.58114035087719318 0.43494855625622303 0.14902948861515489 0.093854865771812054 3.3659625435540073 2.4868421052631584 4.103575989782887
decision_type=2 2 2 2 2 2 2 2 2 2 2 2 2 2 2
left_child=2 9 8 4 -4 6 -3 -7 11 14 -5 -1 -11 -10 -2
right_child=1 5 3 10 -6 7 -8 -9 13 12 -12 -13 -14 -15 -16
leaf_value=-0.00012840473951364063 -0.00046022640989477263 0.0008999400764128074 -3.9055151666498508e-06 0.0023665377125144005 0.0024342012080279265 0.00077032279828298674 9.5813879645305719e-05 6.0355447203039656e-05 -0.00093333225437375008 -0.00013981391583550094 0.00049695090448434378 -0.00031187556172769656 0.00020142865979477117 0.00026953053741514578 0.00082723409224015013
leaf_weight=24170 775 671 47412 86 53 3341 3232 751 84 1836 224 7649 9198 1761 50
leaf_count=24170 775 671 47412 86 53 3341 3232 751 84 1836 224 7649 9198 1761 50
internal_value=2.16912e-07 0.000244145 -5.9132e-05 5.84531e-06 -8.69973e-07 0.000445937 0.000237009 0.000642559 -0.000151638 0.000107207 0.00105951 -0.000172841 0.000143727 0.000208401 -0.000368295
internal_weight=101293 19854 81439 47775 47465 7995 3903 4092 33664 11859 310 31819 11034 1845 825
internal_count=101293 19854 81439 47775 47465 7995 3903 4092 33664 11859 310 31819 11034 1845 825
is_linear=0
shrinkage=0.02


Tree=82
num_leaves=15
num_cat=0
split_feature=31 15 27 37 23 22 23 23 25 6 33 10 15 15
split_gain=2.91232 1.80739 1.89756 0.942011 0.93904 0.616941 0.531016 0.463154 0.303027 0.282006 0.323843 0.265404 0.235317 0.321083
threshold=3.3848752598752605 0.41694260485651219 0.26510587805768532 32.500000000000007 0.89299345692475474 1.0871212121212122 1.9722222222222225 0.74921383647798756 0.78888888888888908 1.5751879699248124 1.0000000180025095e-35 0.44722222222222224 0.27308238636363641 0.59788211564320937
decision_type=2 2 2 2 2 2 2 2 2 2 2 2 2 2
left_child=5 4 7 -4 8 9 -6 -3 -2 10 -1 -11 -7 -14
right_child=1 2 3 -5 6 12 -8 -9 -10 11 -12 -13 13 -15
leaf_value=-0.00014850974381255805 -0.00022392487628430238 -0.00025027891620478358 1.3311645904333923e-05 0.00028289486213377258 4.8127357664000239e-05 0.0002389746771267291 0.00091573422035928504 1.7330001861677874e-05 0.00029071642448762799 -8.7964220605839396e-06 -0.00029668869979597201 -0.0011399273732129265 -0.00011554227931227676 0.00038475084542436062
leaf_weight=16682 10597 3613 6551 26385 7854 1778 293 8893 460 4580 9584 83 3340 600
leaf_count=16682 10597 3613 6551 26385 7854 1778 293 8893 460 4580 9584 83 3340 600
internal_value=2.21043e-07 8.10625e-05 0.000149885 0.000229582 -8.12683e-05 -0.000142109 8.07743e-05 -5.92107e-05 -0.000201562 -0.000177459 -0.000202977 -3.15539e-05 4.73519e-05 -3.66622e-05
internal_weight=101293 64646 45442 32936 19204 36647 8147 12506 11057 30929 26266 4663 5718 3940
internal_count=101293 64646 45442 32936 19204 36647 8147 12506 11057 30929 26266 4663 5718 3940
is_linear=0
shrinkage=0.02


Tree=83
num_leaves=16
num_cat=0
split_feature=31 15 27 37 23 23 23 19 27 6 23 27 23 15 15
split_gain=2.79756 1.73546 1.82246 0.904484 0.902003 0.511091 0.44488 0.429761 0.557397 1.02086 0.423108 0.568866 0.403302 0.266613 0.213139
threshold=3.3848752598752605 0.41694260485651219 0.26510587805768532 32.500000000000007 0.89299345692475474 1.4243853630646086 0.74921383647798756 0.50671171171171181 0.51526806526806535 1.4472222222222224 1.1596191668156626 0.44480286738351255 1.0118347338935576 0.53583099906629328 0.41565737633153371
decision_type=2 2 2 2 2 2 2 2 2 2 2 2 2 2 2
left_child=7 4 6 -4 14 -6 -3 8 12 -10 13 -12 -1 -9 -2
right_child=1 2 3 -5 5 -7 -8 10 9 -11 11 -13 -14 -15 -16
leaf_value=-0.00016452506635312173 -0.00018495213932435032 -0.00024527610675592805 1.3045498715563254e-05 0.0002772373940148919 2.3127613958628438e-05 0.00053905242154972659 1.6983479102251568e-05 -0.00050001867492406192 -3.1304924388654202e-05 0.0010802120963732402 -0.00033946031510281415 0.00092373134038312653 3.4690266055849154e-05 -0.00016153972334464136 -0.00089115606764188183
leaf_weight=25173 10877 3613 6551 26385 7283 864 8893 2805 1371 427 324 244 4752 1551 180
leaf_count=25173 10877 3613 6551 26385 7283 864 8893 2805 1371 427 324 244 4752 1551 180
internal_value=2.16625e-07 7.94513e-05 0.000146892 0.000224997 -7.96095e-05 7.91881e-05 -5.80113e-05 -0.000139279 -0.000111791 0.000228016 -0.00031422 0.000186972 -0.000132556 -0.000381924 -0.000197512
internal_weight=101293 64646 45442 32936 19204 8147 12506 36647 31723 1798 4924 568 29925 4356 11057
internal_count=101293 64646 45442 32936 19204 8147 12506 36647 31723 1798 4924 568 29925 4356 11057
is_linear=0
shrinkage=0.02


Tree=84
num_leaves=14
num_cat=0
split_feature=31 23 25 19 9 19 10 23 23 37 23 14 23
split_gain=2.68696 1.33736 1.31292 0.9681 0.552577 0.412812 0.585725 0.406302 0.398211 0.397775 0.402639 0.394189 0.344317
threshold=3.3848752598752605 0.70036496350364974 0.70714285714285718 0.67354024943310675 0.18333333333333332 0.50671171171171181 0.34166666666666673 1.1596191668156626 0.96930926216640512 91.500000000000014 0.52189897698209731 0.44722222222222224 0.85760368663594477
decision_type=2 2 2 2 2 2 2 2 2 2 2 2 2
left_child=5 9 3 -3 -4 6 8 -7 -1 11 -11 -2 -8
right_child=1 2 4 -5 -6 7 12 -9 -10 10 -12 -13 -14
leaf_value=-0.00015582838609963973 -0.00028195765905650197 6.614556682815223e-05 0.00021664081402416303 0.00033282021796025846 0.00078587886361965859 -0.00037433721460213953 0.0019150979729259715 0.0001829223396223888 1.2748096490743979e-05 -0.00023169030209811185 0.00018593061338355025 -3.9658566595160613e-05 0.00022630094320743116
leaf_weight=24346 4891 39628 1268 6350 1646 4356 83 568 7142 1249 3407 6207 152
leaf_count=24346 4891 39628 1268 6350 1646 4356 83 568 7142 1249 3407 6207 152
internal_value=2.10472e-07 7.7865e-05 0.00012958 0.000103206 0.000541928 -0.000136498 -0.000109548 -0.000307977 -0.000117277 -8.1992e-05 7.17031e-05 -0.000147375 0.000876091
internal_weight=101293 64646 48892 45978 2914 36647 31723 4924 31488 15754 4656 11098 235
internal_count=101293 64646 48892 45978 2914 36647 31723 4924 31488 15754 4656 11098 235
is_linear=0
shrinkage=0.02


Tree=85
num_leaves=15
num_cat=0
split_feature=11 37 11 18 27 27 29 34 19 31 19 26 3 31
split_gain=2.53635 1.00111 2.17881 0.809168 0.644223 0.642712 0.665637 0.749724 0.618172 0.528864 0.40561 0.385063 0.374762 0.285911
threshold=0.14330357142857142 28.500000000000004 0.31051221961834624 0.64852941176470602 0.73097601323407779 0.51526806526806535 3.9500000000000006 0.074175824175824162 0.73444413716814172 3.1266714209306472 0.51119465329991653 0.36038961038961043 1.0463269560951682 3.0871675812579151
decision_type=2 2 2 2 2 2 2 2 2 2 2 2 2 2
left_child=5 11 4 -4 -3 6 7 -1 9 -7 -8 -2 -10 -13
right_child=1 2 3 -5 -6 8 10 -9 12 -11 -12 13 -14 -15
leaf_value=-5.4881659655777002e-05 -0.00014757875947489645 0.00015200917638719555 0.0018804464085011188 0.00069612757836640213 0.00078957452873388927 -0.00016949183532335716 0.00019113122068411891 -0.00021679759756172031 -4.3929095597977341e-05 0.00030243450972032137 -7.8534285478124217e-05 -0.000374512995222087 -0.0010013215514002266 0.00017943982411069593
leaf_weight=33304 5131 24094 339 893 658 1179 5164 17620 468 4420 3862 407 271 3395
leaf_count=33304 5131 24094 339 893 658 1179 5164 17620 468 4420 3862 407 271 3395
internal_value=9.93882e-06 0.000147973 0.000210813 0.00103263 0.000169424 -6.26215e-05 -8.29725e-05 -0.000111108 0.000128263 0.000201249 7.46486e-05 -3.37035e-05 -0.000410266 0.000117345
internal_weight=101205 34917 25984 1232 24752 66288 59950 50924 6338 5599 9026 8933 739 3802
internal_count=101205 34917 25984 1232 24752 66288 59950 50924 6338 5599 9026 8933 739 3802
is_linear=0
shrinkage=0.02


Tree=86
num_leaves=16
num_cat=0
split_feature=11 37 11 22 35 17 11 27 26 21 26 26 27 29 35
split_gain=2.4365 0.961852 2.09349 0.939872 0.756203 0.717637 0.620665 0.618641 0.610256 0.543354 0.448475 0.369697 0.355535 0.247324 0.209091
threshold=0.14330357142857142 28.500000000000004 0.31051221961834624 1.341666666666667 0.022305140961857355 0.47222222222222227 0.038610614192009507 0.73097601323407779 0.44722222222222224 2.0500000000000003 0.17914438502673799 0.36038961038961043 0.61569230769230787 2.9500000000000006 0.42491830065359476
decision_type=2 2 2 2 2 2 2 2 2 2 2 2 2 2 2
left_child=3 11 7 4 10 -4 -6 -3 9 -5 -1 14 -10 -13 -2
right_child=1 2 5 8 6 -7 -8 -9 12 -11 -12 13 -14 -15 -16
leaf_value=-0.00012275558793171668 -0.00016259456523830517 0.00014896924405236286 0.0024490344479228508 7.0656290034967176e-05 -0.00028283311012621362 0.00082953950430711984 -8.8904739940014305e-05 0.00077383089539679608 0.0010985309989696526 0.0020804454066923688 6.5339941878058409e-05 -0.00047338154888892356 0 0.00016047865916736501 0.0008319336570889118
leaf_weight=7155 5050 24094 130 1969 8528 1102 30631 658 496 54 17322 256 133 3546 81
leaf_count=7155 5050 24094 130 1969 8528 1102 30631 658 496 54 17322 256 133 3546 81
internal_value=9.73692e-06 0.000145028 0.000206626 -6.13788e-05 -7.68817e-05 0.00101222 -0.000131406 0.000166046 0.000306631 0.000131244 9.9427e-06 -3.30309e-05 0.000852662 0.000114944 -0.000144628
internal_weight=101205 34917 25984 66288 63636 1232 39159 24752 2652 2023 24477 8933 629 3802 5131
internal_count=101205 34917 25984 66288 63636 1232 39159 24752 2652 2023 24477 8933 629 3802 5131
is_linear=0
shrinkage=0.02


Tree=87
num_leaves=16
num_cat=0
split_feature=11 23 27 11 11 27 23 27 34 31 31 17 23 11 8
split_gain=2.34043 1.11379 0.887606 0.912042 0.681229 0.631899 0.592254 0.584834 0.534324 0.494015 0.477958 0.440628 0.374195 0.370965 0.292328
threshold=0.14330357142857142 1.0295206971677562 0.62345301757066474 0.20640040962621609 0.34440765268579837 0.49236596736596738 0.45485893416927897 0.14777667984189721 0.06904761904761901 2.401388888888889 3.9335540838852103 0.68333333333333346 1.0488657683779639 0.055363984674329451 1.0000000180025095e-35
decision_type=2 2 2 2 2 2 2 2 2 2 2 2 2 2 2
left_child=1 5 6 11 -5 8 14 10 -1 -8 -3 -4 -9 -7 -2
right_child=2 7 3 4 -6 13 9 12 -10 -11 -12 -13 -14 -15 -16
leaf_value=-7.3965128207119753e-05 0.00022689086739468363 -0.00044402691948028345 -0.00029723096872382983 0.00090848976672629948 9.0269327823713649e-05 -9.9090718344086785e-05 -0.0011021985517915829 0.00055597951577195364 -0.00021455861937108253 0.00013031554587081154 0.00032500189696318656 0.00053446576992670694 0.00012955046777824312 0.00020875642231275797 -0.00056779318731601473
leaf_weight=30700 224 1204 732 1593 585 2558 127 921 16994 30521 425 388 9574 3912 747
leaf_count=30700 224 1204 732 1593 585 2558 127 921 16994 30521 425 388 9574 3912 747
internal_value=9.55122e-06 -6.01462e-05 0.00014215 0.000455243 0.000693591 -9.9031e-05 0.00010915 0.000112735 -0.000124277 0.00012481 -0.000237106 0 0.000168024 8.55069e-05 -0.0003741
internal_weight=101205 66288 34917 3298 2178 54164 31619 12124 47694 30648 1629 1120 10495 6470 971
internal_count=101205 66288 34917 3298 2178 54164 31619 12124 47694 30648 1629 1120 10495 6470 971
is_linear=0
shrinkage=0.02


Tree=88
num_leaves=15
num_cat=0
split_feature=11 23 26 15 3 20 26 23 7 6 34 25 34 2
split_gain=2.24781 1.06997 0.776809 0.822232 0.736437 0.717721 0.689988 0.663854 0.589355 0.56406 0.50578 0.475471 0.454226 0.440016
threshold=0.14330357142857142 1.0295206971677562 0.34166666666666673 0.60617990932951582 1.1094320255474455 2.2250000000000005 0.72474747474747481 0.60617990932951582 1.8662196106575761 1.4058823529411766 0.080128205128205107 0.95000000000000007 0.05131578947368421 0.59411764705882364
decision_type=2 2 2 2 2 2 2 2 2 2 2 2 2 2
left_child=1 9 4 13 7 6 -3 -2 -6 12 -5 -11 -1 -4
right_child=2 5 3 10 8 -7 -8 -9 -10 11 -12 -13 -14 -15
leaf_value=-9.2400315162207919e-05 -0.00037858017307138984 7.221642324294983e-05 0.00059412004506146472 0.00025025655005877568 0.00069077065222648566 0.00190600418307808 0.0010856228620351868 0.00014188561495401684 -0.00035758212572918868 -1.9328583020193615e-05 0.00056682990727513428 0.00097290674386880341 -0.00024550204550220268 6.31131544687774e-05
leaf_weight=23287 1062 11762 673 6164 227 87 275 11399 2494 18785 3166 193 11899 9732
leaf_count=23287 1062 11762 673 6164 227 87 275 11399 2494 18785 3166 193 11899 9732
internal_value=9.36229e-06 -5.894e-05 0.000139313 0.00022213 3.09859e-05 0.000110499 9.63761e-05 9.66724e-05 -0.000266008 -9.70542e-05 0.000358851 -8.60955e-06 -0.000144471 9.85274e-05
internal_weight=101205 66288 34917 19735 15182 12124 12037 12461 2721 54164 9330 18978 35186 10405
internal_count=101205 66288 34917 19735 15182 12124 12037 12461 2721 54164 9330 18978 35186 10405
is_linear=0
shrinkage=0.02


Tree=89
num_leaves=15
num_cat=0
split_feature=11 23 35 26 11 5 23 35 20 34 26 18 14 35
split_gain=2.15905 1.02813 0.785036 0.746283 0.718657 0.71225 0.697105 0.963679 0.689845 0.668118 0.662981 0.407457 0.392247 0.267063
threshold=0.14330357142857142 1.0295206971677562 0.020478054235392753 0.34166666666666673 0.22692055545622503 1.788888888888889 0.60617990932951582 0.059017027863777057 2.2250000000000005 0.080128205128205107 0.71008403361344552 1.0954545454545457 0.29705882352941176 0.27917452336056986
decision_type=2 2 2 2 2 2 2 2 2 2 2 2 2 2
left_child=1 2 12 6 11 -4 13 -8 10 -6 -3 -5 -1 -2
right_child=3 8 5 4 9 -7 7 -9 -10 -11 -12 -13 -14 -15
leaf_value=-0.00011791465753496938 -0.00043324214419753279 7.0516814448118092e-05 -0.00020058593907338912 0.00011544964070664533 0.0002426906963435489 2.809803669735387e-05 0.00020660030369832282 -0.0001394002268992241 0.0018687406985947255 0.00066386094111875709 0.0010536243447987856 0.0014995608179048561 6.6017447598458963e-05 0.00091377538024333489
leaf_weight=7082 1453 11756 26929 12528 4843 6736 8541 5133 87 2279 281 85 13417 55
leaf_count=7082 1453 11756 26929 12528 4843 6736 8541 5133 87 2279 281 85 13417 55
internal_value=9.18502e-06 -5.7753e-05 -9.51164e-05 0.000136546 0.00021772 -0.000154533 3.03533e-05 7.59847e-05 0.000108332 0.000379015 9.4469e-05 0.000125806 1.97945e-06 -0.000376346
internal_weight=101205 66288 54164 34917 19735 33665 15182 13674 12124 7122 12037 12613 20499 1508
internal_count=101205 66288 54164 34917 19735 33665 15182 13674 12124 7122 12037 12613 20499 1508
is_linear=0
shrinkage=0.02


Tree=90
num_leaves=15
num_cat=0
split_feature=11 37 11 7 23 35 11 31 16 22 13 37 30 21
split_gain=1.88969 1.19336 1.47107 0.80028 0.68026 0.563206 0.516717 0.494371 0.530354 0.426381 0.406602 0.397889 0.389026 0.317775
threshold=0.11075036075036072 28.500000000000004 0.22692055545622503 1.5264912280701757 1.3104754440961339 0.19271581739803254 0.038610614192009507 4.3357843137254912 0.77500000000000013 1.2264957264957268 1.3875000000000002 20.500000000000004 2.8918128654970769 1.4142857142857144
decision_type=2 2 2 2 2 2 2 2 2 2 2 2 2 2
left_child=4 7 10 -4 5 6 -1 9 -9 -2 -3 -7 -6 -14
right_child=1 2 3 -5 12 11 -8 8 -10 -11 -12 -13 13 -15
leaf_value=-0.00015929705047756714 -0.00014788459884121445 8.9028547205389903e-05 0.0024671884511525818 0.00040084367141474125 -0.00040577027201652531 -4.5534754781914603e-05 -1.3649962624475495e-05 -4.0838804903563916e-05 0.0016380610457365063 0.00017424953443417543 0.00081418808408175846 -0.00042072922516132204 0.00015295737037031922 0.00072520031626032723
leaf_weight=15409 10046 32729 76 6362 263 1815 26965 141 136 1937 314 3306 968 719
leaf_count=15409 10046 32729 76 6362 263 1815 26965 141 136 1937 314 3306 968 719
internal_value=1.23829e-05 9.69566e-05 0.000150563 0.000427548 -7.59161e-05 -9.11117e-05 -6.68545e-05 -7.48542e-05 0.00075345 -9.49582e-05 9.6271e-05 -0.000289773 0.000288785 0.000403338
internal_weight=101186 51741 39481 6438 49445 47495 42374 12260 277 11983 33043 5121 1950 1687
internal_count=101186 51741 39481 6438 49445 47495 42374 12260 277 11983 33043 5121 1950 1687
is_linear=0
shrinkage=0.02


Tree=91
num_leaves=15
num_cat=0
split_feature=27 15 26 37 7 22 37 10 5 37 22 19 18 37
split_gain=1.68067 1.29867 1.05417 1.02441 1.15996 0.689788 0.624312 0.524142 0.415027 0.335577 0.306401 0.295283 0.283397 0.217992
threshold=0.27305428384565084 0.4119634340222576 0.44722222222222224 28.500000000000004 2.3190572267057967 1.341666666666667 61.500000000000007 0.19375000000000003 3.183333333333334 136.50000000000003 1.2124060150375942 0.47385509227614492 0.80625000000000013 105.50000000000001
decision_type=2 2 2 2 2 2 2 2 2 2 2 2 2 2
left_child=2 5 8 12 -5 9 7 -4 10 -2 -1 -7 -3 -8
right_child=1 3 6 4 -6 11 13 -9 -10 -11 -12 -13 -14 -15
leaf_value=-0.00012752306568568475 -5.9993788169298557e-05 -1.4426553447516178e-05 0.0004780330829125072 0.0001767650228467333 0.00086783861860941815 0.00019181617337744685 -0.00052522419852071573 0.0016987375500758135 0.00062371464622137213 -0.00066791967175064231 6.5465378826735793e-05 0.00094337647706270217 -0.00042792367004362868 0.00038948621859843718
leaf_weight=35905 19893 7187 489 30124 1011 638 222 221 305 372 3550 348 736 185
leaf_count=35905 19893 7187 489 30124 1011 638 222 221 305 372 3550 348 736 185
internal_value=1.21373e-05 7.93286e-05 -8.67497e-05 0.000147845 0.000199581 -4.61316e-05 0.000517173 0.000875748 -0.000103993 -7.17116e-05 -0.000109903 0.000468567 -5.41981e-05 -8.51254e-05
internal_weight=101186 60309 40877 39058 31135 21251 1117 710 39760 20265 39455 986 7923 407
internal_count=101186 60309 40877 39058 31135 21251 1117 710 39760 20265 39455 986 7923 407
is_linear=0
shrinkage=0.02


Tree=92
num_leaves=15
num_cat=0
split_feature=11 37 11 7 27 20 26 35 26 21 31 26 11 31
split_gain=1.76339 1.11441 1.38464 0.771521 0.703718 0.571362 0.5341 0.740359 0.489403 0.485407 0.452166 0.361992 0.302321 0.219016
threshold=0.11075036075036072 28.500000000000004 0.22692055545622503 1.5264912280701757 0.61569230769230787 2.1000000000000005 0.2264957264957265 0.010582306830907001 0.47213622291021667 1.4722222222222225 3.8111499611499613 0.58578431372549034 0.024490203918432606 3.3774547554871011
decision_type=2 2 2 2 2 2 2 2 2 2 2 2 2 2
left_child=5 8 4 -4 -3 6 12 -8 9 -2 13 -10 -1 -7
right_child=1 2 3 -5 -6 10 7 -9 11 -11 -12 -13 -14 -15
leaf_value=-0.00025795567477546709 -0.00018639927319756924 7.3911088567858523e-05 0.0024168641731525079 0.00038789495383228319 0.00055579008080998773 0.0010317096661995439 0.00012334588602956544 -9.3059434658388402e-05 0.0003940348226144519 0.00036498328788817715 0.0023938477658308468 -4.3113885679099544e-05 -9.6678436492848009e-05 -0.00060197942873887848
leaf_weight=7444 8580 31776 76 6362 1267 66 9426 19119 1333 677 63 1670 13272 55
leaf_count=7444 8580 31776 76 6362 1267 66 9426 19119 1333 677 63 1670 13272 55
internal_value=1.18999e-05 9.36014e-05 0.000145407 0.000414143 9.27234e-05 -7.33935e-05 -7.77568e-05 -2.12451e-05 -7.24111e-05 -0.000144924 0.00102927 0.000147737 -0.000155133 0.000210109
internal_weight=101186 51741 39481 6438 33043 49445 49261 28545 12260 9257 184 3003 20716 121
internal_count=101186 51741 39481 6438 33043 49445 49261 28545 12260 9257 184 3003 20716 121
is_linear=0
shrinkage=0.02


Tree=93
num_leaves=16
num_cat=0
split_feature=23 15 4 5 37 35 20 37 35 23 5 3 22 22 37
split_gain=1.46857 0.96012 0.723658 0.804822 0.715564 0.680115 0.585267 0.569401 0.559078 0.602416 0.45686 0.426841 0.402749 0.335445 0.211853
threshold=1.0118347338935576 0.3112159329140462 1.3666666666666669 0.95000000000000007 94.500000000000014 0.026402927849424853 2.2250000000000005 48.500000000000007 0.22923301486199574 0.62542517006802734 1.5634920634920637 0.74032217782217791 1.1464285714285716 1.1622807017543864 19.500000000000004
decision_type=2 2 2 2 2 2 2 2 2 2 2 2 2 2 2
left_child=1 7 6 4 -4 -5 12 13 9 -3 -10 -9 -2 -1 -8
right_child=2 8 3 5 -6 -7 14 11 10 -11 -12 -13 -14 -15 -16
leaf_value=-0.00010515787225790158 -0.00012270089725664835 -9.7093836291844965e-05 0.00075309374923604759 0.00039540274504155644 0.0033609058873520959 0.00010353628318263531 0.00025788722390478305 -0.00012169100893868341 -0.00048985199634961145 6.1684849184387563e-05 -4.9363768989254967e-06 -0.00049442802389214606 0.00011054022088473922 0.00050537792031895624 0.0020425140722231429
leaf_weight=13307 5179 12519 304 5114 52 8864 64 2248 1583 40056 1608 2960 6890 363 75
leaf_count=13307 5179 12519 304 5114 52 8864 64 2248 1583 40056 1608 2960 6890 363 75
internal_value=1.16684e-05 -3.36587e-05 0.000139511 0.000235963 0.00117859 0.000211075 2.54238e-05 -0.000156959 7.90591e-06 2.36845e-05 -0.000248783 -0.000335566 9.62057e-06 -8.81424e-05 0.00130705
internal_weight=101186 74644 26542 14334 356 13978 12208 18878 55766 52575 3191 5208 12069 13670 139
internal_count=101186 74644 26542 14334 356 13978 12208 18878 55766 52575 3191 5208 12069 13670 139
is_linear=0
shrinkage=0.02


Tree=94
num_leaves=14
num_cat=0
split_feature=27 15 26 37 7 14 22 26 37 4 14 35 35
split_gain=1.55308 1.19065 1.00182 0.915375 1.13383 0.773657 0.673373 0.466494 0.437557 0.406443 0.353164 0.257337 0.215696
threshold=0.27305428384565084 0.41898326898326904 0.44722222222222224 32.500000000000007 2.3190572267057967 0.84807692307692317 1.341666666666667 0.44097222222222227 61.500000000000007 4.3000000000000016 0.12132352941176471 0.031957446808510606 0.22053033811949976
decision_type=2 2 2 2 2 2 2 2 2 2 2 2 2
left_child=2 6 9 7 -5 8 11 -3 -4 10 -1 -2 -8
right_child=1 3 5 4 -6 -7 12 -9 -10 -11 -12 -13 -14
leaf_value=-0.00030633998701007017 2.2481994105441104e-05 -0.00017416209244949812 0.00067772980863691986 0.00017495743534237684 0.00087878498762689972 0.0026312896767348953 0.00034520623154747182 0.00011367010750337621 -0.00014668991042272693 0.0011285207701741526 -8.5866341803195604e-05 -0.00011997848558369236 0.0013608141749807932
leaf_weight=3207 8128 4568 661 28175 953 64 934 4409 392 104 36449 13041 101
leaf_count=3207 8128 4568 661 28175 953 64 934 4409 392 104 36449 13041 101
internal_value=1.14395e-05 7.60337e-05 -8.36158e-05 0.000143924 0.000198387 0.000505098 -4.00263e-05 -3.16875e-05 0.000361648 -0.000100431 -0.000103963 -6.48104e-05 0.00045639
internal_weight=101186 60309 40877 38105 29128 1117 22204 8977 1053 39760 39656 21169 1035
internal_count=101186 60309 40877 38105 29128 1117 22204 8977 1053 39760 39656 21169 1035
is_linear=0
shrinkage=0.02


Tree=95
num_leaves=15
num_cat=0
split_feature=23 11 10 30 23 37 29 11 10 30 29 37 37 34
split_gain=2.0116 1.47934 0.943614 1.39917 0.931737 0.635455 0.634958 0.731407 0.667584 0.54449 0.564279 0.454525 0.451304 0.454376
threshold=1.0118347338935576 0.22845894263217098 0.21825396825396823 3.6485294117647062 0.62542517006802734 35.500000000000007 3.2361111111111116 0.18482827913774202 0.35147058823529415 3.8708333333333336 3.8660714285714293 15.500000000000002 1.0000000180025095e-35 0.41421568627450983
decision_type=2 2 2 2 2 2 2 2 2 2 2 2 2 2
left_child=4 9 3 -3 12 -4 8 -8 -6 11 -11 -2 -1 -14
right_child=1 2 5 -5 6 -7 7 -9 -10 10 -12 -13 13 -15
leaf_value=0.00017810416988387715 -0.0001894050581088931 0.0001866586952246437 -5.4832135565089481e-05 0.0014688520281354793 -0.00010525733509412139 0.00047987557459688309 -9.396792206608408e-06 0.00020780677380106274 -0.00176846944707997 0.00072978705411480972 0.00015818596216226656 7.2102472689770865e-05 -0.00019985346368474677 0.00065781200388256389
leaf_weight=1405 3311 643 1368 774 15415 2380 29622 7817 96 854 4062 13311 19986 243
leaf_count=1405 3311 643 1368 774 15415 2380 29622 7817 96 854 4062 13311 19986 243
internal_value=-6.35527e-07 0.000148217 0.000452519 0.000895154 -5.40652e-05 0.000282118 -8.6794e-06 3.56954e-05 -0.000116423 7.47431e-05 0.000259773 1.93937e-05 -0.000164675 -0.000188992
internal_weight=101287 26703 5165 1417 74584 3748 52950 37439 15511 21538 4916 16622 21634 20229
internal_count=101287 26703 5165 1417 74584 3748 52950 37439 15511 21538 4916 16622 21634 20229
is_linear=0
shrinkage=0.02


Tree=96
num_leaves=16
num_cat=0
split_feature=23 11 10 30 23 6 29 11 10 30 25 29 34 16 16
split_gain=1.93247 1.42096 0.906534 1.34302 0.894497 0.845988 0.609925 0.702486 0.641606 0.523124 0.621833 0.541743 0.345458 0.374156 0.245663
threshold=1.0118347338935576 0.22845894263217098 0.21825396825396823 3.6485294117647062 0.62542517006802734 1.7573529411764708 3.2361111111111116 0.18482827913774202 0.35147058823529415 3.8708333333333336 0.18333333333333332 3.8660714285714293 0.41421568627450983 0.77500000000000013 1.4500000000000002
decision_type=2 2 2 2 2 2 2 2 2 2 2 2 2 2 2
left_child=4 9 3 -3 12 -4 8 -8 -6 10 -2 -11 14 -14 -1
right_child=1 2 5 -5 6 -7 7 -9 -10 11 -12 -13 13 -15 -16
leaf_value=-0.00017528318703278169 -0.00023682011370053922 0.00018293709140415341 0.00092964581726896203 0.0014395506998773702 -0.00010315246008234575 0.00013383935352879515 -9.2088689666936576e-06 0.00020365170315946669 -0.0017338218889674361 0.00071522541544356637 7.7847718097025367e-05 0.00015502380163181487 -0.00012765013534604138 0.0013393834620479526 0.00084260104062116659
leaf_weight=21290 3076 643 657 774 15415 3091 29622 7817 96 854 13546 4062 129 125 90
leaf_count=21290 3076 643 657 774 15415 3091 29622 7817 96 854 13546 4062 129 125 90
internal_value=-6.14202e-07 0.000145279 0.000443524 0.000877439 -5.29844e-05 0.000276427 -8.51086e-06 3.49763e-05 -0.000114112 7.3259e-05 1.89935e-05 0.000254626 -0.000161362 0.000560076 -0.000170452
internal_weight=101287 26703 5165 1417 74584 3748 52950 37439 15511 21538 16622 4916 21634 254 21380
internal_count=101287 26703 5165 1417 74584 3748 52950 37439 15511 21538 16622 4916 21634 254 21380
is_linear=0
shrinkage=0.02


Tree=97
num_leaves=15
num_cat=0
split_feature=23 11 10 31 23 31 37 11 26 37 31 31 26 26
split_gain=1.85681 1.3655 0.870565 0.93068 0.858819 0.855867 0.613359 0.800851 0.441038 0.56835 0.433691 0.375061 0.337907 0.219835
threshold=1.0118347338935576 0.22845894263217098 0.21825396825396823 3.7629247804505539 0.62542517006802734 3.8685170956588553 24.500000000000004 0.17153518123667377 0.12132352941176471 122.50000000000001 1.0000000180025095e-35 3.8935298221137082 0.44722222222222224 0.40588235294117653
decision_type=2 2 2 2 2 2 2 2 2 2 2 2 2 2
left_child=4 8 3 -3 10 -4 -6 -8 9 -2 12 -10 -1 -12
right_child=1 2 5 -5 6 -7 7 -9 11 -11 13 -13 -14 -15
leaf_value=3.7036616939111406e-05 -0.00027638240871762586 0.00043010986020501494 0.0004502177085384898 0.0015040575995987891 -0.00013230488979787338 -0.00023480772402537757 -1.6489451530264466e-05 0.00020152723223787225 6.156989633164063e-05 0.0016512298103301757 -0.00021629446545358874 0.00030054925156674622 0.00090791829965180821 -5.1453527571917478e-05
leaf_weight=1191 1916 861 2782 556 12288 966 32157 8505 16385 60 15955 3177 214 4274
leaf_count=1191 1916 861 2782 556 12288 966 32157 8505 16385 60 15955 3177 214 4274
internal_value=-5.9061e-07 0.000142416 0.00043479 0.000860077 -5.19273e-05 0.000270963 -8.34566e-06 2.88734e-05 7.18044e-05 -0.000211186 -0.000158122 0.00010092 0.000177893 -0.00018197
internal_weight=101287 26703 5165 1417 74584 3748 52950 40662 21538 1976 21634 19562 1405 20229
internal_count=101287 26703 5165 1417 74584 3748 52950 40662 21538 1976 21634 19562 1405 20229
is_linear=0
shrinkage=0.02


Tree=98
num_leaves=14
num_cat=0
split_feature=23 27 31 23 37 3 7 6 27 3 31 37 3
split_gain=1.7838 1.03467 0.912582 0.824641 0.589047 0.923904 0.48068 0.971062 0.423223 0.421745 0.417088 0.339939 0.266484
threshold=1.0118347338935576 0.2553968007454574 3.8379330034259618 0.62542517006802734 24.500000000000004 1.3754432624113477 1.9737986270022885 2.0250000000000004 0.27167203435319381 1.1254139072847684 1.0000000180025095e-35 20.500000000000004 1.0912061794414736
decision_type=2 2 2 2 2 2 2 2 2 2 2 2 2
left_child=3 2 12 10 9 -6 8 -8 -3 -5 -1 -4 -2
right_child=1 6 11 4 5 -7 7 -9 -10 -11 -12 -13 -14
leaf_value=0.00017450387374509202 -0.00018609772935883771 0.00060246363777230992 -2.0707677537148153e-06 -7.7843189735727882e-05 2.0896102681753438e-05 0.0013013903396245142 0.00094189501558708034 0.00017106270405343638 0.00014885970820901966 -0.00040220312716335245 -0.00017834057885142358 0.00046226614835222365 -0.00098183077934024094
leaf_weight=1405 4778 886 1088 10358 40437 225 1055 1826 15519 1930 20229 1371 180
leaf_count=1405 4778 886 1088 10358 40437 225 1055 1826 15519 1930 20229 1371 180
internal_value=-5.69077e-07 0.000139596 -6.00898e-05 -5.08884e-05 -8.1787e-06 2.82912e-05 0.000216908 0.000457262 0.000174038 -0.000129659 -0.000154949 0.000252919 -0.000217387
internal_weight=101287 26703 7417 74584 52950 40662 19286 2881 16405 12288 21634 2459 4958
internal_count=101287 26703 7417 74584 52950 40662 19286 2881 16405 12288 21634 2459 4958
is_linear=0
shrinkage=0.02


Tree=99
num_leaves=14
num_cat=0
split_feature=23 27 31 23 15 19 35 35 15 31 29 6 35
split_gain=1.71328 0.994315 0.876414 0.791883 0.714958 0.631428 0.574814 0.441263 0.419872 0.400736 0.327202 0.24319 0.239359
threshold=1.0118347338935576 0.2553968007454574 3.8379330034259618 0.62542517006802734 0.3112159329140462 0.54575358851674649 0.11145617667356797 0.054158809972763407 0.6876990445859873 1.0000000180025095e-35 3.2928571428571431 1.648529411764706 0.022814018043025654
decision_type=2 2 2 2 2 2 2 2 2 2 2 2 2
left_child=3 2 11 9 12 7 -7 -3 -4 -1 -6 -2 -5
right_child=1 5 8 4 10 6 -8 -9 -10 -11 -12 -13 -14
leaf_value=0.00017101874541922843 -0.00028623508942765086 0.00021715760140665876 0.00037676766828959252 -4.2551177699263066e-05 -7.4464744598433377e-05 0.00046163231365409376 0.0001055062241931827 -3.9895690830960901e-05 -0.00027753116155632487 -0.00017477411971782934 5.8797772743287015e-05 4.8401510399399387e-05 -0.00023674730118043423
leaf_weight=1405 3904 6430 1990 4596 9449 5578 2808 4470 469 20229 32808 1054 6097
leaf_count=1405 3904 6430 1990 4596 9449 5578 2808 4470 469 20229 32808 1054 6097
internal_value=-5.50984e-07 0.000136814 -5.89188e-05 -4.98675e-05 -8.01072e-06 0.000212605 0.000343631 0.000110837 0.000247787 -0.000151841 2.87605e-05 -0.000213089 -0.000154238
internal_weight=101287 26703 7417 74584 52950 19286 8386 10900 2459 21634 42257 4958 10693
internal_count=101287 26703 7417 74584 52950 19286 8386 10900 2459 21634 42257 4958 10693
is_linear=0
shrinkage=0.02


Tree=100
num_leaves=16
num_cat=0
split_feature=15 20 37 11 17 11 31 7 27 3 19 16 5 31 15
split_gain=1.74465 0.913615 0.827295 1.11174 1.03071 0.71114 0.672789 0.629045 0.50325 0.436176 0.540168 0.425749 0.424912 0.31636 0.283355
threshold=0.60883500557413617 1.7083333333333337 63.500000000000007 0.28271848924022841 0.47222222222222227 0.052435192458758807 3.8049813972716007 1.7110243055555558 0.41588539384911943 1.1222621902478018 0.10172413793103446 0.36666666666666675 3.9500000000000006 3.5480110642781879 0.52189897698209731
decision_type=2 2 2 2 2 2 2 2 2 2 2 2 2 2 2
left_child=1 5 9 7 -5 14 13 -4 -7 10 -2 -8 -11 -3 -1
right_child=2 6 3 4 -6 8 11 -9 -10 12 -12 -13 -14 -15 -16
leaf_value=-0.00013945634305922292 -0.00082522621180879357 0.00033670525917273473 0.00058446176219574444 0.0024662864708194609 0.00065968144969347643 -4.9979605842170245e-05 0.00016424853628435834 0.00011795385281841558 8.5393203984699358e-05 -0.00014628401036466266 0.00018022270589836386 0.0011393060787754543 0.0014503187474919788 -0.00017808995219600895 -0.00066864668163207344
leaf_weight=21020 215 1061 1539 150 1020 42982 311 4993 14723 3602 7367 529 65 839 422
leaf_count=21020 215 1061 1539 150 1020 42982 311 4993 14723 3602 7367 529 65 839 422
internal_value=4.59295e-07 -3.94624e-05 0.000173474 0.000333451 0.000903643 -5.2004e-05 0.000318937 0.000229543 -1.52652e-05 6.30122e-05 0.000150183 0.000791427 -0.000114482 0.000104177 -0.000150399
internal_weight=100838 81887 18951 7702 1170 79147 2740 6532 57705 11249 7582 840 3667 1900 21442
internal_count=100838 81887 18951 7702 1170 79147 2740 6532 57705 11249 7582 840 3667 1900 21442
is_linear=0
shrinkage=0.02


Tree=101
num_leaves=16
num_cat=0
split_feature=15 20 37 23 27 31 23 26 26 15 27 16 23 27 31
split_gain=1.67618 0.877943 0.795049 0.838067 0.815384 0.646621 0.539449 0.562926 0.520786 0.421045 0.413092 0.408171 0.390271 0.359692 0.303959
threshold=0.60883500557413617 1.7083333333333337 63.500000000000007 1.0668903803131993 0.4494897433254304 3.8049813972716007 0.80064102564102579 0.17156862745098037 0.14642857142857144 0.32363520947947527 0.27003649635036503 0.36666666666666675 1.0031645569620256 1.0200000000000002 3.5480110642781879
decision_type=2 2 2 2 2 2 2 2 2 2 2 2 2 2 2
left_child=1 6 8 12 -5 14 9 -8 10 -1 -2 -7 -4 -10 -3
right_child=2 5 3 4 -6 11 7 -9 13 -11 -12 -13 -14 -15 -16
leaf_value=-0.00019003520671364042 -0.00041824666235376807 0.00032998381783574233 0.00024544611346847634 0.00031263209082028778 0.0010569867027123165 0.00016098456570325188 -0.00015051313268876483 3.5947236365424967e-05 9.9192447557947607e-05 -5.2329084479655002e-05 0.0010133655082030469 0.0011166057783387699 -0.00027290821580563561 0.0014645720037478435 -0.00017453662244941903
leaf_weight=14543 1188 1061 4540 1465 1050 311 8056 32988 9903 23560 81 529 647 77 839
leaf_count=14543 1188 1061 4540 1465 1050 311 8056 32988 9903 23560 81 529 647 77 839
internal_value=4.58113e-07 -3.86704e-05 0.000170046 0.00032688 0.000627962 0.000312653 -5.09669e-05 -4.12598e-07 6.17366e-05 -0.000105158 -0.000317549 0.000775898 0.000178782 0.00011102 0.000101991
internal_weight=100838 81887 18951 7702 2515 2740 79147 41044 11249 38103 1269 840 5187 9980 1900
internal_count=100838 81887 18951 7702 2515 2740 79147 41044 11249 38103 1269 840 5187 9980 1900
is_linear=0
shrinkage=0.02


Tree=102
num_leaves=16
num_cat=0
split_feature=15 25 20 23 11 31 14 31 16 7 11 14 31 15 37
split_gain=1.61037 0.849453 0.84367 0.727336 0.667206 0.621479 0.474065 0.463116 0.391302 0.378722 0.614939 0.315576 0.292047 0.273745 0.225799
threshold=0.60883500557413617 0.29285714285714287 1.7083333333333337 1.129700310998021 0.052435192458758807 3.8049813972716007 1.1770833333333337 3.6581737531104621 0.36666666666666675 1.9968152866242044 0.42928571428571433 0.39444444444444454 3.5480110642781879 0.52189897698209731 63.500000000000007
decision_type=2 2 2 2 2 2 2 2 2 2 2 2 2 2 2
left_child=2 9 4 11 13 12 -5 -6 -7 14 -11 -3 -4 -1 -2
right_child=1 3 5 6 7 8 -8 -9 -10 10 -12 -13 -14 -15 -16
leaf_value=-0.00013449439849630432 -2.6499099214606919e-05 -0.00027483103084459642 0.00032339656026376831 0.00048213276885590464 -6.0698077164319511e-05 0.00015778544826058153 0.0019303713212109575 5.489125229116686e-05 0.001094357779358291 -0.00038804399554980782 0.00057655363143867397 0.00020350267911114516 -0.00017105419520957576 -0.00065462767427681761 0.000276082700131565
leaf_weight=21020 2549 568 1061 2913 34658 311 97 23047 529 1791 301 9175 839 422 1557
leaf_count=21020 2549 568 1061 2913 34658 311 97 23047 529 1791 301 9175 839 422 1557
internal_value=4.56717e-07 0.000166684 -3.7894e-05 0.000260087 -4.99502e-05 0.000306493 0.000533374 -1.43589e-05 0.000760678 -2.39118e-05 -0.000244063 0.00017454 9.98496e-05 -0.000145258 8.58845e-05
internal_weight=100838 18951 81887 12753 79147 2740 3010 57705 840 6198 2092 9743 1900 21442 4106
internal_count=100838 18951 81887 12753 79147 2740 3010 57705 840 6198 2092 9743 1900 21442 4106
is_linear=0
shrinkage=0.02


Tree=103
num_leaves=13
num_cat=0
split_feature=11 37 11 23 26 31 17 30 14 20 18 15
split_gain=1.55265 0.761226 1.61738 0.991924 0.505143 0.550004 0.474323 0.295605 0.313806 0.458732 0.287427 0.283482
threshold=0.095413165266106423 53.500000000000007 0.27669072948328272 0.86121248986212506 0.13809523809523808 2.7583426028921028 0.89444444444444449 1.0833333333333337 0.26969696969696971 1.2250000000000003 0.19375000000000003 0.73931311655096832
decision_type=2 2 2 2 2 2 2 2 2 2 2 2
left_child=7 4 6 -4 10 -6 -3 -1 9 -9 -2 -10
right_child=1 2 3 -5 5 -7 -8 8 11 -11 -12 -13
leaf_value=0.00042985716469180779 0.00070541411216528901 7.0995380153168907e-05 -0.00035239602950282563 0.00095786166671644666 -0.00039912385881338611 3.7655099389843399e-05 0.00032632419166674141 -0.00020131906880878169 -6.4002329837841733e-05 0.00013280376746674269 -0.0003325505968116894 0.00033388990434918622
leaf_weight=421 104 28778 264 1381 1216 21177 3273 14952 24324 1808 2411 729
leaf_count=421 104 28778 264 1381 1216 21177 3273 14952 24324 1808 2411 729
internal_value=4.5091e-07 6.71712e-05 0.000129175 0.000741339 -1.6311e-05 1.34568e-05 9.73999e-05 -9.18924e-05 -9.74052e-05 -0.000164667 -0.000285129 -5.19995e-05
internal_weight=100838 58604 33696 1645 24908 22393 32051 42234 41813 16760 2515 25053
internal_count=100838 58604 33696 1645 24908 22393 32051 42234 41813 16760 2515 25053
is_linear=0
shrinkage=0.02


Tree=104
num_leaves=16
num_cat=0
split_feature=15 25 23 23 3 17 31 29 35 3 18 3 3 37 3
split_gain=1.50606 0.803977 0.733429 0.687905 0.763755 0.610042 0.54196 0.534639 0.50068 0.449428 0.448329 0.353372 0.263609 0.434961 0.27281
threshold=0.60883500557413617 0.29285714285714287 0.80064102564102579 1.129700310998021 0.87189743589743596 0.89444444444444449 4.1155435473617299 4.1055555555555561 0.12132034632034631 0.91950165856668997 1.0954545454545457 0.98615900383141775 1.0441827173347218 66.500000000000014 1.2730303030303032
decision_type=2 2 2 2 2 2 2 2 2 2 2 2 2 2 2
left_child=2 12 7 11 -5 8 -7 10 -4 -9 -1 -3 13 -2 -14
right_child=1 3 5 4 -6 6 -8 9 -10 -11 -12 -13 14 -15 -16
leaf_value=-0.00012432838177205924 -6.0381094449165215e-05 0.00033796872869224149 3.8315512307254007e-05 2.7354836463928225e-05 0.00072981130383470069 0.00022563923031962662 0.0012970394676305214 0.00086572133204234497 -0.00012831281788369336 7.0331629516945572e-05 0.0012281465991256164 8.0506658398659165e-05 -0.00029856219019004865 0.00041462216369801062 0.00014880200337174856
leaf_weight=35682 2399 3302 31761 923 2087 2359 210 334 9330 2116 95 6441 1962 1117 720
leaf_count=35682 2399 3302 31761 923 2087 2359 210 334 9330 2116 95 6441 1962 1117 720
internal_value=4.46511e-07 0.000161203 -3.6638e-05 0.000252076 0.000517888 1.9177e-05 0.00031805 -0.000100645 2.33626e-07 0.00018346 -0.000120389 0.000168841 -2.41861e-05 8.78304e-05 -0.000174717
internal_weight=100838 18951 81887 12753 3010 43660 2569 38227 41091 2450 35777 9743 6198 3516 2682
internal_count=100838 18951 81887 12753 3010 43660 2569 38227 41091 2450 35777 9743 6198 3516 2682
is_linear=0
shrinkage=0.02


Tree=105
num_leaves=15
num_cat=0
split_feature=31 26 3 37 9 9 23 35 35 20 29 14 31 26
split_gain=1.39615 0.967318 0.894623 0.682417 0.65687 0.596788 0.556711 0.510407 0.42857 0.402189 0.329456 0.299842 0.289467 0.207426
threshold=3.307981492192019 0.31009615384615391 0.76953601953601969 52.500000000000007 0.29285714285714287 0.58571428571428574 1.4243853630646086 0.063665315576143564 0.23550420168067229 1.9000000000000001 3.7888888888888892 0.17156862745098037 3.2163170633319891 0.64852941176470602
decision_type=2 2 2 2 2 2 2 2 2 2 2 2 2 2
left_child=8 3 6 7 -4 -5 -3 -2 9 11 13 -1 -11 -10
right_child=1 2 4 5 -6 -7 -8 -9 10 12 -12 -13 -14 -15
leaf_value=-0.00023124804622180663 -3.0635138982656208e-05 0.00031540313839867329 3.2146167102737809e-05 4.3153052842078842e-05 0.00025312905170326856 0.0014163529523648322 0.0011061326621205566 -0.00026760752142538307 -0.00056461040607430569 0.0011103808972481135 0.00075498828891573894 -6.9634484869403787e-05 -0.00045245004748856578 0.00039694584817403838
leaf_weight=5770 9247 3964 23113 19224 7070 126 405 6112 1418 183 80 24453 52 82
leaf_count=5770 9247 3964 23113 19224 7070 126 405 6112 1418 183 80 24453 52 82
internal_value=-1.94916e-06 4.84491e-05 0.000123409 -2.58864e-05 8.42533e-05 5.2757e-05 0.000391463 -0.00012561 -0.00011121 -9.41132e-05 -0.000433941 -0.000100833 0.000721469 -0.000504929
internal_weight=101299 69261 34552 34709 30183 19350 4369 15359 32038 30458 1580 30223 235 1500
internal_count=101299 69261 34552 34709 30183 19350 4369 15359 32038 30458 1580 30223 235 1500
is_linear=0
shrinkage=0.02


Tree=106
num_leaves=16
num_cat=0
split_feature=11 37 26 26 37 29 27 23 10 11 35 23 6 20 37
split_gain=1.33163 1.34928 0.983365 0.708881 0.807447 0.673752 0.571705 0.524187 0.504119 0.722685 0.494877 0.416019 0.413303 0.382693 0.322412
threshold=0.18577749683944372 73.500000000000014 0.34166666666666673 1.0250000000000001 118.50000000000001 3.4365079365079372 0.71490147783251246 1.0876552695607635 0.17914438502673799 0.12539308176100628 0.20848321342925658 1.4010309278350517 2.3416666666666672 1.3666666666666669 136.50000000000003
decision_type=2 2 2 2 2 2 2 2 2 2 2 2 2 2 2
left_child=5 2 11 4 -3 8 13 -8 14 -10 -4 -2 -5 -7 -1
right_child=1 3 10 12 -6 6 7 -9 9 -11 -12 -13 -14 -15 -16
leaf_value=-0.00011655390268816461 -0.00023313433732546226 0.00048329011229813801 0.00022727396440672061 0.0028654781555476254 3.0379322090066307e-05 -2.146446275085897e-05 0.00026303619201618417 0.001544195787892455 0.00051762400393925826 -8.7805495402392222e-05 -0.00034866188986356874 0.00044142953606394981 0.00034353199146561702 0.00013905600236743736 -0.00069467950687186807
leaf_weight=33577 5051 4774 6458 71 2422 36171 672 166 1234 2123 643 383 57 7101 396
leaf_count=33577 5051 4774 6458 71 2422 36171 672 166 1234 2123 643 383 57 7101 396
internal_value=-1.90078e-06 0.000144832 1.79649e-05 0.000360535 0.000332291 -3.78067e-05 1.49164e-05 0.000531799 -0.000100371 0.000131943 0.000173631 -0.000183605 0.00184191 4.65131e-06 -0.000123628
internal_weight=101299 19859 12535 7324 7196 81440 44110 838 37330 3357 7101 5434 128 43272 33973
internal_count=101299 19859 12535 7324 7196 81440 44110 838 37330 3357 7101 5434 128 43272 33973
is_linear=0
shrinkage=0.02


Tree=107
num_leaves=14
num_cat=0
split_feature=31 27 3 7 26 6 10 6 19 10 8 19 31
split_gain=1.30596 1.0165 0.658849 0.698097 0.646223 0.627788 0.593649 0.506779 0.371548 0.507163 0.486985 0.382135 0.284129
threshold=3.307981492192019 0.51171946529939583 0.77288845905867187 1.5687173952149667 1.0250000000000001 1.3038461538461541 0.15192307692307691 2.3867521367521372 0.52245529111200761 0.324561403508772 0.36666666666666675 0.63497856563550004 1.0000000180025095e-35
decision_type=2 2 2 2 2 2 2 2 2 2 2 2 2
left_child=8 2 6 -4 5 -3 -2 -6 9 12 -11 -10 -1
right_child=1 4 3 -5 7 -7 -8 -9 11 10 -12 -13 -14
leaf_value=0.00018948972252804408 9.1601486953402303e-05 0.00049317440472323179 -9.8094238146252487e-05 5.1712381241702713e-05 0.0020690777270417466 0.00011917178611838838 0.00051642908602952964 -9.9191755618689207e-05 -0.00049364021091765286 0.0020773702505088986 0 -5.042438629807992e-05 -0.00010550317211214625
leaf_weight=1347 6246 2368 21668 29160 131 7939 1698 51 1911 82 114 1404 27180
leaf_count=1347 6246 2368 21668 29160 131 7939 1698 51 1911 82 114 1404 27180
internal_value=-1.85078e-06 4.68892e-05 1.43361e-05 -1.19549e-05 0.0002283 0.000206147 0.000183772 0.00141266 -0.000107527 -8.3897e-05 0.000920324 -0.000309084 -9.12112e-05
internal_weight=101299 69261 58772 50828 10489 10307 7944 182 32038 28723 196 3315 28527
internal_count=101299 69261 58772 50828 10489 10307 7944 182 32038 28723 196 3315 28527
is_linear=0
shrinkage=0.02


Tree=108
num_leaves=16
num_cat=0
split_feature=15 27 30 9 26 21 26 19 28 27 9 29 29 23 14
split_gain=1.09969 0.914458 0.888225 0.863185 0.600621 0.539331 0.532846 0.512381 0.449704 0.412796 0.402744 0.397453 0.345423 0.244298 0.237242
threshold=0.41694260485651219 0.26510587805768532 3.1464285714285718 0.5634920634920636 1.0250000000000001 1.2111111111111115 0.48684210526315791 0.42124060150375936 3.5500000000000003 0.27508389261744975 0.61250000000000016 3.3166666666666669 4.1055555555555561 0.31695242695001208 0.41421568627450983
decision_type=2 2 2 2 2 2 2 2 2 2 2 2 2 2 2
left_child=5 3 9 6 -4 7 -2 11 13 -3 -5 -1 -9 -7 -10
right_child=1 2 4 10 -6 8 -8 12 14 -11 -12 -13 -14 -15 -16
leaf_value=-9.8193504834246075e-05 -8.9816487455315338e-05 0.00094868548802639317 0.00013205977497692805 0.0025864409015212259 0.0013711198611454395 0.001150190503366532 0.0010515751803248394 -0.00021418806436765726 0.00019157000792412355 -0.0002618252778317127 0.00010738896655625311 7.3618196324256818e-05 0.00012799032134224613 -0.00011315358969671972 0.00065878635055520701
leaf_weight=16125 16735 112 36149 69 157 60 162 14841 1790 2980 56 8022 1243 2173 625
leaf_count=16125 16735 112 36149 69 157 60 162 14841 1790 2980 56 8022 1243 2173 625
internal_value=-1.80246e-06 5.68671e-05 0.000109885 -6.5257e-05 0.000137769 -7.57814e-05 -7.81585e-05 -9.9488e-05 0.000127216 -0.000214161 0.00157375 -4.06996e-05 -0.00018711 -7.37348e-05 0.000317068
internal_weight=101299 56420 39398 17022 36306 44879 16897 40231 4648 3092 125 24147 16084 2233 2415
internal_count=101299 56420 39398 17022 36306 44879 16897 40231 4648 3092 125 24147 16084 2233 2415
is_linear=0
shrinkage=0.02


Tree=109
num_leaves=16
num_cat=0
split_feature=11 37 26 15 26 37 29 27 18 5 27 8 35 18 37
split_gain=1.22026 1.28283 0.929893 0.645126 0.641164 0.775523 0.60371 0.541932 0.470832 0.414329 0.404735 0.404089 0.59128 0.364554 0.302536
threshold=0.18577749683944372 73.500000000000014 0.34166666666666673 0.60883500557413617 1.0250000000000001 118.50000000000001 3.4365079365079372 0.73097601323407779 1.0954545454545457 1.2928571428571431 0.28012738853503188 1.0000000180025095e-35 0.031373031496062957 0.97500000000000009 136.50000000000003
decision_type=2 2 2 2 2 2 2 2 2 2 2 2 2 2 2
left_child=6 2 10 -4 5 -3 11 8 -8 -9 -2 14 -13 -6 -1
right_child=1 4 3 -5 13 -7 7 9 -10 -11 -12 12 -14 -15 -16
leaf_value=-0.00013061983846187185 -5.4019558697706607e-05 0.00047004255208762447 -6.5320535571174288e-05 0.00032159875065227534 0.0027903143262517629 2.6138076196015863e-05 4.3504883472184489e-07 0.0011660108258039943 0.0012250641372705264 0.00016593412811658823 -0.00042249920926301995 0.00015452293268426615 -0.00013578520670409519 0.0004149919133337717 -0.0007704920092828913
leaf_weight=25799 3590 4774 2823 4278 67 2422 43223 275 124 488 1844 5445 5782 61 304
leaf_count=25799 3590 4774 2823 4278 67 2422 43223 275 124 488 1844 5445 5782 61 304
internal_value=-1.74958e-06 0.000138709 1.49909e-05 0.000166396 0.000349025 0.000322073 -3.61255e-05 1.37708e-05 4.22531e-06 0.000541559 -0.00018101 -9.53495e-05 4.12368e-06 0.00175905 -0.000138513
internal_weight=101299 19859 12535 7101 7324 7196 81440 44110 43347 763 5434 37330 11227 128 26103
internal_count=101299 19859 12535 7101 7324 7196 81440 44110 43347 763 5434 37330 11227 128 26103
is_linear=0
shrinkage=0.02


Tree=110
num_leaves=16
num_cat=0
split_feature=11 37 26 22 31 11 0 0 26 26 35 13 37 37 13
split_gain=1.51799 1.19108 0.826563 0.719481 0.750447 0.672651 0.557842 0.858586 0.514024 0.794448 0.425436 0.397752 0.261291 0.247867 0.204924
threshold=0.23100961538461537 34.500000000000007 0.18465909090909091 0.45227272727272733 3.7192381639029084 0.19281411359724612 1.7750000000000001 1.9000000000000001 0.53589743589743599 0.5590277777777779 0.076018161805173359 0.95000000000000007 130.50000000000003 142.50000000000003 1.3875000000000002
decision_type=2 2 2 2 2 2 2 2 2 2 2 2 2 2 2
left_child=2 8 12 5 -5 -4 10 -8 11 -10 -3 -2 14 -14 -1
right_child=1 6 3 4 -6 -7 7 -9 9 -11 -12 -13 13 -15 -16
leaf_value=-0.00014777887087949359 0 0.00026626277603159545 -0.00024732790314922244 -1.7677446923437915e-05 0.00012622530206998935 0.00062033123354117078 0.0021851003509428765 9.2901511117815983e-05 0.001501121389095863 0.00010259551904787402 0.00068366368254082425 -0.00049710964749994865 0.00059980833832476595 -0.00025820795041291828 0.0007868909958627197
leaf_weight=20292 2823 3763 5829 41631 22164 373 178 158 207 820 1401 819 368 191 89
leaf_count=20292 2823 3763 5829 41631 22164 373 178 158 207 820 1401 819 368 191 89
internal_value=5.00015e-06 0.000236798 -2.08153e-05 1.20345e-05 3.21637e-05 -0.00019335 0.000436176 0.00123723 0 0.000396567 0.000381661 -0.000109614 -0.000131092 0.000288939 -0.00014313
internal_weight=101106 10169 90937 69997 63795 6202 5500 336 4669 1027 5164 3642 20940 559 20381
internal_count=101106 10169 90937 69997 63795 6202 5500 336 4669 1027 5164 3642 20940 559 20381
is_linear=0
shrinkage=0.02


Tree=111
num_leaves=16
num_cat=0
split_feature=10 30 27 3 3 25 34 15 27 27 15 1 28 19 7
split_gain=1.39735 0.678457 0.680231 0.884582 0.526091 0.620751 0.515711 0.446818 0.827991 0.785231 0.629536 0.386651 0.294793 0.285476 0.211493
threshold=0.23303167420814477 3.63961038961039 0.66563146997929612 0.5317802316186373 0.91185719570847212 1.0000000180025095e-35 0.10818713450292396 0.52047805423539295 0.13732974105672804 0.44409722222222225 0.89492086860507924 0.61250000000000016 4.1000000000000005 0.63665315576143611 1.5016129032258065
decision_type=2 2 2 2 2 2 2 2 2 2 2 2 2 2 2
left_child=1 2 6 -4 5 -3 -1 8 14 11 -11 -9 -10 -6 -2
right_child=7 4 3 -5 13 -7 -8 9 12 10 -12 -13 -14 -15 -16
leaf_value=-5.7743449290194498e-05 0.00037364529941993332 -0.00033245086232605185 -0.00041956403219013764 0.00049200424730603458 -4.7522255193838104e-05 0.00020804892734265824 -0.00022539522233074659 0.00059209119969287605 -7.1064478834159673e-06 0.00054946009323544062 -0.00015698028565092889 6.4154607409005142e-05 -0.0004684765435787694 0.00011417595802415657 0.0013290001261903315
leaf_weight=39240 257 918 554 1708 18747 9547 9123 615 3070 3784 557 6426 687 5679 194
leaf_count=39240 257 918 554 1708 18747 9547 9123 615 3070 3784 557 6426 687 5679 194
internal_value=4.91207e-06 -2.67336e-05 -7.35704e-05 0.000264156 4.09378e-05 0.000159626 -8.95834e-05 0.000179121 6.28696e-07 0.000244221 0.000456483 0.000111842 -9.43366e-05 -9.51208e-06 0.000810724
internal_weight=101106 85516 50625 2262 34891 10465 48363 15590 4208 11382 4341 7041 3757 24426 451
internal_count=101106 85516 50625 2262 34891 10465 48363 15590 4208 11382 4341 7041 3757 24426 451
is_linear=0
shrinkage=0.02


Tree=112
num_leaves=15
num_cat=0
split_feature=10 26 22 10 26 26 27 35 2 1 37 37 29 19
split_gain=1.3423 0.830836 0.796431 0.58847 0.564263 0.465008 1.10178 0.863534 0.876653 0.785149 0.42576 0.292 0.407619 0.280412
threshold=0.23303167420814477 0.18465909090909091 0.97500000000000009 1.0000000180025095e-35 0.77350427350427364 0.4330357142857143 0.19157801418439713 0.029304422498926553 1.5419580419580421 1.4365079365079367 81.500000000000014 124.50000000000001 3.5857142857142867 0.24908759124087593
decision_type=2 2 2 2 2 2 2 2 2 2 2 2 2 2
left_child=1 11 3 -3 -4 7 -7 10 -9 -8 -2 13 -13 -1
right_child=5 2 4 -5 -6 6 9 8 -10 -11 -12 12 -14 -15
leaf_value=-6.1625758425421234e-06 0.00015908927567315139 -0.00019033399031363703 9.293764446477268e-05 -4.2227992137780244e-06 0.00079422103374693462 0.0024382150004205018 0.00019847225265903223 -0.00014866258543610024 0.0012507062022750442 0.0009720240833392199 0.0006004569442833172 -0.00039291090466112759 0.00059645058490382416 -0.00019340658172899511
leaf_weight=4191 3113 8425 20746 35731 472 95 5561 4776 183 589 1273 241 479 15231
leaf_count=4191 3113 8425 20746 35731 472 95 5561 4776 183 589 1273 241 479 15231
internal_value=4.81265e-06 -2.62014e-05 8.25828e-06 -3.99664e-05 0.000109083 0.000175557 0.000309761 8.47562e-05 -9.45231e-05 0.000274475 0.000289687 -0.000138532 0.000251268 -0.000153522
internal_weight=101106 85516 65374 44156 21218 15590 6245 9345 4959 6150 4386 20142 720 19422
internal_count=101106 85516 65374 44156 21218 15590 6245 9345 4959 6150 4386 20142 720 19422
is_linear=0
shrinkage=0.02


Tree=113
num_leaves=15
num_cat=0
split_feature=11 37 31 35 25 34 25 31 5 6 14 28 10 2
split_gain=1.3787 1.1248 0.760692 0.916607 0.920599 0.646126 0.867357 0.571223 0.536222 0.523486 0.465173 0.455383 0.323703 0.216131
threshold=0.23100961538461537 34.500000000000007 3.6655913978494628 0.029520697167755953 0.5277777777777779 0.095454545454545472 0.29285714285714287 3.2097769812823578 0.95000000000000007 3.0250000000000004 0.35147058823529415 4.291666666666667 0.24264705882352941 0.94868421052631591
decision_type=2 2 2 2 2 2 2 2 2 2 2 2 2 2
left_child=2 10 3 7 -5 8 -7 -1 -3 12 13 -12 -4 -2
right_child=1 5 9 4 -6 6 -8 -9 -10 -11 11 -13 -14 -15
leaf_value=-6.7271593647333765e-05 -0.0008070938922271827 0.0013065359505767726 2.4102136847930998e-05 -0.00018302629557952218 0.00014494959544796297 -0.00018465064889611207 0.00098520547231617842 0.00012065411658538608 0.00021910645674181115 0.0013039475078903027 0.00012904880588205642 -0.00062568265061847058 0.00020541759422232339 0.00019829075945460278
leaf_weight=13614 384 194 30119 26324 3899 297 1301 12281 3708 132 3851 344 4568 90
leaf_count=13614 384 194 30119 26324 3899 297 1301 12281 3708 132 3851 344 4568 90
internal_value=4.72279e-06 0.000225634 -1.9875e-05 -6.55181e-05 -0.000140377 0.000419389 0.00076157 2.14706e-05 0.000276374 5.34008e-05 -5.47343e-07 6.45077e-05 4.82787e-05 -0.000595159
internal_weight=101106 10169 90937 56118 30223 5500 1598 25895 3902 34819 4669 4195 34687 474
internal_count=101106 10169 90937 56118 30223 5500 1598 25895 3902 34819 4669 4195 34687 474
is_linear=0
shrinkage=0.02


Tree=114
num_leaves=16
num_cat=0
split_feature=23 14 11 1 12 26 35 23 24 26 35 11 24 17 6
split_gain=1.39646 0.820087 0.793997 0.698121 0.797419 0.6225 0.69827 0.532634 0.496027 0.427793 0.417488 0.389524 0.318829 0.306169 0.222061
threshold=1.0196723426212591 0.44722222222222224 0.26333570412517787 1.5857142857142861 0.29166666666666669 0.17914438502673799 0.009049959049959002 0.52189897698209731 0.63333333333333341 0.19375000000000003 0.046927432885906006 0.217539189588879 0.55000000000000016 0.23611111111111113 2.4472222222222229
decision_type=2 2 2 2 2 2 2 2 2 2 2 2 2 2 2
left_child=1 7 5 4 -4 13 -7 12 -9 14 -5 -11 -1 -2 -3
right_child=2 9 3 10 -6 6 -8 8 -10 11 -12 -13 -14 -15 -16
leaf_value=-0.0001923646204961339 0.00012945389435918377 -0.00013935657818370177 0.0010506842064538172 0.00034000518105246804 0.00020420242219749084 0.00033715699235749996 6.2657137363426765e-05 -8.866561349482137e-05 0.00020154862071980129 2.8812396803202358e-05 0.0029509782434349332 0.00022167396929580717 -0.00055056399068928626 -0.0002572524401245751 0.00038344923955005211
leaf_weight=6940 1131 6505 558 53 2444 5104 14026 28244 2550 24099 69 5118 1212 2722 331
leaf_count=6940 1131 6505 558 53 2444 5104 14026 28244 2550 24099 69 5118 1212 2722 331
internal_value=4.63734e-06 -3.91142e-05 0.000130701 0.000430608 0.000365467 8.94668e-05 0.000136446 -0.000102801 -6.42972e-05 2.94071e-05 0.00192113 6.29514e-05 -0.000246968 -0.000141137 -0.000112475
internal_weight=101106 74999 26107 3124 3002 22983 19130 38946 30794 36053 122 29217 8152 3853 6836
internal_count=101106 74999 26107 3124 3002 22983 19130 38946 30794 36053 122 29217 8152 3853 6836
is_linear=0
shrinkage=0.02


Tree=115
num_leaves=14
num_cat=0
split_feature=15 35 31 15 17 18 6 17 18 15 22 15 31
split_gain=1.35837 0.844718 0.634646 0.628569 0.537801 0.465328 0.667249 0.670247 0.606398 0.383752 0.376867 0.342343 0.341819
threshold=0.52397372742200343 0.030189109136477554 3.3659625435540073 0.48318377196289874 0.95000000000000007 1.1055555555555558 3.0250000000000004 1.0500000000000003 1.0871212121212122 0.48846085567193326 0.81534090909090928 0.28018691588785055 3.6137147335423205
decision_type=2 2 2 2 2 2 2 2 2 2 2 2 2
left_child=1 2 9 -4 12 6 8 -8 -2 -1 -7 -6 -3
right_child=5 4 3 -5 11 10 7 -9 -10 -11 -12 -13 -14
leaf_value=-2.1127193644313495e-05 0.00010583538997060646 -0.00016403859355778892 0.00020903411697584224 -0.00012034578811299223 -0.0007058999531648376 0 0.0014685581566175956 -0.00033012537198646048 0.0016070395913145958 -0.0004265164238849722 -0.0015676887155088603 0.00044028530352645452 -3.9662224946352575e-05
leaf_weight=14703 31847 23252 10783 2909 108 131 279 105 107 1002 115 1033 14655
leaf_count=14703 31847 23252 10783 2909 108 131 279 105 107 1002 115 1033 14655
internal_value=8.37804e-06 -4.21147e-05 3.86138e-05 0.000138317 -0.000103146 0.000114745 0.000121622 0.000951662 0.000111275 -4.76792e-05 -0.000742702 0.000322 -0.000116223
internal_weight=101029 68445 29397 13692 39048 32584 32338 384 31954 15705 246 1141 37907
internal_count=101029 68445 29397 13692 39048 32584 32338 384 31954 15705 246 1141 37907
is_linear=0
shrinkage=0.02


Tree=116
num_leaves=15
num_cat=0
split_feature=11 31 35 27 16 3 11 23 15 23 15 27 6 15
split_gain=1.46993 0.739498 0.591646 0.478639 0.864102 0.406272 0.349591 0.347771 0.545751 0.318391 0.317393 0.282099 0.364257 0.283074
threshold=0.11466871584699452 3.1335958005249354 0.028674203494347305 0.61569230769230787 0.77500000000000013 1.1556466302367945 0.024490203918432606 0.72557695644629538 0.4119634340222576 0.40075757575757581 0.79502625888168066 0.37049987049987049 0.78759398496240618 0.84641025641025658
decision_type=2 2 2 2 2 2 2 2 2 2 2 2 2 2
left_child=2 11 6 5 -5 -3 -1 10 -9 -8 -4 12 -2 -13
right_child=1 3 7 4 -6 -7 9 8 -10 -11 -12 13 -14 -15
leaf_value=-7.6458406244600519e-05 -0.00075539795777005867 0.0001155893740099416 -0.0002129060553622007 5.1347438280759167e-05 0.0006744175241470919 -7.7982729420139293e-05 -0.00029219487592434652 -0.00014209408058935775 0.00010107495815103504 0.00011019362891848022 0.00089487119255089525 -0.00052533465848468683 1.6452984906653327e-06 0.0004046083475551466
leaf_weight=9929 272 35786 12677 2035 1636 4870 830 11492 5390 11616 99 1086 3176 135
leaf_count=9929 272 35786 12677 2035 1636 4870 830 11492 5390 11616 99 1086 3176 135
internal_value=8.20259e-06 8.69053e-05 -6.57148e-05 0.000112253 0.00033196 9.21536e-05 1.15214e-05 -0.000124319 -6.38612e-05 8.25131e-05 -0.000203401 -0.000151549 -5.55798e-05 -0.000413845
internal_weight=101029 48996 52033 44327 3671 40656 22375 29658 16882 12446 12776 4669 3448 1221
internal_count=101029 48996 52033 44327 3671 40656 22375 29658 16882 12446 12776 4669 3448 1221
is_linear=0
shrinkage=0.02


Tree=117
num_leaves=12
num_cat=0
split_feature=15 18 8 7 31 22 27 25 18 15 22
split_gain=1.26571 0.778341 1.27024 0.722858 0.54193 0.620177 0.487382 0.593365 0.54281 0.310801 0.226643
threshold=0.52397372742200343 1.0954545454545457 1.0000000180025095e-35 1.3322072072072075 3.6581737531104621 0.41421568627450983 0.10033557046979867 0.38750000000000007 1.1055555555555558 0.48846085567193326 1.1464285714285716
decision_type=2 2 2 2 2 2 2 2 2 2 2
left_child=1 4 -3 10 9 -6 7 -5 -8 -1 -2
right_child=3 2 -4 6 5 -7 8 -9 -10 -11 -12
leaf_value=-6.5149483092656938e-05 -0.00035572508035074688 -0.00039514319463209672 0.0033865670978591063 -0.00035548617992284482 -0.00036020061539510816 7.0776236006704144e-05 0.00016012950156589216 0.0015066374649464246 -0.00081064802460274841 -0.00024818233964670215 0.00016269440892376479
leaf_weight=43329 1654 64 67 1204 1427 19443 29037 69 227 4115 393
leaf_count=43329 1654 64 67 1204 1427 19443 29037 69 227 4115 393
internal_value=8.03865e-06 -4.06979e-05 0.00148567 0.000110716 -4.38147e-05 4.07971e-05 0.000135323 -0.000244506 0.000152203 -8.12452e-05 -0.000251253
internal_weight=101029 68445 131 32584 68314 20870 30537 1273 29264 47444 2047
internal_count=101029 68445 131 32584 68314 20870 30537 1273 29264 47444 2047
is_linear=0
shrinkage=0.02


Tree=118
num_leaves=15
num_cat=0
split_feature=11 37 11 37 6 17 26 26 23 19 11 19 19 25
split_gain=1.37321 1.09517 0.97022 0.736468 0.512078 0.505409 0.470296 0.338142 0.475408 0.364108 0.328519 0.4173 0.306765 0.270421
threshold=0.11466871584699452 70.500000000000014 0.18577749683944372 71.500000000000014 0.75735294117647067 1.0500000000000003 0.69615384615384623 0.2264957264957265 0.69255907491201618 0.39688598085544652 0.026432231020027903 0.37087712939470829 0.24908759124087593 0.38750000000000007
decision_type=2 2 2 2 2 2 2 2 2 2 2 2 2 2
left_child=7 4 5 -4 13 -3 -6 10 -9 -10 12 -12 -1 -2
right_child=1 2 3 -5 6 -7 -8 8 9 -11 11 -13 -14 -15
leaf_value=-9.7164927169193736e-05 -0.0009517316342714955 7.1910334563424403e-05 0.0019635120632811491 0.00034390252441136393 -1.2704908257771361e-05 0.0008830469550582512 0.00032577367273663415 -0.00012589875604945451 0.00014470228670046377 -3.1197405449774252e-05 5.1164725299991589e-05 -0.00016743977034308492 -0.00035584449031638365 0.00016750261111527076
leaf_weight=3732 338 14098 115 7582 24697 315 1755 10963 7790 11730 6450 7485 3883 96
leaf_count=3732 338 14098 115 7582 24697 315 1755 10963 7790 11730 6450 7485 3883 96
internal_value=7.873e-06 8.39455e-05 0.000188212 0.000369904 -1.43513e-06 9.04517e-05 9.39691e-06 -6.35677e-05 -2.0304e-05 3.84957e-05 -0.000124294 -6.55454e-05 -0.000230441 -0.000681591
internal_weight=101029 48996 22110 7697 26886 14413 26452 52033 30483 19520 21550 13935 7615 434
internal_count=101029 48996 22110 7697 26886 14413 26452 52033 30483 19520 21550 13935 7615 434
is_linear=0
shrinkage=0.02


Tree=119
num_leaves=12
num_cat=0
split_feature=11 31 26 3 23 22 26 15 11 6 15
split_gain=1.31925 0.683281 0.622432 0.445744 0.405709 0.34334 0.35045 0.465743 0.404365 0.253023 0.244751
threshold=0.11466871584699452 3.1335958005249354 0.78759398496240618 1.1523494165878276 1.2827184892402286 0.45227272727272733 0.2264957264957265 0.77431481930633039 0.026432231020027903 0.75735294117647067 0.9297560307017545
decision_type=2 2 2 2 2 2 2 2 2 2 2
left_child=5 9 3 -3 -4 -1 8 -8 -7 -2 -11
right_child=1 2 4 -5 -6 6 7 -9 -10 10 -12
leaf_value=-0.00018794644945209125 -0.0006662078003930506 0.00011670528191809243 0.00038197691482641147 -7.6643689093425623e-05 0.0014848258468923689 -0.0002474422175822587 -5.5446922919448379e-06 0.00069584180891979486 -4.2174672017317607e-05 -0.00013896995809032836 0.00053427351964428825
leaf_weight=7490 352 37369 1401 5401 156 5798 26538 382 11825 4096 221
leaf_count=7490 352 37369 1401 5401 156 5798 26538 382 11825 4096 221
internal_value=7.71642e-06 8.22811e-05 0.000106653 9.20529e-05 0.000500652 -6.23045e-05 -4.09455e-05 4.08763e-06 -0.000110296 -0.000146905 -0.000101958
internal_weight=101029 48996 44327 42770 1557 52033 44543 26920 17623 4669 4317
internal_count=101029 48996 44327 42770 1557 52033 44543 26920 17623 4669 4317
is_linear=0
shrinkage=0.02


Tree=120
num_leaves=16
num_cat=0
split_feature=23 35 23 15 11 35 15 15 11 15 10 15 11 34 30
split_gain=1.35942 0.460206 0.49632 0.557498 0.452482 0.980119 0.618016 0.538069 0.335138 0.285071 0.276621 0.297516 0.225033 0.217857 0.209443
threshold=1.0456030897207371 0.19271581739803254 0.62542517006802734 0.60883500557413617 0.11147660818713452 0.014760348583877951 0.65017482517482528 0.62867965367965384 0.42928571428571433 0.37049987049987049 0.2124060150375939 0.24152298850574713 0.034602490421455905 0.44722222222222224 3.6449579831932781
decision_type=2 2 2 2 2 2 2 2 2 2 2 2 2 2 2
left_child=1 2 8 -4 9 6 -6 -7 -1 12 11 -3 -2 -12 -11
right_child=4 10 3 -5 5 7 -8 -9 -10 14 13 -13 -14 -15 -16
leaf_value=-0.00011925564610284102 -3.3156265549006916e-05 6.8689021193369263e-05 -2.0358851162348794e-05 0.00015634557069858489 0.00059695728798594755 1.0510903945724612e-06 9.0828133131199565e-05 0.00030117621517856101 0.00059777840083608262 -0.00027961045091754496 0 -0.00029078229979896003 0.00024511113298772755 0.00088086345350300833 4.2791239971662093e-05
leaf_weight=19206 2182 1050 41857 8600 3175 7926 1459 3461 258 1807 717 5601 2358 133 1368
leaf_count=19206 2182 1050 41857 8600 3175 7926 1459 3461 258 1807 717 5601 2358 133 1368
internal_value=1.01153e-06 -3.94848e-05 -2.33479e-05 9.56585e-06 0.000133516 0.00019413 0.000439869 9.3187e-05 -0.000109177 6.33118e-06 -0.000188527 -0.000232526 0.000109214 0.000143753 -0.000137611
internal_weight=101158 77422 69921 50457 23736 16021 4634 11387 19464 7715 7501 6651 4540 850 3175
internal_count=101158 77422 69921 50457 23736 16021 4634 11387 19464 7715 7501 6651 4540 850 3175
is_linear=0
shrinkage=0.02


Tree=121
num_leaves=15
num_cat=0
split_feature=23 31 14 35 23 15 26 6 15 35 6 10 14 15
split_gain=1.3059 0.587162 0.716419 0.441598 0.476565 0.535435 0.433872 0.417794 0.417043 0.401122 0.38112 0.340628 0.283003 0.262504
threshold=1.0456030897207371 3.6581737531104621 0.8973684210526317 0.19271581739803254 0.62542517006802734 0.60883500557413617 0.11437908496732026 1.8480769230769234 0.38304780326056925 0.04857740021574971 1.861904761904762 0.41885964912280704 0.45227272727272733 1.0081967213114755
decision_type=2 2 2 2 2 2 2 2 2 2 2 2 2 2
left_child=3 2 9 4 10 -6 -3 8 -5 -2 -1 -4 -8 -9
right_child=1 6 11 7 5 -7 12 13 -10 -11 -12 -13 -14 -15
leaf_value=-7.0821072367349341e-05 0.00010333747857050811 -0.00018853427484698062 0.0011376015101364273 -9.2703342774554925e-05 -1.9951693110449032e-05 0.0001532193851631011 0.00038771635222955263 0.00010915026641505142 -0.00044473673159924971 -0.00013768055625567132 -0.00032930524547857785 0 0.00017772270535224057 -0.0012597718547310746
leaf_weight=16782 6208 894 332 2741 41857 8600 4489 1884 2821 4969 2682 143 6701 55
leaf_count=16782 6208 894 332 2741 41857 8600 4489 1884 2821 4969 2682 143 6701 55
internal_value=1.00079e-06 0.000130872 2.85795e-05 -3.86884e-05 -2.28778e-05 9.37068e-06 0.00022866 -0.00018469 -0.000273145 -2.92372e-06 -0.000106982 0.000787735 0.000262912 6.39106e-05
internal_weight=101158 23736 11652 77422 69921 50457 12084 7501 5562 11177 19464 475 11190 1939
internal_count=101158 23736 11652 77422 69921 50457 12084 7501 5562 11177 19464 475 11190 1939
is_linear=0
shrinkage=0.02


Tree=122
num_leaves=14
num_cat=0
split_feature=23 37 27 3 15 15 34 3 34 37 37 26 22
split_gain=1.25443 0.535253 0.44108 0.43001 0.389608 0.441008 0.424595 0.535527 0.363038 0.34399 0.336327 0.224098 0.208695
threshold=1.0456030897207371 18.500000000000004 0.53006024096385562 1.6120071684587816 0.60883500557413617 1.5192307692307694 0.12916666666666668 1.1601282051282054 0.20526315789473684 137.50000000000003 23.500000000000004 0.93725490196078431 0.97500000000000009
decision_type=2 2 2 2 2 2 2 2 2 2 2 2 2
left_child=4 3 8 11 6 9 7 -1 -3 -6 -4 -2 -8
right_child=1 2 10 -5 5 -7 12 -9 -10 -11 -12 -13 -14
leaf_value=-1.5996539193482378e-05 -7.1135982499487518e-05 0.00017159699544630209 -0.00039747764072018473 0.0013734630241113552 0.00010393919823286191 -0.00077222658275831035 -0.00019007873210195671 -0.00031870843906124885 -0.00018674775450207846 -0.00038437474351096432 0.00050339005319243769 0.0010934014279734003 1.7119973316848786e-05
leaf_weight=48300 5813 14170 165 83 11931 244 11659 2462 1201 597 2240 64 2229
leaf_count=48300 5813 14170 165 83 11931 244 11659 2462 1201 597 2240 64 2229
internal_value=9.73827e-07 0.000128262 0.000183341 -3.4342e-05 -3.79234e-05 6.26349e-05 -5.79452e-05 -3.08873e-05 0.000142927 7.98137e-05 0.000437151 -5.63857e-05 -0.000156106
internal_weight=101158 23736 17776 5960 77422 12772 64650 50762 15371 12528 2405 5877 13888
internal_count=101158 23736 17776 5960 77422 12772 64650 50762 15371 12528 2405 5877 13888
is_linear=0
shrinkage=0.02


Tree=123
num_leaves=15
num_cat=0
split_feature=22 31 37 27 29 27 37 30 37 18 18 3 37 37
split_gain=0.951477 0.583144 0.666118 0.630703 0.516188 0.512063 0.50471 0.446031 0.270239 0.282413 0.34725 0.271977 0.211342 0.259087
threshold=0.88562091503267981 3.6618176047397379 30.500000000000004 0.51526806526806535 4.0500000000000007 0.13359580052493439 8.5000000000000018 4.0250000000000012 134.50000000000003 1.0250000000000001 1.1055555555555558 1.1433239962651729 146.50000000000003 144.50000000000003
decision_type=2 2 2 2 2 2 2 2 2 2 2 2 2 2
left_child=8 3 6 7 -5 -4 -3 -2 9 11 -11 -1 13 -10
right_child=1 2 5 4 -6 -7 -8 -9 12 10 -12 -13 -14 -15
leaf_value=-3.4450309362224989e-05 -2.6888325877704705e-05 0.00022528619421836066 -0.00068165010609188865 0.00028588952250121271 -0.0012817299915921121 0.0002305865407353688 -0.0001675018681370074 -0.00078201650405378554 -0.00030457577155590458 0.0010466050615622884 -6.5069417868341718e-05 -0.00018103360114953723 1.3814614155974283e-05 -0.0011543262662501309
leaf_weight=46989 21041 1958 243 3534 82 14996 3894 317 1190 208 208 5732 589 177
leaf_count=46989 21041 1958 243 3534 82 14996 3894 317 1190 208 208 5732 589 177
internal_value=9.48785e-07 6.81241e-05 0.00014556 2.32086e-06 0.000246888 0.000215296 -3.434e-05 -3.86364e-05 -5.50375e-05 -4.63083e-05 0.000469193 -5.05833e-05 -0.00028678 -0.000423432
internal_weight=101158 46065 21091 24974 3616 15239 5852 21358 55093 53137 416 52721 1956 1367
internal_count=101158 46065 21091 24974 3616 15239 5852 21358 55093 53137 416 52721 1956 1367
is_linear=0
shrinkage=0.02


Tree=124
num_leaves=15
num_cat=0
split_feature=23 31 13 19 9 35 23 26 13 27 27 6 6 34
split_gain=1.17914 0.549982 0.693774 0.673652 0.599799 0.415094 0.447287 0.411298 0.492662 0.408397 0.399919 0.398207 0.364004 0.244109
threshold=1.0456030897207371 3.6581737531104621 0.95000000000000007 0.90940656565656586 0.41428571428571431 0.19271581739803254 0.62542517006802734 0.11437908496732026 0.10555555555555557 0.32013071895424844 0.27798663324979117 1.8480769230769234 1.861904761904762 0.13809523809523808
decision_type=2 2 2 2 2 2 2 2 2 2 2 2 2 2
left_child=5 2 3 -2 -4 6 12 9 -9 -3 -8 -7 -1 -13
right_child=1 7 4 -5 -6 11 10 8 -10 -11 -12 13 -14 -15
leaf_value=-6.7590427038049394e-05 2.2072661703925002e-06 -0.00033681674724743692 0.0010774426353111696 -0.0016885329594737606 -0.00017932189182496408 -0.00026471940870179198 -5.9156617483556543e-05 0.0007554883442688759 0.00021555404878782777 0.0010810892097651958 5.5775342069339685e-05 0.00070389072764927231 -0.00032021583489596226 -8.7537719851973429e-06
leaf_weight=16782 10905 808 443 93 211 5562 20106 741 10449 86 30351 211 2682 1728
leaf_count=16782 10905 808 443 93 211 5562 20106 741 10449 86 30351 211 2682 1728
internal_value=9.1681e-07 0.000124329 2.53072e-05 -1.14851e-05 0.000657418 -3.6792e-05 -2.14589e-05 0.000218964 0.000252331 -0.000187149 9.77878e-06 -0.000178344 -0.000102943 6.42889e-05
internal_weight=101158 23736 11652 10998 654 77422 69921 12084 11190 894 50457 7501 19464 1939
internal_count=101158 23736 11652 10998 654 77422 69921 12084 11190 894 50457 7501 19464 1939
is_linear=0
shrinkage=0.02


Tree=125
num_leaves=14
num_cat=0
split_feature=26 37 34 15 6 35 37 35 29 23 15 23 20
split_gain=1.04364 0.511339 0.694031 0.837729 0.479643 0.478473 0.471986 0.779019 0.514636 0.497112 0.427495 0.391756 0.318705
threshold=0.31414473684210531 148.50000000000003 0.24264705882352941 0.53198308783415171 2.8535714285714291 0.22923301486199574 23.500000000000004 0.014760348583877951 3.7888888888888892 1.3849306431273647 0.88255578093306297 0.920144927536232 1.0000000180025095e-35
decision_type=2 2 2 2 2 2 2 2 2 2 2 2 2
left_child=6 4 3 -3 5 -2 9 11 -9 12 -6 -8 -1
right_child=1 2 -4 -5 10 -7 7 8 -10 -11 -12 -13 -14
leaf_value=0.00016555922875857975 5.9023446652816594e-05 -0.0010600563877772901 0.0022275947523303329 0.00084703821443512064 0.0010042928266494624 -0.00020527572639887867 3.7433341009120375e-05 -0.00015313102111887329 1.2961451745880629e-05 0.00020524760409793623 -0.00011632229379834012 0.00032207677800657065 -0.000220155216235545
leaf_weight=881 40717 122 94 332 387 2922 6553 17983 12575 1315 186 2804 14081
leaf_count=881 40717 122 94 332 387 2922 6553 17983 12575 1315 186 2804 14081
internal_value=-1.52406e-05 5.66834e-05 0.000664205 0.000310228 4.88974e-05 4.10886e-05 -7.271e-05 -3.53715e-05 -8.44583e-05 -0.000163643 0.000624002 0.000123851 -0.000196756
internal_weight=100952 44760 548 454 44212 43639 56192 39915 30558 16277 573 9357 14962
internal_count=100952 44760 548 454 44212 43639 56192 39915 30558 16277 573 9357 14962
is_linear=0
shrinkage=0.02


Tree=126
num_leaves=14
num_cat=0
split_feature=26 12 37 34 3 29 34 30 3 29 26 29 34
split_gain=1.00213 0.565652 0.536842 0.531463 0.496954 0.677104 0.538349 0.496744 0.599691 0.437765 0.435491 0.338789 0.379407
threshold=0.31414473684210531 1.1000000000000003 130.50000000000003 0.24264705882352941 1.1306020066889635 3.7888888888888892 0.087121212121212113 2.7029411764705888 0.86267025894327209 4.1833333333333345 0.54772727272727284 4.0500000000000007 0.38675213675213677
decision_type=2 2 2 2 2 2 2 2 2 2 2 2 2
left_child=4 7 3 -3 5 6 -1 -2 -9 -7 -4 -6 -13
right_child=1 2 10 -5 11 9 -8 8 -10 -11 -12 12 -14
leaf_value=-4.7849160089996322e-05 -0.00027832956676126516 0.00029753667454464333 0.0017957837722567191 -0.00061725913043375364 -0.00038889470413677719 0.00011781018407559138 -0.000217996218515171 0.00014587213072248588 -1.3698520914355462e-05 -0.00013657719939518933 0 -0.00011960792926732789 0.0011607682914473118
leaf_weight=24800 1930 3165 164 268 3144 11801 10765 15593 23546 3478 94 2110 94
leaf_count=24800 1930 3165 164 268 3144 11801 10765 15593 23546 3478 94 2110 94
internal_value=-1.49247e-05 5.55522e-05 0.000293003 0.000222893 -7.12413e-05 -5.16992e-05 -9.96407e-05 3.39551e-05 4.96232e-05 5.92386e-05 0.00117854 -0.000255073 -5.94643e-05
internal_weight=100952 44760 3691 3433 56192 50844 35565 41069 39139 15279 258 5348 2204
internal_count=100952 44760 3691 3433 56192 50844 35565 41069 39139 15279 258 5348 2204
is_linear=0
shrinkage=0.02


Tree=127
num_leaves=15
num_cat=0
split_feature=26 18 35 31 35 3 3 31 35 29 23 3 9 31
split_gain=0.962577 0.552271 0.51416 0.688521 0.513325 0.538418 0.478806 0.838845 0.623667 0.528039 0.434121 0.278947 0.227903 0.213125
threshold=0.31414473684210531 0.89181286549707617 0.029304422498926553 3.7147587511825924 0.23550420168067229 0.90491259795057277 1.1094320255474455 3.6655913978494628 0.022305140961857355 3.7321428571428572 1.2401923076923078 1.2389682024659314 0.5634920634920636 4.1299350649350659
decision_type=2 2 2 2 2 2 2 2 2 2 2 2 2 2
left_child=6 4 -3 -4 5 -2 7 8 -1 -9 12 -6 -8 -12
right_child=1 2 3 -5 11 -7 10 9 -10 -11 13 -13 -14 -15
leaf_value=-6.2222242609649398e-06 0.00012597125634223648 -0.00011496144833404627 0.0010898029761148148 0.00023876604566222496 -0.00031354607140980477 -2.076698682041157e-05 -0.00029534304216826632 -9.9279446522208771e-05 -0.00017746815750383931 0.00015533606662264084 -1.0688215494155884e-05 0.00039941009583658183 0.0008421051479987245 0.00085096169635653506
leaf_weight=15233 20570 668 586 1205 2227 19274 5773 4697 19628 10380 218 230 65 198
leaf_count=15233 20570 668 586 1205 2227 19274 5773 4697 19628 10380 218 230 65 198
internal_value=-1.46278e-05 5.44416e-05 0.000346189 0.0005237 3.72301e-05 5.47402e-05 -6.98234e-05 -4.89049e-05 -0.000102931 7.53488e-05 -0.000235189 -0.000242469 -0.000280682 0.00037761
internal_weight=100952 44760 2459 1791 42301 39844 56192 49938 34861 15077 6254 2457 5838 416
internal_count=100952 44760 2459 1791 42301 39844 56192 49938 34861 15077 6254 2457 5838 416
is_linear=0
shrinkage=0.02


Tree=128
num_leaves=15
num_cat=0
split_feature=27 31 3 3 3 28 11 13 11 22 3 6 6 6
split_gain=0.712681 0.467967 0.706692 0.614924 0.554091 0.421542 0.428887 0.415777 0.413178 0.406462 0.385768 0.370268 0.361861 0.32515
threshold=0.33438818565400846 3.6655913978494628 0.79321839080459788 1.0661460865337873 1.2730303030303032 2.7750000000000004 0.48913043478260876 0.29285714285714287 0.24496553588322742 1.4721362229102171 1.0661460865337873 1.648529411764706 1.4188596491228072 2.5527777777777785
decision_type=2 2 2 2 2 2 2 2 2 2 2 2 2 2
left_child=1 2 9 13 -5 7 8 -2 -7 -1 -9 -8 -4 -3
right_child=5 3 12 4 -6 6 11 10 -10 -11 -12 -13 -14 -15
leaf_value=-4.2862837642791511e-05 -0.00040700201774293587 8.5589756155187303e-05 -0.00030657075011226428 -0.00022974987660993998 0.00017423796809055435 4.4045735310803182e-05 0.00046424699002417969 0.00012628304871493254 0.00023831512428756455 0.00058949317268973118 -0.0012031403038164845 -0.0011442506482815856 -0.00010699262994208871 0.000828560938234212
leaf_weight=21093 1575 12383 7665 5503 1773 36082 67 1525 5029 411 90 209 7305 242
leaf_count=21093 1575 12383 7665 5503 1773 36082 67 1525 5029 411 90 209 7305 242
internal_value=-1.43342e-05 -6.16618e-05 -0.00010426 1.5912e-05 -0.000129912 4.52951e-05 6.25506e-05 -0.000175344 6.80639e-05 -3.02581e-05 4.46168e-05 -0.00071728 -0.000209877 0.000100752
internal_weight=100952 56375 36474 19901 7276 44577 41387 3190 41111 21504 1615 276 14970 12625
internal_count=100952 56375 36474 19901 7276 44577 41387 3190 41111 21504 1615 276 14970 12625
is_linear=0
shrinkage=0.02


Tree=129
num_leaves=13
num_cat=0
split_feature=26 30 3 34 6 3 29 13 34 23 34 13
split_gain=0.902707 0.541762 0.502993 0.820431 0.738757 0.457593 0.612218 0.528393 0.506081 0.345679 0.378522 0.330372
threshold=0.31414473684210531 2.8062500000000004 0.90491259795057277 0.12132352941176471 1.5941176470588239 1.1306020066889635 3.7888888888888892 1.1833333333333336 0.087121212121212113 1.2827184892402286 0.38675213675213677 0.58571428571428574
decision_type=2 2 2 2 2 2 2 2 2 2 2 2
left_child=5 -2 3 -3 -4 6 8 -8 -1 10 -7 -11
right_child=1 2 4 -5 -6 9 7 -9 -10 11 -12 -13
leaf_value=-4.4103954136059198e-05 -0.00021892050324041215 0.00021022002200100836 -0.00014952105922682059 -0.000113559609830041 9.0388969913139268e-05 -0.00031564519141635681 3.5746247655594226e-05 0.00074013064304987591 -0.00020907780740784106 0.0010846317134447546 0.00064316689604666181 -0.00024204690317462262
leaf_weight=24800 2735 15591 7890 3872 14672 4908 14840 439 10765 147 162 131
leaf_count=24800 2735 15591 7890 3872 14672 4908 14840 439 10765 147 162 131
internal_value=-1.40439e-05 5.28393e-05 7.0773e-05 0.000145288 6.0427e-06 -6.7498e-05 -4.87366e-05 5.67334e-05 -9.43292e-05 -0.00024391 -0.000282795 0.000426492
internal_weight=100952 44760 42025 19463 22562 56192 50844 15279 35565 5348 5070 278
internal_count=100952 44760 42025 19463 22562 56192 50844 15279 35565 5348 5070 278
is_linear=0
shrinkage=0.02


Tree=130
num_leaves=14
num_cat=0
split_feature=11 37 11 35 27 19 26 19 22 37 26 27 10
split_gain=0.931861 1.13179 1.37628 1.07449 0.620307 0.507154 0.421586 0.387538 0.35461 0.336684 0.328093 0.282089 0.242104
threshold=0.095413165266106423 32.500000000000007 0.29602631578947369 0.059017027863777057 0.62643982523500608 0.39525506376594149 0.54195804195804198 0.22276159654800434 1.2426470588235297 10.500000000000002 0.47213622291021667 0.45748157418995966 0.19375000000000003
decision_type=2 2 2 2 2 2 2 2 2 2 2 2 2
left_child=5 7 4 -4 -3 6 9 -2 11 -1 -9 -7 -8
right_child=1 2 3 -5 -6 8 12 10 -10 -11 -12 -13 -14
leaf_value=-0.00016498428718789282 0.00038648881597925497 5.6512373346928843e-05 0.00019177558427882512 0.0012888298212592282 0.0004590304141001457 -0.00021758168654267674 0.00023701964197572159 -0.00018138632735466374 0.00018194842978682316 1.0322113459117312e-05 3.4794140152121319e-05 -1.9251201763958093e-05 0.0012120004244579757
leaf_weight=6051 602 40053 821 668 1600 14687 1117 11057 1134 15550 3666 3706 119
leaf_count=6051 602 40053 821 668 1600 14687 1117 11057 1134 15550 3666 3706 119
internal_value=-1.03296e-05 4.13113e-05 9.3879e-05 0.000691715 7.22355e-05 -8.18343e-05 -1.73494e-05 -0.000106015 -0.000156728 -3.83336e-05 -0.000126881 -0.00017817 0.000340773
internal_weight=100831 58467 43142 1489 41653 42364 22837 15325 19527 21601 14723 18393 1236
internal_count=100831 58467 43142 1489 41653 42364 22837 15325 19527 21601 14723 18393 1236
is_linear=0
shrinkage=0.02


Tree=131
num_leaves=13
num_cat=0
split_feature=31 19 35 37 23 3 35 19 22 35 18 19
split_gain=0.814134 0.723728 1.14239 0.943136 0.886543 0.835529 0.47558 0.435735 0.377291 0.367231 0.300003 0.248209
threshold=3.3531623175586032 0.64014388489208651 0.062696540880503124 88.500000000000014 1.1254139072847684 1.1380712082982902 0.23550420168067229 0.46613355422454444 0.87867647058823539 0.27917452336056986 0.324561403508772 0.50671171171171181
decision_type=2 2 2 2 2 2 2 2 2 2 2 2
left_child=6 2 5 9 -5 -2 8 -4 11 -3 -10 -1
right_child=1 3 7 4 -6 -7 -8 -9 10 -11 -12 -13
leaf_value=-9.8593027031364502e-05 0.00010647055929486463 2.2914966500072647e-05 5.6544119410079109e-06 0.00029100627489443676 0.0011280405974203303 -0.00025814396668690848 -0.00041469197027363516 -0.00018035891587319582 0.00014303419419971498 0.00046809077199198238 -6.113470734353211e-05 -0.00032523894892473067
leaf_weight=18561 29125 8564 7735 2674 643 2736 1713 13913 4657 817 7477 2216
leaf_count=18561 29125 8564 7735 2674 643 2736 1713 13913 4657 817 7477 2216
internal_value=-1.01077e-05 3.0878e-05 -1.15072e-06 0.000166612 0.00045686 7.48319e-05 -8.87654e-05 -0.000113439 -7.14731e-05 6.2843e-05 1.64115e-05 -0.000123276
internal_weight=100831 66207 53509 12698 3317 31861 34624 21648 32911 9381 12134 20777
internal_count=100831 66207 53509 12698 3317 31861 34624 21648 32911 9381 12134 20777
is_linear=0
shrinkage=0.02


Tree=132
num_leaves=15
num_cat=0
split_feature=27 37 3 20 31 35 37 31 7 27 27 20 31 31
split_gain=0.824105 1.22208 0.856026 0.773702 0.761966 0.733495 0.998899 0.714969 0.672507 0.460956 0.390385 0.357024 0.270863 0.204264
threshold=0.51171946529939583 45.500000000000007 0.67510683760683776 1.7750000000000001 3.8049813972716007 0.029520697167755953 18.500000000000004 3.6852499352499355 2.2296189632255214 0.12451550387596896 0.54358379062895745 0.90000000000000013 3.6217351805587104 3.6472473604826554
decision_type=2 2 2 2 2 2 2 2 2 2 2 2 2 2
left_child=3 11 10 5 -5 6 -1 -7 -4 -6 -3 13 -13 -2
right_child=1 2 8 4 9 7 -8 -9 -10 -11 -12 12 -14 -15
leaf_value=-0.00012030884309718007 0.00019772151714823506 7.0111973668044465e-06 0.00022275879488072611 3.7919290135906667e-05 -0.00022437615647460477 -0.00015911838139473389 0.00010070342527493541 -2.9576912400929081e-06 0.00088965209269187815 0.00088133084097424071 0.0022710796594619751 -0.00033049676814691451 3.4697802332178902e-05 -0.00010016105469114436
leaf_weight=12439 2633 51 4838 1927 163 28297 23795 20253 708 923 133 2031 1276 1364
leaf_count=12439 2633 51 4838 1927 163 28297 23795 20253 708 923 133 2031 1276 1364
internal_value=-9.90126e-06 0.000138339 0.000357078 -3.2025e-05 0.000282373 -4.33223e-05 2.45523e-05 -9.41835e-05 0.000309987 0.000706074 0.00170413 -3.19436e-05 -0.000186629 9.35674e-05
internal_weight=100831 13034 5730 87797 3013 84784 36234 48550 5546 1086 184 7304 3307 3997
internal_count=100831 13034 5730 87797 3013 84784 36234 48550 5546 1086 184 7304 3307 3997
is_linear=0
shrinkage=0.02


Tree=133
num_leaves=14
num_cat=0
split_feature=11 27 16 26 31 31 35 19 19 20 26 26 9
split_gain=0.853824 0.637654 0.914513 0.790448 0.645176 0.637974 0.8039 0.547906 0.485317 0.595288 0.434267 0.395444 0.215977
threshold=0.095413165266106423 0.62643982523500608 0.77500000000000013 1.0250000000000001 3.4951918631530288 3.7728884590586724 0.054158809972763407 0.71206060606060617 0.39525506376594149 1.9000000000000001 0.54195804195804198 0.13809523809523808 1.0000000180025095e-35
decision_type=2 2 2 2 2 2 2 2 2 2 2 2 2
left_child=8 5 3 -3 -4 6 -2 -7 9 10 -1 -11 -10
right_child=1 2 4 -5 -6 7 -8 -9 12 11 -12 -13 -14
leaf_value=-4.7458179208294653e-05 4.413098579166729e-05 -4.7363962442961645e-05 -9.0860331539615922e-09 0.0022422332484875957 0.00086390612273231325 6.1516453552066833e-05 -0.00015568908829207515 0.00033380599254435232 -0.00020970907565963135 0 0.00034050863260697375 0.0016316510305322449 -7.3023082851739679e-05
leaf_weight=21379 21439 2142 444 60 1264 16623 12857 3638 11122 101 1214 143 8405
leaf_count=21379 21439 2142 444 60 1264 16623 12857 3638 11122 101 1214 143 8405
internal_value=-9.69383e-06 3.97329e-05 0.000286598 1.24638e-05 0.000633743 2.18474e-05 -3.04914e-05 0.00011093 -7.81429e-05 -1.50572e-05 -2.61405e-05 0.000962411 -0.000151401
internal_weight=100831 58467 3910 2202 1708 54557 34296 20261 42364 22837 22593 244 19527
internal_count=100831 58467 3910 2202 1708 54557 34296 20261 42364 22837 22593 244 19527
is_linear=0
shrinkage=0.02


Tree=134
num_leaves=13
num_cat=0
split_feature=27 35 27 15 29 30 10 10 35 34 30 7
split_gain=0.771129 0.731701 0.51966 0.514913 0.551813 0.539813 0.405694 0.733227 0.522972 0.438604 0.325205 0.285822
threshold=0.51171946529939583 0.029520697167755953 0.17315263476680798 0.50161290322580654 3.9500000000000006 4.1715686274509816 0.51923076923076927 0.41885964912280704 0.062696540880503124 0.38675213675213677 3.6282894736842111 1.6567895815042435
decision_type=2 2 2 2 2 2 2 2 2 2 2 2
left_child=1 2 11 4 -3 -5 7 9 -9 -2 -4 -1
right_child=6 3 10 5 -6 -7 -8 8 -10 -11 -12 -13
leaf_value=-3.3295065795284381e-05 0.00010091167137973066 -0.00016214058462657048 2.3695191464884294e-05 4.5758828541576837e-05 5.0809736974208969e-05 -0.00036927243184685528 -0.00095529447372694654 0.00029469045230320521 0.0020230065444682508 0.0008471261853034176 0.00016538350431108962 -0.000307226948889
leaf_weight=8456 12265 28083 16070 15041 5806 1364 131 173 139 326 11087 1890
leaf_count=8456 12265 28083 16070 15041 5806 1364 131 173 139 326 11087 1890
internal_value=-9.49398e-06 -3.08979e-05 3.57788e-05 -8.08154e-05 -0.000125361 1.06006e-05 0.000133899 0.000145878 0.00110451 0.000121158 8.19164e-05 -8.43528e-05
internal_weight=100831 87797 37503 50294 33889 16405 13034 12903 312 12591 27157 10346
internal_count=100831 87797 37503 50294 33889 16405 13034 12903 312 12591 27157 10346
is_linear=0
shrinkage=0.02


Tree=135
num_leaves=11
num_cat=0
split_feature=23 24 26 31 35 15 23 37 15 35
split_gain=0.760088 0.715022 0.659706 0.963675 0.596574 0.489587 0.393597 0.376831 0.224785 0.215459
threshold=1.0118347338935576 1.4500000000000002 0.14642857142857144 4.1155435473617299 0.19855548602419687 0.33445190156599552 0.37368187368187372 36.500000000000007 0.23693957115009742 0.051376319758672656
decision_type=2 2 2 2 2 2 2 2 2 2
left_child=4 2 9 -4 5 7 -7 -1 -6 -2
right_child=1 -3 3 -5 8 6 -8 -9 -10 -11
leaf_value=-3.0432461137911252e-05 -0.00040009321047552478 0.0020674578927151145 8.2840546664937777e-05 0.0006884336814499503 5.4052947117732125e-05 -0.00026339817559584871 2.6251500107018867e-05 -0.00020562914023053222 -0.00026630987172823875 -5.3038040366698436e-06
leaf_weight=12154 1370 71 23044 1106 973 1952 45299 8429 5778 1014
leaf_count=12154 1370 71 23044 1106 973 1952 45299 8429 5778 1014
internal_value=-6.39468e-06 8.52609e-05 7.94246e-05 0.000111044 -3.92243e-05 -2.12138e-05 1.40634e-05 -0.000102677 -0.000218654 -0.000236512
internal_weight=101190 26605 26534 24150 74585 67834 47251 20583 6751 2384
internal_count=101190 26605 26534 24150 74585 67834 47251 20583 6751 2384
is_linear=0
shrinkage=0.02


Tree=136
num_leaves=10
num_cat=0
split_feature=23 24 26 31 35 8 15 15 35
split_gain=0.730075 0.687432 0.63403 0.925482 0.572724 0.486508 0.513949 0.216104 0.206707
threshold=1.0118347338935576 1.4500000000000002 0.14642857142857144 4.1155435473617299 0.19855548602419687 0.70833333333333337 0.33445190156599552 0.23693957115009742 0.051376319758672656
decision_type=2 2 2 2 2 2 2 2 2
left_child=4 2 8 -4 5 6 -1 -6 -2
right_child=1 -3 3 -5 7 -7 -8 -9 -10
leaf_value=-9.9913730805133616e-05 -0.00039210301153253191 0.0020272415733500705 8.1183879123729907e-05 0.00067468986116914545 5.2974095252844008e-05 -0.00071163384785205856 1.991495325855203e-05 -0.00026098551668200939 -5.1979359063341861e-06
leaf_weight=20565 1370 71 23044 1106 973 404 46865 5778 1014
leaf_count=20565 1370 71 23044 1106 973 404 46865 5778 1014
internal_value=-6.2661e-06 8.35593e-05 7.78291e-05 0.000108832 -3.84429e-05 -2.07927e-05 -1.64843e-05 -0.000214252 -0.000231872
internal_weight=101190 26605 26534 24150 74585 67834 67430 6751 2384
internal_count=101190 26605 26534 24150 74585 67834 67430 6751 2384
is_linear=0
shrinkage=0.02


Tree=137
num_leaves=15
num_cat=0
split_feature=11 37 37 31 19 37 29 35 25 27 6 10 5 5
split_gain=0.714012 0.639268 0.624002 0.557777 0.610731 0.50527 0.470498 0.461568 0.649909 0.506025 0.329417 0.290008 0.274717 0.247282
threshold=0.070894063773943111 52.500000000000007 53.500000000000007 3.6581737531104621 0.3797958983416741 134.50000000000003 3.9500000000000006 0.054869787746500059 0.73214285714285732 0.57787971457696241 1.3944444444444446 1.0000000180025095e-35 0.58571428571428574 1.8944444444444446
decision_type=2 2 2 2 2 2 2 2 2 2 2 2 2 2
left_child=1 6 7 4 -4 -5 10 8 -2 -9 -1 -8 -3 -14
right_child=2 12 3 5 -6 -7 11 9 -10 -11 -12 -13 13 -15
leaf_value=-9.7640187363265968e-05 -9.9679595674719897e-07 0.00013062788962901054 0.00022532836280439886 0.00018809647551730238 -5.8497151729591306e-05 -9.848922892073641e-05 -1.6333268307820922e-05 -0.00018156409018995335 0.0005554049917064379 0.00018925652334939188 0.00012093454941359408 0.00043528243445733187 -0.00030895505129533666 5.4018128042419749e-05
leaf_weight=16672 17191 713 3824 18648 14620 2785 930 10963 879 1673 3266 1312 6924 790
leaf_count=16672 17191 713 3824 18648 14620 2785 930 10963 879 1673 3266 1312 6924 790
internal_value=-6.13825e-06 -8.68941e-05 2.87398e-05 8.10018e-05 0 0.000150385 -3.00288e-05 -3.88066e-05 2.5574e-05 -0.000131654 -6.13259e-05 0.000243645 -0.000235335 -0.000270482
internal_weight=101190 30607 70583 39877 18444 21433 22180 30706 18070 12636 19938 2242 8427 7714
internal_count=101190 30607 70583 39877 18444 21433 22180 30706 18070 12636 19938 2242 8427 7714
is_linear=0
shrinkage=0.02


Tree=138
num_leaves=12
num_cat=0
split_feature=11 26 16 22 10 35 3 20 28 6 35
split_gain=0.685551 0.620472 1.08791 0.475378 0.672067 0.427568 0.37684 0.364422 0.271967 0.257219 0.20894
threshold=0.070894063773943111 1.0250000000000001 0.90000000000000013 0.65833333333333344 0.19375000000000003 0.22923301486199574 1.1556466302367945 1.9000000000000001 1.0000000180025095e-35 2.297058823529412 0.10838353413654615
decision_type=2 2 2 2 2 2 2 2 2 2 2
left_child=3 5 -3 8 10 6 -2 -7 -1 -6 -5
right_child=1 2 -4 4 9 7 -8 -9 -10 -11 -12
leaf_value=0.00032886097652052866 5.1525244286448016e-05 0.0026694005251545268 -0.00021131296614998755 0 0.00044037676370346253 -0.00021401313589516118 -0.00011714402623003533 0.0010580797129207187 -0.00019625403657367175 0.0018359737694263458 -0.00015560008138263461
leaf_weight=392 60827 95 101 12436 646 3701 5771 88 12257 63 4813
leaf_count=392 60827 95 101 12436 646 3701 5771 88 12257 63 4813
internal_value=-6.01109e-06 2.81626e-05 0.00114731 -8.51427e-05 -1.83645e-05 2.48717e-05 3.67561e-05 -0.000181288 -0.000179141 0.000583266 -4.37383e-05
internal_weight=101190 70583 196 30607 17958 70387 66598 3789 12649 709 17249
internal_count=101190 70583 196 30607 17958 70387 66598 3789 12649 709 17249
is_linear=0
shrinkage=0.02


Tree=139
num_leaves=13
num_cat=0
split_feature=23 4 35 31 25 35 20 11 37 37 31 11
split_gain=0.684132 0.727449 0.728654 1.03023 0.559061 0.531187 0.495986 0.450281 0.511568 0.487225 0.430734 0.385289
threshold=1.0118347338935576 1.3666666666666669 0.1035759897828863 3.9335540838852103 0.18333333333333332 0.19855548602419687 1.7750000000000001 0.070894063773943111 9.5000000000000018 77.500000000000014 3.766294453210342 0.35906464427591195
decision_type=2 2 2 2 2 2 2 2 2 2 2 2
left_child=5 6 4 -4 -3 7 11 9 -9 -1 -8 -2
right_child=1 2 3 -5 -6 -7 10 8 -10 -11 -12 -13
leaf_value=-4.9990985844503072e-05 -9.3988212598376223e-05 -4.7455669465771921e-05 -0.00023221717867304576 0.00047727880262428055 0.0003388987076814941 -0.00020635713161573787 5.0052202990958001e-05 -0.00025976388419584896 3.3680330979188158e-05 -0.00029722439796234224 0.00073397730081750645 0.0013092859203998857
leaf_weight=19342 10520 1772 3077 1110 8338 6751 1144 2512 42121 3859 568 76
leaf_count=19342 10520 1772 3077 1110 8338 6751 1144 2512 42121 3859 568 76
internal_value=-5.88579e-06 8.10641e-05 0.000178192 -4.16001e-05 0.000270197 -3.70369e-05 -3.0958e-05 -2.00327e-05 1.693e-05 -9.15661e-05 0.000283388 -8.27344e-05
internal_weight=101190 26605 14297 4187 10110 74585 12308 67834 44633 23201 1712 10596
internal_count=101190 26605 14297 4187 10110 74585 12308 67834 44633 23201 1712 10596
is_linear=0
shrinkage=0.02


Tree=140
num_leaves=10
num_cat=0
split_feature=23 26 26 19 35 22 13 13 18
split_gain=0.916987 0.713724 0.597995 0.804752 0.538285 0.481295 0.395829 0.357002 0.304117
threshold=0.62542517006802734 0.17156862745098037 1.0250000000000001 0.77091284987277364 0.073606811145510764 0.94868421052631591 0.61250000000000016 0.86607142857142871 0.17156862745098037
decision_type=2 2 2 2 2 2 2 2 2
left_child=5 6 4 -4 -3 -1 8 -8 -2
right_child=1 2 3 -5 -6 -7 7 -9 -10
leaf_value=-0.0001269986779074242 0.00013179975832502047 0.00011223318956684473 0.002423970487595785 -2.9419385122530391e-05 -7.1134917222752764e-06 0.00033053736750255616 0.00031710268244059128 -0.00011971346341565642 -0.00016878875191880604
leaf_weight=20416 1498 39916 99 97 24086 950 1688 1300 10830
leaf_count=20416 1498 39916 99 97 24086 950 1688 1300 10830
internal_value=1.00287e-05 4.13766e-05 7.07272e-05 0.00117126 6.71642e-05 -0.000106158 -8.09886e-05 0.000123758 -0.000131437
internal_weight=100880 79514 64198 196 64002 21366 15316 2988 12328
internal_count=100880 79514 64198 196 64002 21366 15316 2988 12328
is_linear=0
shrinkage=0.02


Tree=141
num_leaves=13
num_cat=0
split_feature=26 29 26 35 37 20 13 26 31 7 10 7
split_gain=0.832491 0.645127 0.69128 0.642649 0.369528 0.420025 0.378208 0.278561 0.245472 0.319759 0.242585 0.219523
threshold=0.18465909090909091 3.183333333333334 1.0250000000000001 0.073606811145510764 18.500000000000004 1.7750000000000001 1.267857142857143 1.0583333333333338 2.6123724489795923 2.5017985611510798 0.34166666666666673 1.9968152866242044
decision_type=2 2 2 2 2 2 2 2 2 2 2 2
left_child=4 8 3 -3 10 6 -6 -4 11 -10 -1 -2
right_child=1 2 7 -5 5 -7 -8 -9 9 -11 -12 -13
leaf_value=-0.00024163796152140403 -0.00026032117428179748 0.00011820264480016957 0.0022913034918246333 -1.3990936495451343e-05 -7.361944486612987e-05 0.00055916372845681863 0.00091535356929225303 0.00041658955023569222 -2.1008055460740126e-05 -0.0009115627435285871 0.00062409371255882199 0.00084299143403768542
leaf_weight=6515 2971 37766 75 23889 14806 443 153 83 13825 162 124 68
leaf_count=6515 2971 37766 75 23889 14806 443 153 83 13825 162 124 68
internal_value=9.82725e-06 4.02958e-05 7.04014e-05 6.68216e-05 -9.86965e-05 -4.41086e-05 -6.27149e-05 0.0013865 -6.84109e-05 -3.21663e-05 -0.000223779 -0.000231807
internal_weight=100880 78839 61813 61655 22041 15402 14959 158 17026 13987 6639 3039
internal_count=100880 78839 61813 61655 22041 15402 14959 158 17026 13987 6639 3039
is_linear=0
shrinkage=0.02


Tree=142
num_leaves=16
num_cat=0
split_feature=11 37 7 37 20 26 7 26 9 13 15 13 31 31 3
split_gain=0.807917 1.30206 0.723041 0.556518 0.568323 0.533069 0.43835 0.417434 0.366894 0.313181 0.719059 0.309069 0.306269 0.293942 0.208455
threshold=0.17253783180352272 29.500000000000004 1.7110243055555558 131.50000000000003 1.9000000000000001 0.18465909090909091 2.382847386393486 0.97500000000000009 0.29285714285714287 0.47222222222222227 0.52047805423539295 1.1833333333333336 4.3357843137254912 3.8754084967320264 0.88255578093306297
decision_type=2 2 2 2 2 2 2 2 2 2 2 2 2 2 2
left_child=3 8 7 4 5 -1 -4 -3 14 10 -5 -11 -10 -6 -2
right_child=1 2 6 9 13 -7 -8 -9 12 11 -12 -13 -14 -15 -16
leaf_value=-0.00010987447305178535 -0.00041494612367195925 0.00039734922346173666 9.4174210471746975e-05 -0.00031952097051007866 0.0002621507277837926 1.4305360159283556e-05 0.00060559869429160809 0.001961596028445518 1.0198150712534041e-05 -0.00055889310740249258 0.00071063621119521133 0.00090911289507692502 0.001167252385302594 0.0011438463865356013 -0.00011395241127015135
leaf_weight=18434 1615 4542 10993 1192 650 54966 723 71 3122 1418 346 53 93 218 2444
leaf_count=18434 1615 4542 10993 1192 650 54966 723 71 3122 1418 346 53 93 218 2444
internal_value=9.63239e-06 0.000112108 0.000211454 -2.15398e-05 -1.0593e-05 -1.67476e-05 0.000126686 0.000424432 -0.000109531 -0.000288221 -8.06537e-05 -0.00049805 4.74815e-05 0.000497205 -0.00023632
internal_weight=100880 23603 16329 77277 74268 73400 11716 4613 7274 3009 1538 1471 3215 868 4059
internal_count=100880 23603 16329 77277 74268 73400 11716 4613 7274 3009 1538 1471 3215 868 4059
is_linear=0
shrinkage=0.02


Tree=143
num_leaves=15
num_cat=0
split_feature=11 37 7 37 17 26 22 7 26 13 31 8 18 29
split_gain=0.776204 1.25071 0.694414 0.536717 0.465532 0.463377 0.484238 0.420924 0.401077 0.345801 0.338926 0.413233 0.270685 0.257308
threshold=0.17253783180352272 29.500000000000004 1.7110243055555558 123.50000000000001 1.0500000000000003 0.17914438502673799 0.44722222222222224 2.382847386393486 0.97500000000000009 0.47222222222222227 4.3357843137254912 0.36666666666666675 0.26491228070175438 2.8944444444444448
decision_type=2 2 2 2 2 2 2 2 2 2 2 2 2 2
left_child=3 10 8 5 9 12 -7 -4 -3 -5 13 -12 -1 -2
right_child=1 2 7 4 -6 6 -8 -9 -10 -11 11 -13 -14 -15
leaf_value=1.2115385484834591e-05 -0.00054518261730565805 0.00038940574354033022 9.2291069713816305e-05 -8.4772244167128174e-05 0.0010898089379940219 -0.00020108659399697051 3.829723168909343e-05 0.00059352012872695926 0.0019234389740310305 -0.00042954448792968214 -6.2731667989637785e-05 0.0015881667843142761 -0.00014919402693148656 -9.5165543479790103e-05
leaf_weight=6166 565 4542 10993 2505 101 3612 50437 723 71 2326 121 101 12130 6487
leaf_count=6166 565 4542 10993 2505 101 3612 50437 723 71 2326 121 101 12130 6487
internal_value=9.45194e-06 0.000109898 0.000207269 -2.11002e-05 -0.000222994 -7.19238e-06 2.21078e-05 0.000124172 0.000416007 -0.000252949 -0.000107309 0.000651184 -9.42887e-05 -0.000132783
internal_weight=100880 23603 16329 77277 4932 72345 54049 11716 4613 4831 7274 222 18296 7052
internal_count=100880 23603 16329 77277 4932 72345 54049 11716 4613 4831 7274 222 18296 7052
is_linear=0
shrinkage=0.02


Tree=144
num_leaves=10
num_cat=0
split_feature=23 31 35 26 6 22 33 35 31
split_gain=0.840779 0.761042 0.835144 0.777401 0.501081 0.460388 0.402255 0.321546 0.225493
threshold=0.62542517006802734 2.7583426028921028 0.10673139158576046 1.0250000000000001 2.8090909090909095 0.94868421052631591 0.10555555555555557 0.17253783180352272 4.2896643783371493
decision_type=2 2 2 2 2 2 2 2 2
left_child=5 6 3 -3 -4 8 -2 -8 -1
right_child=1 2 4 -5 -6 -7 7 -9 -10
leaf_value=-0.00012935968323643746 -0.00028711225766928804 9.1321012359188422e-05 -6.7419174988035224e-05 0.0015724514977081671 0.00071268142119900249 0.00032509823893236013 0.00068220303689469838 -0.00026248019838586768 0.00053803870276590093
leaf_weight=20219 3906 54460 20111 141 331 950 332 233 197
leaf_count=20219 3906 54460 20111 141 331 950 332 233 197
internal_value=9.26455e-06 3.92857e-05 5.44967e-05 9.53864e-05 -5.423e-05 -0.000101985 -0.000213696 0.000275437 -0.000122378
internal_weight=100880 79514 75043 54601 20442 21366 4471 565 20416
internal_count=100880 79514 75043 54601 20442 21366 4471 565 20416
is_linear=0
shrinkage=0.02


Tree=145
num_leaves=10
num_cat=0
split_feature=10 37 31 5 37 23 30 30 28
split_gain=0.796085 0.507843 0.566445 0.489644 0.477717 0.444106 0.53214 0.343377 0.249441
threshold=1.0000000180025095e-35 34.500000000000007 3.6618176047397379 3.4142857142857146 133.50000000000003 1.4830459770114945 4.1143790849673207 2.2899159663865549 1.0000000180025095e-35
decision_type=2 2 2 2 2 2 2 2 2
left_child=8 5 3 -3 -4 7 -7 -2 -1
right_child=1 2 4 -5 -6 6 -8 -9 -10
leaf_value=0.00038481166692284067 -0.00053730927975044636 -2.0131628880834354e-06 0.00016010750054366808 0.0015549891616827177 -0.00010845239676603624 0.00019174798888766376 0.0018336129569730096 -4.7789050439044793e-05 -0.00013457603157694602
leaf_weight=367 589 28803 23744 79 2935 1439 84 26489 16379
leaf_count=367 589 28803 23744 79 2935 1439 84 26489 16379
internal_value=3.26359e-06 2.84186e-05 6.37358e-05 2.00682e-06 0.000130182 -3.98395e-05 0.000291147 -5.88453e-05 -0.000122552
internal_weight=100908 84162 55561 28882 26679 28601 1523 27078 16746
internal_count=100908 84162 55561 28882 26679 28601 1523 27078 16746
is_linear=0
shrinkage=0.02


Tree=146
num_leaves=7
num_cat=0
split_feature=10 30 6 18 31 28
split_gain=0.764424 0.446613 0.406131 0.568834 0.55676 0.239722
threshold=1.0000000180025095e-35 2.0250000000000004 2.4522727272727276 1.0954545454545457 4.1299350649350659 1.0000000180025095e-35
decision_type=2 2 2 2 2 2
left_child=5 -2 3 -3 -4 -1
right_child=1 2 4 -5 -6 -7
leaf_value=0.00037715716171393877 -0.00077544921257279129 1.9313023640545027e-05 0.00016527440165560651 0.001349727015278136 0.0011081102091286864 -0.00013188483912945085
leaf_weight=367 273 80469 3015 127 278 16379
leaf_count=367 273 80469 3015 127 278 16379
internal_value=3.19764e-06 2.78493e-05 3.06011e-05 2.1567e-05 0.000248529 -0.000120088
internal_weight=100908 84162 83889 80596 3293 16746
internal_count=100908 84162 83889 80596 3293 16746
is_linear=0
shrinkage=0.02


Tree=147
num_leaves=12
num_cat=0
split_feature=37 11 22 35 11 27 23 31 15 31 31
split_gain=0.609839 0.971404 0.768994 0.57552 0.573251 0.533792 0.277903 0.362477 0.465884 0.275604 0.230508
threshold=34.500000000000007 0.18577749683944372 1.6961538461538463 0.014760348583877951 0.024490203918432606 0.82207001522070022 1.4830459770114945 3.5186577554998615 0.64453627180899919 1.0000000180025095e-35 2.2578201368523954
decision_type=2 2 2 2 2 2 2 2 2 2 2
left_child=6 4 3 -3 -2 -6 9 -8 -9 -1 -11
right_child=1 2 -4 -5 5 -7 7 8 -10 10 -12
leaf_value=0.00020263825764643857 -0.00028504987193503638 0.00044229798162731245 -0.0013762434085538564 0.00013118472342711334 1.5127902516595381e-05 0.0016723614243360665 -0.00016260137183403753 0.00064210945672807634 -0.00020731591200589451 -0.00030225343350916785 -7.2101908854177633e-05
leaf_weight=1365 2630 3314 119 9007 48272 76 761 853 347 1874 32290
leaf_count=1365 2630 3314 119 9007 48272 76 761 853 347 1874 32290
internal_value=3.13849e-06 4.10352e-05 0.000199484 0.000215735 2.16707e-06 1.80089e-05 -6.06996e-05 0.000169427 0.000388228 -7.36916e-05 -8.50361e-05
internal_weight=100908 63418 12440 12321 50978 48348 37490 1961 1200 35529 34164
internal_count=100908 63418 12440 12321 50978 48348 37490 1961 1200 35529 34164
is_linear=0
shrinkage=0.02


Tree=148
num_leaves=7
num_cat=0
split_feature=10 30 31 33 30 29
split_gain=0.717491 0.427154 0.286918 0.442638 0.298565 0.225431
threshold=1.0000000180025095e-35 2.2899159663865549 3.7781293952180035 0.11805555555555557 3.4472222222222229 1.0000000180025095e-35
decision_type=2 2 2 2 2 2
left_child=5 -2 3 -3 -4 -1
right_child=1 2 4 -5 -6 -7
leaf_value=0.00036562418065420009 -0.00041207278586361445 3.1081837661859279e-05 -0.00033664507100229747 -0.00012022409152548583 9.8995704303756073e-05 -0.00012781720192757626
leaf_weight=367 872 48679 634 9184 24793 16379
leaf_count=367 872 48679 634 9184 24793 16379
internal_value=3.07401e-06 2.69599e-05 3.16862e-05 6.89046e-06 8.77145e-05 -0.000116364
internal_weight=100908 84162 83290 57863 25427 16746
internal_count=100908 84162 83290 57863 25427 16746
is_linear=0
shrinkage=0.02


Tree=149
num_leaves=12
num_cat=0
split_feature=37 15 3 5 23 15 37 3 37 23 31
split_gain=0.579689 0.861558 1.2532 0.740932 0.607134 0.48272 0.442122 0.35571 0.501844 0.272068 0.208878
threshold=34.500000000000007 0.52189897698209731 1.3754432624113477 2.7888888888888892 1.0771712158808935 0.21455026455026452 131.50000000000003 1.148267622461171 7.5000000000000009 1.0912061794414736 3.3321839080459772
decision_type=2 2 2 2 2 2 2 2 2 2 2
left_child=7 5 4 -4 -3 9 -7 -1 10 -2 -9
right_child=1 2 3 -5 -6 6 -8 8 -10 -11 -12
leaf_value=-3.5293759332170955e-05 -0.00037718297507561427 6.2564020970039337e-05 0.0030024169761802733 0.0003604491660371423 0.00030332988224906772 1.7210257882645495e-05 -0.00027659602614526216 -0.00043134997808374467 -0.00038652158259274468 0.0010462959411625678 0.0001270515865250033
leaf_weight=32705 1773 16043 95 94 5749 37449 2165 318 2892 50 1575
leaf_count=32705 1773 16043 95 94 5749 37449 2165 318 2892 50 1575
internal_value=3.00837e-06 3.99589e-05 0.000141206 0.00175831 0.000126562 -1.35123e-05 8.87464e-07 -5.92291e-05 -0.000220653 -0.000331557 2.76139e-05
internal_weight=100908 63418 21981 189 21792 41437 39614 37490 4785 1823 1893
internal_count=100908 63418 21981 189 21792 41437 39614 37490 4785 1823 1893
is_linear=0
shrinkage=0.02


Tree=150
num_leaves=15
num_cat=0
split_feature=27 15 37 37 14 14 35 27 26 5 28 28 23 23
split_gain=0.617808 0.551628 0.761696 0.853824 0.547651 0.426339 0.407935 0.400106 0.398181 0.57179 0.354133 0.269449 0.252914 0.278463
threshold=0.27167203435319381 0.52397372742200343 34.500000000000007 116.50000000000001 0.57518796992481214 0.8973684210526317 0.062696540880503124 0.22184936614466819 0.44722222222222224 0.95000000000000007 4.7083333333333348 4.1000000000000005 1.0118347338935576 1.2296189632255208
decision_type=2 2 2 2 2 2 2 2 2 2 2 2 2 2
left_child=7 5 4 -4 -3 6 -2 8 10 -10 -1 -7 -9 -14
right_child=1 2 3 -5 -6 11 -8 12 9 -11 -12 -13 13 -15
leaf_value=-2.5605805564680669e-05 4.4155653889780762e-05 0.00017898977499357832 0.00026523941841162345 -6.859878912823198e-05 -0.00020662611565526939 0.0013354446344515858 -8.8470407964337942e-05 -0.00020712646523693141 -0.00052967641248095854 0.00081730392990542243 -0.00087435569670332139 -0.00011173528970264997 0.00012453198698398859 -0.00029713701397653613
leaf_weight=26750 20854 2255 12805 3970 4163 151 16653 9569 159 486 197 59 2159 880
leaf_count=26750 20854 2255 12805 3970 4163 151 16653 9569 159 486 197 59 2159 880
internal_value=-2.25526e-06 3.78049e-05 0.000114586 0.000185638 -6.95666e-05 -9.1481e-06 -1.44649e-05 -6.3201e-05 -2.01289e-05 0.000469191 -3.22462e-05 0.000884468 -0.000156651 0
internal_weight=101110 60910 23193 16775 6418 37717 37507 40200 27592 645 26947 210 12608 3039
internal_count=101110 60910 23193 16775 6418 37717 37507 40200 27592 645 26947 210 12608 3039
is_linear=0
shrinkage=0.02


Tree=151
num_leaves=13
num_cat=0
split_feature=31 26 6 6 15 35 22 35 21 21 11 6
split_gain=0.651124 0.338252 0.359639 0.544205 0.518997 0.322172 0.338939 0.256464 0.285259 0.341744 0.253057 0.237576
threshold=3.3003759398496242 0.31414473684210531 2.8535714285714291 2.3514705882352946 0.88255578093306297 0.022814018043025654 1.1622807017543864 0.23550420168067229 1.2111111111111115 1.0500000000000003 0.11075036075036072 0.75735294117647067
decision_type=2 2 2 2 2 2 2 2 2 2 2 2
left_child=7 5 3 -3 -4 6 -2 8 9 -1 -7 -10
right_child=1 2 4 -5 -6 10 -8 -9 11 -11 -12 -13
leaf_value=-5.5409401124447152e-05 2.2930418454565312e-05 8.8814212552949071e-05 0.00096866883410722101 -0.00023782749932916319 -0.00030153816287544952 -0.00012648089589032435 0.00030787766001853545 -0.00033032745007247234 -0.00021080428856833579 -0.00026775276722795457 6.1017824250309276e-06 0.00025001910723561419
leaf_weight=24115 10141 31732 405 2164 172 10797 2022 1544 561 3514 12046 1897
leaf_count=24115 10141 31732 405 2164 172 10797 2022 1544 561 3514 12046 1897
internal_value=-2.21397e-06 3.19289e-05 7.64344e-05 6.76528e-05 0.000573023 -1.16152e-05 7.11654e-05 -7.75238e-05 -6.4197e-05 -8.27957e-05 -5.61328e-05 0.000140692
internal_weight=101110 69479 34473 33896 577 35006 12163 31631 30087 27629 22843 2458
internal_count=101110 69479 34473 33896 577 35006 12163 31631 30087 27629 22843 2458
is_linear=0
shrinkage=0.02


Tree=152
num_leaves=15
num_cat=0
split_feature=27 10 15 14 11 6 27 14 11 35 30 19 19 27
split_gain=0.580655 0.523704 0.522886 0.664702 0.782376 0.494483 0.452794 0.408419 0.475315 0.388766 0.378361 0.391536 0.358852 0.281319
threshold=0.27167203435319381 0.34166666666666673 0.52397372742200343 0.73508771929824568 0.28623949579831937 2.8535714285714291 0.22184936614466819 0.8973684210526317 0.17405329593267879 0.062696540880503124 3.5941176470588241 0.40924344112263583 0.42471814765426114 0.22789463886820546
decision_type=2 2 2 2 2 2 2 2 2 2 2 2 2 2
left_child=1 6 7 4 -4 -5 12 9 -9 -2 11 -3 -1 -8
right_child=2 10 3 5 -6 -7 13 8 -10 -11 -12 -13 -14 -15
leaf_value=2.5768031040559623e-05 4.2966127268452736e-05 0.0025152667900246962 0.00014176033431971316 -8.9073551044186632e-05 0.00064440398655701869 0.00048501295424073618 -0.00041401935646705163 0.0014410255340081227 -0.00061037681996822357 -8.65023811634365e-05 0.00014271377397278337 0.0005498616452863876 -0.00012741356941762706 -0.00013335981875958126
leaf_weight=17803 20854 60 14107 7061 1374 651 1711 156 54 16653 650 186 9265 10525
leaf_count=17803 20854 60 14107 7061 1374 651 1711 156 54 16653 650 186 9265 10525
internal_value=-2.16964e-06 -6.12573e-05 3.66642e-05 0.00011142 0.000187095 -3.92031e-05 -7.23817e-05 -9.04305e-06 0.00086557 -1.42525e-05 0.000414666 0.00108597 -2.63e-05 -0.000173484
internal_weight=101110 40200 60910 23193 15481 7712 39304 37717 210 37507 896 246 27068 12236
internal_count=101110 40200 60910 23193 15481 7712 39304 37717 210 37507 896 246 27068 12236
is_linear=0
shrinkage=0.02


Tree=153
num_leaves=13
num_cat=0
split_feature=31 27 15 37 22 6 15 28 37 37 21 6
split_gain=0.622718 0.492513 0.481625 0.611683 0.386329 0.331155 0.645176 0.320404 0.250951 0.279925 0.269925 0.234086
threshold=3.3003759398496242 0.27167203435319381 0.4119634340222576 32.500000000000007 0.63397129186602885 2.4522727272727276 0.62080234392607625 4.291666666666667 82.500000000000014 80.500000000000014 0.68333333333333346 1.5751879699248124
decision_type=2 2 2 2 2 2 2 2 2 2 2 2
left_child=8 5 4 -4 -3 7 -7 -2 9 11 -11 -1
right_child=1 2 3 -5 -6 6 -8 -9 -10 10 -12 -13
leaf_value=-8.3800494585916198e-05 -3.3467131238135082e-05 -0.00023919091053056486 -5.9385290330468896e-05 0.0001499647099912461 2.3127536133315542e-05 0.00099784147987051481 -0.00017695779339619238 -0.00029196164658019594 -0.00022377909203567128 -0.00020533909254214343 0.00099944365521272027 8.768286825328343e-05
leaf_weight=23678 19843 2912 6937 27333 9587 347 377 2143 4038 100 193 3622
leaf_count=23678 19843 2912 6937 27333 9587 347 377 2143 4038 100 193 3622
internal_value=-2.11655e-06 3.12711e-05 6.84608e-05 0.000107295 -3.72156e-05 -4.48764e-05 0.000373526 -5.91419e-05 -7.57675e-05 -5.37302e-05 0.000555752 -6.06781e-05
internal_weight=101110 69479 46769 34270 12499 22710 724 21986 31631 27593 293 27300
internal_count=101110 69479 46769 34270 12499 22710 724 21986 31631 27593 293 27300
is_linear=0
shrinkage=0.02


Tree=154
num_leaves=15
num_cat=0
split_feature=15 28 23 14 30 23 11 23 23 14 5 17 14 14
split_gain=0.501231 0.528085 0.459333 0.876791 0.415325 0.397361 0.533988 0.387134 0.370979 0.362672 0.349266 0.320893 0.221275 0.219007
threshold=0.51477868375072811 4.366666666666668 1.0771712158808935 0.45227272727272733 3.9750000000000005 1.334474885844749 0.24292389853137511 1.0626965408805036 1.1672043010752691 0.84807692307692317 2.683333333333334 0.58571428571428574 0.55277777777777792 0.48684210526315791
decision_type=2 2 2 2 2 2 2 2 2 2 2 2 2 2
left_child=5 2 7 -4 -3 6 9 -2 -6 -1 -8 12 -7 -13
right_child=1 4 3 -5 8 11 10 -9 -10 -11 -12 13 -14 -15
leaf_value=-4.1873733392955791e-05 5.2637919401869888e-05 0.00010145556313980257 0.00062875903971163416 0.00010838352115850988 -0.00023381079436022391 0.00013566275923435308 -0.00069293779896319413 -0.0005005599219822189 -0.0010040989982617367 0.00050239063526243881 0.00084457520206095821 0.00029641118502588963 -0.00069563353061676025 0.0011264738806269386
leaf_weight=62941 22366 1265 1647 6404 1767 1859 720 513 306 489 57 425 133 218
leaf_count=62941 22366 1265 1647 6404 1767 1859 720 513 306 489 57 425 133 218
internal_value=-2.0778e-06 6.00063e-05 8.60192e-05 0.000216209 -0.000177943 -3.4057e-05 -4.40663e-05 3.97542e-05 -0.000353192 -3.75045e-05 -0.000565432 0.000205897 7.45024e-05 0.000595956
internal_weight=101110 34268 30930 8051 3338 66842 64207 22879 2073 63430 777 2635 1992 643
internal_count=101110 34268 30930 8051 3338 66842 64207 22879 2073 63430 777 2635 1992 643
is_linear=0
shrinkage=0.02


Tree=155
num_leaves=15
num_cat=0
split_feature=13 3 3 31 6 31 35 3 23 6 35 26 23 2
split_gain=0.503431 0.799051 0.700262 0.654256 0.564427 0.560444 0.627012 0.563414 0.47765 0.601697 0.447171 0.423556 0.413942 0.373446
threshold=1.1339285714285716 1.0553639846743297 1.1523494165878276 3.8892496392496398 2.7071428571428577 3.6655913978494628 0.021352583586626103 0.95847701149425302 0.7576941287878789 2.5147058823529416 0.42491830065359476 0.54772727272727284 1.1727833894500563 1.1937500000000003
decision_type=2 2 2 2 2 2 2 2 2 2 2 2 2 2
left_child=2 4 5 13 12 6 -1 -7 11 -10 -5 -3 -2 -4
right_child=1 8 3 10 -6 7 -8 -9 9 -11 -12 -13 -14 -15
leaf_value=4.3803581622421402e-05 -4.8339551753900041e-05 -0.0001861554309492201 -0.00060067295934633058 -6.6511198139927738e-05 -0.0012917868185501832 0.00017172851079718627 -8.893460832260175e-05 1.0723640947937337e-06 0.00037883281357148113 0.001626919421687055 0.0010172988464877864 0.0014727346539497377 0.00098965082885855331 -0.00018645134833864018
leaf_weight=24612 1071 317 1751 4559 128 13204 33547 18978 338 333 155 73 175 1922
leaf_count=24612 1071 317 1751 4559 128 13204 33547 18978 338 333 155 73 175 1922
internal_value=-4.66939e-06 0.000279138 -1.17759e-05 -0.000186596 -3.24364e-05 4.34693e-06 -3.25903e-05 7.14082e-05 0.000691338 0.00101608 -2.83379e-05 0.000104774 9.07851e-05 -0.00038686
internal_weight=101163 2435 98728 8387 1374 90341 58159 32182 1061 671 4714 390 1246 3673
internal_count=101163 2435 98728 8387 1374 90341 58159 32182 1061 671 4714 390 1246 3673
is_linear=0
shrinkage=0.02


Tree=156
num_leaves=15
num_cat=0
split_feature=18 35 18 15 6 35 13 2 31 2 26 5 6 15
split_gain=0.567886 0.479076 0.895874 0.543088 0.442908 0.422675 0.375551 0.379072 0.659345 0.322568 0.436699 0.353682 0.3101 0.290909
threshold=1.0250000000000001 0.10748244912467786 1.1055555555555558 0.62080234392607625 2.4058823529411768 0.16544057986693347 1.1339285714285716 1.2565789473684212 3.8501700680272113 0.82085561497326209 0.58114035087719318 3.0500000000000003 2.7071428571428577 0.7201398601398602
decision_type=2 2 2 2 2 2 2 2 2 2 2 2 2 2
left_child=6 2 3 -2 5 -3 9 12 -9 10 -1 -11 -8 -4
right_child=1 4 13 -5 -6 -7 7 8 -10 11 -12 -13 -14 -15
leaf_value=6.1237482895248433e-06 0.0034917839875687725 -0.00035121779593210367 0.0009245932183853567 0.0010657668975181877 -0.00041687092587460567 0.0015816142919481311 0.00016207345770128255 0 0.0013544965905397117 -5.4169427434004785e-05 0.00023825896429246037 0.00038609307213705409 -0.00091452013206692927 -0.00075764070641487198
leaf_weight=40830 67 61 71 126 272 115 1591 300 292 52972 3530 733 111 92
leaf_count=40830 67 61 71 126 272 115 1591 300 292 52972 3530 733 111 92
internal_value=-4.57077e-06 0.00052398 0.00107159 0.00198642 6.37767e-05 0.000859113 -8.91512e-06 0.000243679 0.00068122 -1.49308e-05 2.48315e-05 -4.79601e-05 8.50013e-05 0
internal_weight=101163 804 356 193 448 176 100359 2294 592 98065 44360 53705 1702 163
internal_count=101163 804 356 193 448 176 100359 2294 592 98065 44360 53705 1702 163
is_linear=0
shrinkage=0.02


Tree=157
num_leaves=15
num_cat=0
split_feature=11 12 15 3 12 35 27 30 30 13 35 14 11 11
split_gain=0.469133 0.485918 0.813008 0.728945 0.626261 0.6179 0.393171 0.361555 0.36704 0.595041 0.344857 0.259418 0.233191 0.498895
threshold=0.22692055545622503 0.90000000000000013 0.96318879855465223 0.82866927592955009 1.0000000180025095e-35 0.04857740021574971 0.82207001522070022 4.1519230769230786 4.0741758241758248 1.267857142857143 0.021352583586626103 0.97500000000000009 0.11075036075036072 0.13057686842853081
decision_type=2 2 2 2 2 2 2 2 2 2 2 2 2 2
left_child=7 3 6 4 -2 -5 -3 8 10 -10 -1 -4 -9 -14
right_child=1 2 11 5 -6 -7 -8 12 9 -11 -12 -13 13 -15
leaf_value=3.1709708350072423e-05 0.0015787160324763102 0.00046152285148584561 9.8289932844773792e-05 -0.00026033962625593708 0.00026174805795742295 0.00015217853319466045 0.0020903271826413963 -0.00041786662864568436 0.00015614074915314149 0.0021206206409260632 -5.1675841592695892e-05 -0.00056229812017193547 0.00060279647090605325 -0.00022641161097005136
leaf_weight=32070 164 2406 528 3245 1473 2597 63 1429 3127 62 51624 403 348 1624
leaf_count=32070 164 2406 528 3245 1473 2597 63 1429 3127 62 51624 403 348 1624
internal_value=-4.46555e-06 0.000119467 0.000317925 2.78485e-05 0.000401553 -7.52585e-05 0.000508789 -1.95121e-05 -1.14696e-05 0.000198773 -1.96046e-05 -0.000177532 -0.000221902 -7.45524e-05
internal_weight=101163 10879 3400 7479 1637 5842 2469 90284 86883 3189 83694 931 3401 1972
internal_count=101163 10879 3400 7479 1637 5842 2469 90284 86883 3189 83694 931 3401 1972
is_linear=0
shrinkage=0.02


Tree=158
num_leaves=16
num_cat=0
split_feature=3 17 31 14 35 31 35 26 30 3 3 6 10 10 31
split_gain=0.420285 0.838507 0.596085 0.566812 0.763432 0.547048 0.55571 0.959577 0.507178 0.492395 0.46046 0.382474 0.327602 0.297939 0.284239
threshold=1.1523494165878276 0.78888888888888908 3.886444229529336 0.91287878787878796 0.044515215852795408 3.6655913978494628 0.021352583586626103 0.55277777777777792 4.1519230769230786 1.3754432624113477 1.1433239962651729 2.6055555555555561 0.46410256410256417 0.05131578947368421 3.7292449874686722
decision_type=2 2 2 2 2 2 2 2 2 2 2 2 2 2 2
left_child=5 2 14 9 -5 6 12 -8 10 -3 -7 -10 -1 -4 -2
right_child=1 3 13 4 -6 8 7 -9 11 -11 -12 -13 -14 -15 -16
leaf_value=4.7734483764499577e-05 -0.00028993827674750984 -0.00015451986636176254 0.00021700300649213841 -0.00017821607179939748 0.0013076323032641341 8.5211401824574802e-05 -0.00011426935214119988 0.00025904668040075898 -0.00027433980651322406 0.00052099142710648663 0.00074693052889022917 0.00089267969261045039 -0.0012143080590701686 -0.00020443818567037484 -0.00071368116832289563
leaf_weight=24881 1519 1813 917 214 339 30506 30976 3007 2186 564 429 113 80 2359 1260
leaf_count=24881 1519 1813 917 214 339 30506 30976 3007 2186 564 429 113 80 2359 1260
internal_value=-4.36199e-06 -0.000134982 -0.000269922 0.000140462 0.00071605 8.26425e-06 -2.8198e-05 -8.09288e-05 7.32326e-05 1.86111e-06 9.47589e-05 -0.000211907 4.31921e-05 -8.33596e-05 -0.000486034
internal_weight=101163 8985 6055 2930 553 92178 58944 33983 33234 2377 30935 2299 24961 3276 2779
internal_count=101163 8985 6055 2930 553 92178 58944 33983 33234 2377 30935 2299 24961 3276 2779
is_linear=0
shrinkage=0.02


Tree=159
num_leaves=13
num_cat=0
split_feature=11 3 35 27 2 2 35 31 22 19 11 3
split_gain=0.445985 0.456043 0.575211 0.511253 0.620919 0.440934 0.303842 0.494103 0.491785 0.469877 0.27038 0.47586
threshold=0.22692055545622503 1.1672043010752691 0.37965517241379315 0.19157801418439713 0.82085561497326209 1.1464285714285716 0.021352583586626103 3.6852499352499355 0.42481203007518792 0.4119634340222576 0.022305140961857355 1.0750939849624062
decision_type=2 2 2 2 2 2 2 2 2 2 2 2
left_child=6 3 5 -2 -5 -3 10 9 -9 -8 -1 -12
right_child=1 2 -4 4 -6 -7 7 8 -10 -11 11 -13
leaf_value=-5.9835737053001631e-05 -0.00023950390642746064 -0.00065398964471267095 0.0013032859637595641 0.00050800096327960104 0.00011563757494833675 -6.2813402745670408e-06 -1.353623999354464e-05 -0.00033531024478949034 4.8942213888923113e-05 -0.00016332842500114194 9.7441995572407559e-05 -0.00018571714849234075
leaf_weight=9665 1011 657 99 2339 5523 1250 15549 1415 21383 18562 21057 2653
leaf_count=9665 1011 657 99 2339 5523 1250 15549 1415 21383 18562 21057 2653
internal_value=-4.2724e-06 0.000116561 -0.000152994 0.000178649 0.00023374 -0.00023512 -1.89455e-05 -4.71093e-05 2.4627e-05 -9.53458e-05 2.87779e-05 6.53235e-05
internal_weight=101163 10879 2006 8873 7862 1907 90284 56909 22798 34111 33375 23710
internal_count=101163 10879 2006 8873 7862 1907 90284 56909 22798 34111 33375 23710
is_linear=0
shrinkage=0.02


Tree=160
num_leaves=15
num_cat=0
split_feature=31 35 26 37 37 27 6 27 27 27 27 27 11 37
split_gain=0.433546 0.606508 0.756969 0.404036 0.470971 0.454433 0.442955 0.327657 0.298062 0.453282 0.294045 0.291391 0.248969 0.221017
threshold=3.6655913978494628 0.067878887609017571 0.6132478632478634 36.500000000000007 134.50000000000003 0.64727041895895054 1.8918128654970763 0.60072463768115958 0.29181873479318737 0.2861692447679709 0.22259759759759759 1.0200000000000002 0.29602631578947369 7.5000000000000009
decision_type=2 2 2 2 2 2 2 2 2 2 2 2 2 2
left_child=1 8 10 7 5 -5 -6 13 9 -1 -3 -4 -10 -2
right_child=3 2 11 4 6 -7 -8 -9 12 -11 -12 -13 -14 -15
leaf_value=-1.9789627966481657e-05 0.00014972716794735933 -3.0045521361127601e-05 0.00041191682430205155 0.00011612603130779527 5.4713456068254474e-05 0.0007229952347955125 -0.00044405882343805081 -0.00034534773756761297 9.300702243031997e-05 -0.00071650662620342212 -0.00019989921685489558 -0.0010571265909469353 -0.00023604458981708615 -5.2899797796627924e-05
leaf_weight=20128 2881 6130 1271 24679 1790 509 1150 1227 18268 380 13125 51 951 8496
leaf_count=20128 2881 6130 1271 24679 1790 509 1150 1227 18268 380 13125 51 951 8496
internal_value=7.93741e-06 -2.59967e-05 -0.000114193 5.84214e-05 0.000100677 0.000128843 -0.000137155 -3.50874e-05 1.94371e-05 -3.32555e-05 -0.000146353 0.00034618 7.61817e-05 -6.92421e-07
internal_weight=101036 60304 20577 40732 28128 25188 2940 12604 39727 20508 19255 1322 19219 11377
internal_count=101036 60304 20577 40732 28128 25188 2940 12604 39727 20508 19255 1322 19219 11377
is_linear=0
shrinkage=0.02


Tree=161
num_leaves=15
num_cat=0
split_feature=30 22 37 26 19 19 34 22 30 30 19 19 34 19
split_gain=0.409988 0.494495 0.538752 0.477646 0.877784 0.394406 0.314856 0.299996 0.523265 0.401346 0.253788 0.573475 0.41063 0.234819
threshold=3.6282894736842111 0.87867647058823539 123.50000000000001 0.89444444444444449 0.78596059113300509 0.50671171171171181 0.15587044534412953 1.3660287081339715 3.8535714285714291 3.9428104575163405 0.5661071032186461 0.63665315576143611 0.20526315789473684 0.76618139924591555
decision_type=2 2 2 2 2 2 2 2 2 2 2 2 2 2
left_child=1 2 5 6 -5 -1 -3 10 13 -10 12 -12 -2 -9
right_child=7 3 -4 4 -6 -7 -8 8 9 -11 11 -13 -14 -15
leaf_value=-2.5398243226247502e-05 0.00010200485132038858 5.5225623418302394e-05 -0.00047704504047773807 0.0011890430821100649 -0.0006446878127753735 -0.00020214762721536592 -0.00018643205399669944 -0.00010666556710481067 0.0012249255748022171 0.00034532179817988888 -0.00015782988912446186 8.055264341092687e-05 -0.00019657166357226125 0.00088433602481212436
leaf_weight=25530 23721 20051 1303 357 138 6354 2402 1237 271 1172 7080 9344 1975 101
leaf_count=25530 23721 20051 1303 357 138 6354 2402 1237 271 1172 7080 9344 1975 101
internal_value=7.77013e-06 -2.81453e-05 -7.76119e-05 4.29572e-05 0.000657163 -6.09458e-05 2.89137e-05 5.28934e-05 0.000254668 0.000518901 3.93223e-05 -2.16064e-05 7.86535e-05 -2.31881e-05
internal_weight=101036 56135 33187 22948 495 31884 22453 44901 2781 1443 42120 16424 25696 1338
internal_count=101036 56135 33187 22948 495 31884 22453 44901 2781 1443 42120 16424 25696 1338
is_linear=0
shrinkage=0.02


Tree=162
num_leaves=13
num_cat=0
split_feature=23 35 26 30 30 31 30 34 34 31 31 30
split_gain=0.697342 0.383604 0.376203 0.45197 0.3713 0.291678 0.303716 0.396967 0.277793 0.219956 0.286586 0.209614
threshold=0.67330033003300349 0.29316826549131453 1.0250000000000001 3.3245614035087723 3.7875939849624065 1.0000000180025095e-35 3.6282894736842111 0.38675213675213677 1.0000000180025095e-35 3.7763931888544895 3.9093841642228746 3.7029411764705888
decision_type=2 2 2 2 2 2 2 2 2 2 2 2
left_child=5 2 4 -4 -2 8 7 -7 -1 -3 -11 -8
right_child=1 9 3 -5 -6 6 11 -9 -10 10 -12 -13
leaf_value=0.00042405301003822278 1.4196479727890521e-05 -0.00036506704310177107 -0.00015151841669446892 0.0017905016836744767 0.00011260891634406226 -0.00015931317319241902 0.00017534252749509303 0.0008388395517875877 -0.00014577064166932348 0.00051638416407055829 -0.00023327414052827018 -5.3855716789923388e-05
leaf_weight=864 48923 1442 70 106 22534 15713 1999 156 531 316 558 7824
leaf_count=864 48923 1442 70 106 22534 15713 1999 156 531 316 558 7824
internal_value=7.61151e-06 3.95019e-05 4.78088e-05 0.000968904 4.53731e-05 -7.90782e-05 -9.46402e-05 -0.000148766 0.000200096 -0.000212934 2.6914e-05 -6.16941e-06
internal_weight=101036 73949 71633 176 71457 27087 25692 15869 1395 2316 874 9823
internal_count=101036 73949 71633 176 71457 27087 25692 15869 1395 2316 874 9823
is_linear=0
shrinkage=0.02


Tree=163
num_leaves=10
num_cat=0
split_feature=23 28 37 11 31 30 9 25 30
split_gain=0.669642 0.468881 0.43052 0.79811 0.279929 0.291625 0.25346 0.223309 0.201326
threshold=0.67330033003300349 4.7083333333333348 24.500000000000004 0.28271848924022841 1.0000000180025095e-35 3.6282894736842111 0.29285714285714287 0.38750000000000007 3.7029411764705888
decision_type=2 2 2 2 2 2 2 2 2
left_child=4 2 6 -4 -1 -6 -2 -3 -7
right_child=1 7 3 -5 5 8 -8 -9 -10
leaf_value=0.00019595889013284605 -7.0289843507716194e-05 -0.00029984176307586239 5.5794598189662702e-05 0.00045622164141512239 -0.00014577665562519587 0.00017183917152440768 0.00015261803261942128 -0.0013391418245613065 -5.2778876531529293e-05
leaf_weight=1395 15758 449 53231 2076 15869 1999 2320 115 7824
leaf_count=1395 15758 449 53231 2076 15869 1999 2320 115 7824
internal_value=7.46037e-06 3.87127e-05 4.32604e-05 7.10218e-05 -7.74877e-05 -9.27383e-05 -4.11166e-05 -0.000533407 -6.02517e-06
internal_weight=101036 73949 73385 55307 27087 25692 18078 564 9823
internal_count=101036 73949 73385 55307 27087 25692 18078 564 9823
is_linear=0
shrinkage=0.02


Tree=164
num_leaves=14
num_cat=0
split_feature=13 15 19 15 6 20 34 31 31 34 30 31 34
split_gain=0.424067 0.453376 0.811981 0.668046 0.469804 0.378011 0.384965 0.31686 0.359823 0.314172 0.407582 0.235538 0.211841
threshold=1.1833333333333336 0.8185736677115989 0.69775807261167822 0.72889276096942823 2.9083333333333337 1.9000000000000001 0.095454545454545472 3.7595545277507307 3.8006410256410259 0.15192307692307691 3.8480769230769236 2.6123724489795923 0.2817460317460318
decision_type=2 2 2 2 2 2 2 2 2 2 2 2 2
left_child=5 2 3 -2 -4 9 -7 -3 -9 11 -11 -1 -8
right_child=1 7 4 -5 -6 6 12 8 -10 10 -12 -13 -14
leaf_value=-0.00010897142133707315 3.1804959267233879e-05 -0.00050154259052182654 0.0019453262313477043 0.0012480381111215268 0 0.00055714481838809674 -0.00031653844840967885 0.0016173798513056629 0 -0.00017731379483607593 5.5212376228888639e-05 1.9728048777112061e-05 0.00076327763760791105
leaf_weight=6119 1033 404 204 222 60 956 414 65 378 8500 4587 78011 83
leaf_count=6119 1033 404 204 222 60 956 414 65 378 8500 4587 78011 83
internal_value=7.30884e-06 0.000271811 0.000479412 0.000256546 0.00149138 8.59628e-07 0.000320923 -8.89716e-05 0.000265369 -3.82767e-06 -9.50533e-05 1.02462e-05 -0.00011383
internal_weight=101036 2366 1519 1255 264 98670 1453 847 443 97217 13087 84130 497
internal_count=101036 2366 1519 1255 264 98670 1453 847 443 97217 13087 84130 497
is_linear=0
shrinkage=0.02


Tree=165
num_leaves=15
num_cat=0
split_feature=23 11 13 6 27 1 19 11 14 26 11 19 14 19
split_gain=0.623777 0.501381 0.522598 0.838604 0.393652 0.333046 0.385987 0.395224 0.359987 0.303742 0.503555 0.316681 0.302362 0.23689
threshold=1.0260304912478828 0.26645021645021644 0.58571428571428574 1.7029411764705884 0.73097601323407779 1.267857142857143 0.3797958983416741 0.14551208285385497 0.15192307692307691 0.89444444444444449 0.17981569800339503 0.76618139924591555 0.45804195804195807 0.71206060606060617
decision_type=2 2 2 2 2 2 2 2 2 2 2 2 2 2
left_child=5 9 4 -4 -3 6 8 -8 -1 11 -11 -2 -7 -14
right_child=1 2 3 -5 -6 12 7 -9 -10 10 -12 -13 13 -15
leaf_value=-0.00013057738042274186 6.2736649921025354e-05 8.3560708956952246e-05 0.0014915408751026531 0.00033638615656599074 -0.0012491271112646375 0.00023661975682492405 -0.00012295684322612317 3.3686405047530866e-06 6.5194097809076539e-05 0.0019673902778462931 0 -0.00036930215251531533 -5.8139992426237076e-05 0.00023131104275491026
leaf_weight=4719 21666 875 303 1735 96 3353 27332 15300 18097 86 104 693 5265 1437
leaf_count=4719 21666 875 303 1735 96 3353 27332 15300 18097 86 104 693 5265 1437
internal_value=3.57115e-06 8.90564e-05 0.000332146 0.000514325 -4.02176e-05 -2.5235e-05 -4.18008e-05 -7.73879e-05 2.42568e-05 5.61479e-05 0.000851448 4.88669e-05 8.15842e-05 2.48109e-06
internal_weight=101061 25558 3009 2038 971 75503 65448 42632 22816 22549 190 22359 10055 6702
internal_count=101061 25558 3009 2038 971 75503 65448 42632 22816 22549 190 22359 10055 6702
is_linear=0
shrinkage=0.02


Tree=166
num_leaves=14
num_cat=0
split_feature=20 30 11 1 11 35 35 11 22 35 17 11 11
split_gain=0.48146 0.59725 0.860115 0.363426 0.615527 0.69287 0.440317 0.425469 0.318667 0.298864 0.259224 0.252887 0.252444
threshold=1.7750000000000001 3.8377192982456148 0.16169043374925726 1.4365079365079367 0.25082781456953646 0.020906177156177104 0.060708435708435711 0.217539189588879 0.89181286549707617 0.17253783180352272 0.58571428571428574 0.1464191393506292 0.1993589743589744
decision_type=2 2 2 2 2 2 2 2 2 2 2 2 2
left_child=3 10 11 6 9 -6 8 -8 -1 -5 -2 -3 -4
right_child=1 2 12 4 5 -7 7 -9 -10 -11 -12 -13 -14
leaf_value=-1.9830904525936815e-05 -9.5284953445891714e-05 0.00084353614693657584 -0.00041323276357052444 -1.9685612997681802e-05 -4.8035375169805578e-05 0.0012373711319572955 -8.6887839174025797e-05 0.00014906684066119948 7.6897024927732166e-05 0.00041085242599616815 0.00037737059244649185 0.0019141614051173916 0.00037358807399868966
leaf_weight=30826 1669 507 261 2988 257 413 34568 3323 24255 808 635 137 414
leaf_count=30826 1669 507 261 2988 257 413 34568 3323 24255 808 635 137 414
internal_value=3.50476e-06 0.000229883 0.000569387 -4.81448e-06 0.000171217 0.000730756 -1.33814e-05 -6.59242e-05 2.25831e-05 6.9492e-05 3.08603e-05 0.00109199 5.42576e-05
internal_weight=101061 3623 1319 97438 4466 670 92972 37891 55081 3796 2304 644 675
internal_count=101061 3623 1319 97438 4466 670 92972 37891 55081 3796 2304 644 675
is_linear=0
shrinkage=0.02


Tree=167
num_leaves=15
num_cat=0
split_feature=23 19 13 19 35 19 13 13 19 19 30 19 14 1
split_gain=0.585816 0.461338 0.544692 0.491458 0.41412 0.409986 0.384794 0.552498 0.373098 0.346437 0.32816 0.242768 0.218476 0.2063
threshold=1.0358427543679345 0.63665315576143611 1.0000000180025095e-35 0.64014388489208651 0.20848321342925658 0.75079617834394918 0.81666666666666676 0.43650793650793651 0.90940656565656586 0.47233158355205601 3.4641025641025647 0.30044247787610628 1.0250000000000001 1.3166666666666669
decision_type=2 2 2 2 2 2 2 2 2 2 2 2 2 2
left_child=4 6 -3 -4 10 11 7 -2 -7 -8 12 -6 -1 -12
right_child=1 2 3 -5 5 8 9 -9 -10 -11 13 -13 -14 -15
leaf_value=-5.3398233244884445e-05 0.00010554924283542621 0.002080239491231406 0.0018979005908800494 0.00021154735089890122 0.00012256318887217469 0.00053909914895148463 -4.8642509699987138e-05 -0.00012102164053804663 -0.00027783483686437318 0.00050984144540904442 1.1039188537102514e-05 -0.00030906090229879048 -0.00089326136523769015 0.00014946107442180315
leaf_weight=32440 11114 65 70 4444 555 539 637 7006 362 1262 33078 4375 124 4990
leaf_count=32440 11114 65 70 4444 555 539 637 7006 362 1262 33078 4375 124 4990
internal_value=3.43851e-06 8.84182e-05 0.000269933 0.000240741 -2.37701e-05 -0.000185834 4.63774e-05 1.73913e-05 0.000199912 0.000317389 -1.02445e-05 -0.000258413 -5.69581e-05 2.94533e-05
internal_weight=101061 24598 4579 4514 76463 5831 20019 18120 901 1899 70632 4930 32564 38068
internal_count=101061 24598 4579 4514 76463 5831 20019 18120 901 1899 70632 4930 32564 38068
is_linear=0
shrinkage=0.02


Tree=168
num_leaves=15
num_cat=0
split_feature=23 11 13 22 20 26 27 13 1 19 11 22 19 19
split_gain=0.563227 0.464579 0.497938 0.475488 0.410792 0.381616 0.378918 0.312585 0.304512 0.371231 0.372343 0.311142 0.347827 0.292682
threshold=1.0260304912478828 0.26645021645021644 0.58571428571428574 1.5941176470588239 1.9000000000000001 0.89444444444444449 0.73097601323407779 0.73214285714285732 1.267857142857143 0.3797958983416741 0.14551208285385497 0.55277777777777792 0.93387978142076511 0.30795574288724981
decision_type=2 2 2 2 2 2 2 2 2 2 2 2 2 2
left_child=8 4 6 -4 5 -2 -3 -6 9 -1 -11 13 -13 -10
right_child=1 2 3 -5 7 -7 -8 -9 11 10 -12 12 -14 -15
leaf_value=2.494436826105341e-05 2.4815754891086753e-05 7.6482339996840283e-05 0.00057492258729441238 -0.0006949673017033008 0.00054538373827993402 0.0009810139371093209 -0.0012304938462923984 -0.00049443156758615791 0.00064127691764028828 -0.00011897260387630969 3.6263843961064918e-06 0.00018367156291124954 -0.00046400282914337877 -0.0001463309056838396
leaf_weight=22816 21257 875 1921 117 1006 167 96 119 197 27332 15300 6725 339 2794
leaf_count=22816 21257 875 1921 117 1006 167 96 119 197 27332 15300 6725 339 2794
internal_value=3.37525e-06 8.461e-05 0.000318619 0.000496507 5.29143e-05 3.28269e-05 -4.47208e-05 0.000425839 -2.3992e-05 -3.98369e-05 -7.4741e-05 7.81353e-05 0.000151052 -9.07207e-05
internal_weight=101061 25558 3009 2038 22549 21424 971 1125 75503 65448 42632 10055 7064 2991
internal_count=101061 25558 3009 2038 22549 21424 971 1125 75503 65448 42632 10055 7064 2991
is_linear=0
shrinkage=0.02


Tree=169
num_leaves=10
num_cat=0
split_feature=23 11 11 22 22 30 13 13 22
split_gain=0.540949 0.447851 0.50631 0.361202 0.266995 0.265536 0.255185 0.243465 0.241588
threshold=1.0260304912478828 0.24496553588322742 0.20640040962621609 0.97500000000000009 1.5941176470588239 3.4641025641025647 0.89444444444444449 1.1833333333333336 1.3245614035087721
decision_type=2 2 2 2 2 2 2 2 2
left_child=5 2 7 6 -5 8 -3 -2 -1
right_child=1 3 -4 4 -6 -7 -8 -9 -10
leaf_value=-6.1048580986247287e-05 7.1984025023891888e-05 -0.00046182642672576158 -0.00022540097578812671 0.0004039212916505002 -0.00023823220823102325 1.05906092001973e-05 0.00042132051916070324 0.00070422607292217087 -0.0009513460430166414
leaf_weight=34271 18802 406 2421 3239 260 41110 181 249 122
leaf_count=34271 18802 406 2421 3239 260 41110 181 249 122
internal_value=3.31166e-06 8.29253e-05 4.58323e-05 0.000275286 0.00035324 -2.35068e-05 -0.000172026 8.08454e-05 -6.45525e-05
internal_weight=101061 25558 21472 4086 3499 75503 587 19051 34393
internal_count=101061 25558 21472 4086 3499 75503 587 19051 34393
is_linear=0
shrinkage=0.02


Tree=170
num_leaves=14
num_cat=0
split_feature=23 35 8 35 17 35 23 23 3 10 10 3 10
split_gain=0.50699 0.517738 0.547404 0.552889 0.523282 0.491253 0.387843 0.337952 0.284677 0.822276 0.397304 0.345748 0.259065
threshold=1.0196723426212591 0.10544848035581912 1.0000000180025095e-35 0.010582306830907001 0.89444444444444449 0.15694376924323447 1.0590170278637772 1.4449944994499451 1.1306020066889635 0.41885964912280704 1.0000000180025095e-35 1.2730303030303032 0.44722222222222224
decision_type=2 2 2 2 2 2 2 2 2 2 2 2 2
left_child=8 2 4 -4 -2 7 -7 -3 10 11 -1 -10 -12
right_child=1 5 3 -5 -6 6 -8 -9 9 -11 12 -13 -14
leaf_value=-0.00010838962429407783 -6.1620415065989582e-06 -0.0002871383629560471 0.00042860917299906753 0.00011634069589936003 0.00091941771160558875 0.0005721022820343142 8.3805889101437238e-07 0.00090164926099149808 -0.00025653007395840465 0.0010944437003641758 1.7798237601028263e-05 1.5406441339787017e-06 -0.00058078585462323546
leaf_weight=13161 8582 3123 3764 6025 249 550 3684 93 5553 210 52593 3194 288
leaf_count=13161 8582 3123 3764 6025 249 550 3684 93 5553 210 52593 3194 288
internal_value=1.81362e-06 7.78784e-05 0.000134422 0.000237496 1.90059e-05 -6.20989e-05 7.76415e-05 -0.000249115 -2.44949e-05 -0.00013038 -9.97914e-06 -0.000161173 1.43273e-05
internal_weight=101069 26070 18620 9789 8831 7450 4234 3216 74999 8957 66042 8747 52881
internal_count=101069 26070 18620 9789 8831 7450 4234 3216 74999 8957 66042 8747 52881
is_linear=0
shrinkage=0.02


Tree=171
num_leaves=14
num_cat=0
split_feature=23 6 6 6 13 27 27 3 10 10 6 3 10
split_gain=0.487151 0.427551 0.646176 0.578807 0.474562 0.420412 0.383 0.273153 0.790076 0.381556 0.463459 0.33222 0.248888
threshold=1.0196723426212591 2.5147058823529416 2.3514705882352946 3.4142857142857146 1.1339285714285716 0.59532897128316986 0.14337101747173689 1.1306020066889635 0.41885964912280704 1.0000000180025095e-35 0.34166666666666673 1.2730303030303032 0.44722222222222224
decision_type=2 2 2 2 2 2 2 2 2 2 2 2 2
left_child=7 2 6 4 -3 -4 -2 9 11 10 -1 -9 -11
right_child=1 3 5 -5 -6 -7 -8 8 -10 12 -12 -13 -14
leaf_value=0.00033042813047416268 -0.00017045344218651244 0.00031602382012888003 -0.00080619847493351628 -0.0013194983991292807 0.0013318104957315054 0.00052308308186932147 0.00010143983241569879 -0.00025140131945603611 0.0010727613503640552 1.7442287088335777e-05 -0.00013879356248610238 1.5098536771737291e-06 -0.00056925024451880623
leaf_weight=891 2260 758 528 63 262 105 22094 5553 210 52593 12270 3194 288
leaf_count=891 2260 758 528 63 262 105 22094 5553 210 52593 12270 3194 288
internal_value=1.7844e-06 7.63479e-05 5.90073e-05 0.000466367 0.000588822 -0.000569 7.57862e-05 -2.40022e-05 -0.000127724 -9.77996e-06 -0.000106222 -0.000157928 1.40365e-05
internal_weight=101069 26070 24987 1083 1020 633 24354 74999 8957 66042 13161 8747 52881
internal_count=101069 26070 24987 1083 1020 633 24354 74999 8957 66042 13161 8747 52881
is_linear=0
shrinkage=0.02


Tree=172
num_leaves=12
num_cat=0
split_feature=26 10 18 31 35 18 10 6 6 3 6
split_gain=0.454942 0.494105 0.809743 0.455122 0.374393 0.367953 0.357366 0.35648 0.407776 0.30972 0.203254
threshold=0.18465909090909091 0.14642857142857144 0.63961038961038974 3.7147587511825924 0.19855548602419687 0.89181286549707617 0.36602870813397131 2.1519230769230773 2.1464285714285718 1.1338934195725536 2.4472222222222229
decision_type=2 2 2 2 2 2 2 2 2 2 2
left_child=6 4 3 -3 9 -4 7 8 -1 -2 -9
right_child=1 2 5 -5 -6 -7 -8 10 -10 -11 -12
leaf_value=-7.7863504980609869e-05 1.5629595011777071e-05 8.2322902868329825e-05 -8.8091630218350983e-05 0.00027012548568262657 -0.00018869696050278072 0.00017321978108698809 0.0007190239388834346 -0.00067545460484193329 0.00081692122762986263 -0.00020174804806961496 -3.7798180744267893e-05
leaf_weight=20762 34660 13993 11617 8399 4782 2627 218 632 202 2834 343
leaf_count=20762 34660 13993 11617 8399 4782 2627 218 632 202 2834 343
internal_value=1.75086e-06 2.43323e-05 7.81509e-05 0.00015323 -2.20713e-05 -3.91788e-05 -7.82165e-05 -8.6659e-05 -6.86877e-05 -5.44176e-07 -0.000461902
internal_weight=101069 78912 36636 22392 42276 14244 22157 21939 20964 37494 975
internal_count=101069 78912 36636 22392 42276 14244 22157 21939 20964 37494 975
is_linear=0
shrinkage=0.02


Tree=173
num_leaves=16
num_cat=0
split_feature=23 35 8 6 35 27 23 23 27 3 11 3 11 6 11
split_gain=0.463087 0.493063 0.520235 0.542555 0.475483 0.425695 0.372645 0.325071 0.267649 0.495628 0.327445 0.326173 0.324428 0.294552 0.235329
threshold=1.0196723426212591 0.10544848035581912 1.0000000180025095e-35 2.0513157894736849 0.15694376924323447 0.13732974105672804 1.2862394957983196 1.4449944994499451 0.39575839328537171 1.1114766081871348 0.18577749683944372 1.2730303030303032 0.19367341835458868 1.4058823529411766 0.17376207729468598
decision_type=2 2 2 2 2 2 2 2 2 2 2 2 2 2 2
left_child=8 2 5 -4 7 -2 -6 -3 9 13 14 -11 -12 -1 -10
right_child=1 4 3 -5 6 -7 -8 -9 10 11 12 -13 -14 -15 -16
leaf_value=-6.3834848916559009e-05 -0.00035922868615042924 -0.00028349806749820714 0.00031211614572091578 -3.6659599764694861e-05 0.00018379160561195876 6.9152736358673816e-05 -0.0002502234487748537 0.00088180813742311378 6.9938288657824736e-06 -0.00031227410792128944 0.00066066205741897714 0 0.00011772346189966511 3.9450950999008983e-05 -0.00035047723260259379
leaf_weight=29383 1049 3123 7515 2274 3199 7782 1035 93 15381 4308 494 2028 5062 17573 770
leaf_count=29383 1049 3123 7515 2274 3199 7782 1035 93 15381 4308 494 2028 5062 17573 770
internal_value=1.71419e-06 7.44151e-05 0.000129603 0.000230083 -6.21745e-05 1.7065e-05 7.5268e-05 -0.000246165 -2.3425e-05 -4.7618e-05 3.55087e-05 -0.00021384 0.000168017 -2.49678e-05 -9.47083e-06
internal_weight=101069 26070 18620 9789 7450 8831 4234 3216 74999 53292 21707 6336 5556 46956 16151
internal_count=101069 26070 18620 9789 7450 8831 4234 3216 74999 53292 21707 6336 5556 46956 16151
is_linear=0
shrinkage=0.02


Tree=174
num_leaves=12
num_cat=0
split_feature=26 31 35 37 37 37 6 37 6 35 31
split_gain=0.428744 0.457719 0.496295 0.472416 0.300341 0.234119 0.321939 0.334985 0.327413 0.22552 0.205115
threshold=0.18465909090909091 3.6101161923035927 0.0095695970695970512 134.50000000000003 34.500000000000007 1.5000000000000002 2.6754385964912282 82.500000000000014 2.5527777777777785 0.0085107924090974518 3.7491935483870971
decision_type=2 2 2 2 2 2 2 2 2 2 2
left_child=5 2 9 4 -3 -1 8 -8 -7 -2 -5
right_child=1 3 -4 10 -6 6 7 -9 -10 -11 -12
leaf_value=0.00019808441824806057 6.0035572257765023e-05 2.3197379492677076e-06 -7.5612276347090848e-05 -0.00044358662977540418 0.0001307569558422167 -9.4153864423726194e-05 0 0.0016168876829442014 -0.001410701988966434 0.00073493976511207286 -6.0252065262375479e-05
leaf_weight=1157 14308 10489 25991 813 25074 20733 105 87 75 202 2035
leaf_count=1157 14308 10489 25991 813 25074 20733 105 87 75 202 2035
internal_value=1.67828e-06 2.36028e-05 -2.31181e-05 7.31248e-05 9.31589e-05 -7.59494e-05 -9.15409e-05 0.000713208 -9.95149e-05 7.02203e-05 -0.000173423
internal_weight=101069 78912 40501 38411 35563 22157 21000 192 20808 14510 2848
internal_count=101069 78912 40501 38411 35563 22157 21000 192 20808 14510 2848
is_linear=0
shrinkage=0.02


Tree=175
num_leaves=9
num_cat=0
split_feature=34 11 19 17 14 14 18 11
split_gain=0.315024 0.331874 0.50223 0.424478 0.347327 0.275302 0.25751 0.230714
threshold=0.21825396825396823 0.033012442103351157 0.39930069930069939 0.88194444444444453 0.75735294117647067 0.29705882352941176 0.55277777777777792 0.35192592592592592
decision_type=2 2 2 2 2 2 2 2
left_child=1 5 4 -4 -3 -1 -7 -2
right_child=7 2 3 -5 -6 6 -8 -9
leaf_value=-0.00015491852234385614 -0.00011341036429901587 0.00012109732034852488 -2.8758041951957555e-05 0.00015138437018573275 -0.00033941842526242111 -4.1304599295200823e-05 0.00027548111908125603 -0.0011289707258824379
leaf_weight=8775 8101 19766 50664 5825 665 6340 1220 91
leaf_count=8775 8101 19766 50664 5825 665 6340 1220 91
internal_value=-7.25954e-06 3.08273e-06 2.05731e-05 -1.00005e-05 0.000105587 -7.8658e-05 8.55384e-06 -0.000126185
internal_weight=101447 93255 76920 56489 20431 16335 7560 8192
internal_count=101447 93255 76920 56489 20431 16335 7560 8192
is_linear=0
shrinkage=0.02


Tree=176
num_leaves=9
num_cat=0
split_feature=18 11 11 14 19 19 19 14
split_gain=0.282662 0.668113 0.29951 0.553061 0.379558 0.274987 0.247195 0.23529
threshold=0.37171052631578955 0.052435192458758807 0.22692055545622503 0.71008403361344552 0.77091284987277364 0.36681957186544345 0.44073371989295279 1.2792207792207795
decision_type=2 2 2 2 2 2 2 2
left_child=1 -1 5 4 -4 -2 -5 -7
right_child=2 -3 3 6 -6 7 -8 -9
leaf_value=-6.9703719088352225e-05 7.8045487181775582e-05 0.000111733158820294 0.00029176226225622524 0.00061173650899220037 -8.9198487500349681e-05 -6.5503519643750406e-05 -0.00013175479223426017 0.0010126539785414934
leaf_weight=13362 6070 20523 4333 181 1330 51398 4172 78
leaf_count=13362 6070 20523 4333 181 1330 51398 4172 78
internal_value=-7.11878e-06 3.98915e-05 -3.08448e-05 6.96726e-05 0.000200526 -4.85156e-05 -9.82771e-05 -6.36363e-05
internal_weight=101447 33885 67562 10016 5663 57546 4353 51476
internal_count=101447 33885 67562 10016 5663 57546 4353 51476
is_linear=0
shrinkage=0.02


Tree=177
num_leaves=12
num_cat=0
split_feature=3 35 31 3 17 2 18 34 2 35 35
split_gain=0.773769 0.60378 0.564433 0.531392 0.467111 0.454357 0.282851 0.266147 0.254561 0.21362 0.255166
threshold=1.1652533237513476 0.19271581739803254 3.6137147335423205 1.3581168232909528 0.78888888888888908 0.45227272727272733 0.21825396825396823 0.38675213675213677 0.8377192982456142 0.19650488400488397 0.19855548602419687
decision_type=2 2 2 2 2 2 2 2 2 2 2
left_child=1 2 8 6 -5 -4 -2 -8 -1 -3 -11
right_child=3 9 5 4 -6 -7 7 -9 -10 10 -12
leaf_value=1.6781367959784388e-05 0.00087144391945539372 -0.00064593692875408021 0.00082192228371913076 -0.00015320773791923208 0.00043091974362799651 8.0354439003368295e-05 -0.00033771766826547368 0.00034213065936238365 -7.6577482388911106e-05 0.00067350151819109123 -0.00014592968680020844
leaf_weight=31943 76 344 335 1455 866 34152 5646 224 18319 149 7938
leaf_count=31943 76 344 335 1455 866 34152 5646 224 18319 149 7938
internal_value=-6.97178e-06 9.37993e-06 2.55397e-05 -0.000192444 6.06176e-05 8.78951e-05 -0.000292894 -0.000309964 -1.70479e-05 -0.000151841 -0.000129433
internal_weight=101447 93180 84749 8267 2321 34487 5946 5870 50262 8431 8087
internal_count=101447 93180 84749 8267 2321 34487 5946 5870 50262 8431 8087
is_linear=0
shrinkage=0.02


Tree=178
num_leaves=13
num_cat=0
split_feature=3 3 22 19 10 10 14 14 10 34 23 19
split_gain=0.742732 0.51009 0.446286 0.4686 0.440732 0.348238 0.324421 0.322572 0.313359 0.392758 0.288396 0.28644
threshold=1.1652533237513476 1.3581168232909528 1.2264957264957268 0.76013698630136994 0.34166666666666673 0.51923076923076927 0.29705882352941176 0.45227272727272733 0.05131578947368421 0.38675213675213677 0.84641025641025658 0.85767590618336897
decision_type=2 2 2 2 2 2 2 2 2 2 2 2
left_child=2 8 5 7 -3 6 -1 -4 10 -10 -2 -5
right_child=1 4 3 11 -6 -7 -8 -9 9 -11 -12 -13
leaf_value=-7.3905278917458186e-05 9.7236223244706049e-05 -3.9401729869947816e-05 0.00019985799112324606 0.0010971773720387394 0.00079480897622241382 -0.0010658691883567841 1.7952595384790501e-05 -2.580109534852476e-05 -0.00040967136086552807 0.00057626032456755641 -0.00059737053538783124 0.00011999206049209935
leaf_weight=20434 1221 2036 5627 316 285 122 61967 4480 4274 158 293 234
leaf_count=20434 1221 2036 5627 316 285 122 61967 4480 4274 158 293 234
internal_value=-6.82569e-06 -0.000188541 9.19264e-06 0.000131024 5.93239e-05 -6.4222e-06 -4.70643e-06 9.88585e-05 -0.000286963 -0.000372024 -3.12034e-05 0.000701486
internal_weight=101447 8267 93180 10657 2321 82523 82401 10107 5946 4432 1514 550
internal_count=101447 8267 93180 10657 2321 82523 82401 10107 5946 4432 1514 550
is_linear=0
shrinkage=0.02


Tree=179
num_leaves=13
num_cat=0
split_feature=35 35 17 2 23 17 23 14 23 23 23 14
split_gain=0.49311 0.532948 0.484568 0.382697 0.443744 0.327906 0.320602 0.482534 0.312226 0.241683 0.349608 0.232077
threshold=0.093854865771812054 0.091206179441473564 0.88194444444444453 1.0250000000000001 0.93355408388520977 1.2111111111111115 1.0358427543679345 0.62828947368421062 0.96930926216640512 1.1054484803558193 0.88255578093306297 0.29705882352941176
decision_type=2 2 2 2 2 2 2 2 2 2 2 2
left_child=1 6 3 8 -5 -4 11 -8 -2 10 -3 -1
right_child=2 9 5 4 -6 -7 7 -9 -10 -11 -12 -13
leaf_value=-7.9905921104768876e-05 -0.00011570160757824917 0.00083385808161203423 0.0002236902349928151 -0.00011742290883804395 -0.00044653161950684454 -0.00048697585655416517 0.00015846192796704591 -8.0710894879252248e-05 5.3244751281458486e-05 0.0019042662442740749 -0.00024017177345837364 1.6332229335181242e-05
leaf_weight=13228 11876 343 2873 5405 2436 276 12274 4590 6832 57 167 41090
leaf_count=13228 11876 343 2873 5405 2436 276 12274 4590 6832 57 167 41090
internal_value=-6.68496e-06 2.15755e-05 -7.52946e-05 -0.000103347 -0.000221031 0.000157959 1.65574e-05 9.27697e-05 -5.34703e-05 0.000631711 0.00046307 -6.92252e-06
internal_weight=101447 71749 29698 26549 7841 3149 71182 16864 18708 567 510 54318
internal_count=101447 71749 29698 26549 7841 3149 71182 16864 18708 567 510 54318
is_linear=0
shrinkage=0.02


Tree=180
num_leaves=11
num_cat=0
split_feature=34 18 18 37 19 11 37 37 18 37
split_gain=0.492714 0.581596 0.644124 0.647052 0.570554 0.429752 0.530529 0.398715 0.324897 0.393407
threshold=0.15192307692307691 0.6858552631578948 0.89181286549707617 7.5000000000000009 0.85767590618336897 0.18770973154362416 16.500000000000004 134.50000000000003 0.65833333333333344 72.500000000000014
decision_type=2 2 2 2 2 2 2 2 2 2
left_child=1 5 3 -3 -4 7 -7 -1 -2 -10
right_child=8 2 4 -5 -6 6 -8 -9 9 -11
leaf_value=2.1186759107617402e-05 -0.00017412171188024045 0.0004446982271555397 0.00041402521417419064 -0.00024312491338012235 -0.00025531468937403261 -8.8991122537484122e-05 0.00022170059396388518 -0.00028712379924178053 -0.00014281798585187672 0.00027341222104575533
leaf_weight=62821 10086 574 1464 8355 760 2871 8846 1719 1977 1659
leaf_count=62821 10086 574 1464 8355 760 2871 8846 1719 1977 1659
internal_value=-4.00919e-06 1.338e-05 -0.000121312 -0.000197699 0.000180778 3.32133e-05 0.000144717 1.28114e-05 -0.000115494 4.43928e-05
internal_weight=101132 87410 11153 8929 2224 76257 11717 64540 13722 3636
internal_count=101132 87410 11153 8929 2224 76257 11717 64540 13722 3636
is_linear=0
shrinkage=0.02


Tree=181
num_leaves=10
num_cat=0
split_feature=3 10 35 18 18 11 3 1 18
split_gain=0.498834 0.466626 0.480796 0.424285 0.352125 0.347773 0.319609 0.564276 0.260842
threshold=1.1672043010752691 1.0000000180025095e-35 0.10673139158576046 0.6132478632478634 0.10818713450292396 0.17981569800339503 1.2508741258741261 1.4722222222222225 0.36602870813397131
decision_type=2 2 2 2 2 2 2 2 2
left_child=1 8 3 -3 -4 -2 7 -7 -1
right_child=5 2 4 -5 -6 6 -8 -9 -10
leaf_value=-3.0142168680626132e-05 -4.8218615115207933e-05 8.3219716539541952e-05 0.0014049000155467253 -5.5767170474177502e-05 -6.3596435584677071e-05 -0.00075307663203453396 -0.00014507161395673732 0.00038572865405253002 -0.00020273430805415609
leaf_weight=10393 4821 47795 63 10673 18897 1070 1806 194 5420
leaf_count=10393 4821 47795 63 10673 18897 1070 1806 194 5420
internal_value=-3.92893e-06 8.89283e-06 2.92102e-05 5.76764e-05 -5.80419e-05 -0.000156663 -0.000323563 -0.00057006 -8.99496e-05
internal_weight=101132 93241 77428 58468 18960 7891 3070 1264 15813
internal_count=101132 93241 77428 58468 18960 7891 3070 1264 15813
is_linear=0
shrinkage=0.02


Tree=182
num_leaves=10
num_cat=0
split_feature=3 10 34 11 3 1 10 37 37
split_gain=0.479216 0.448243 0.410682 0.333863 0.306406 0.542588 0.30288 0.236553 0.213513
threshold=1.1672043010752691 1.0000000180025095e-35 0.16228070175438594 0.17981569800339503 1.2508741258741261 1.4722222222222225 0.51923076923076927 142.50000000000003 64.500000000000014
decision_type=2 2 2 2 2 2 2 2 2
left_child=1 -1 6 7 5 -5 -3 -2 -4
right_child=3 2 8 4 -6 -7 -8 -9 -10
leaf_value=-8.8163865157180749e-05 -2.4795061173615092e-05 4.8134920108919052e-05 -0.00018164121177577806 -0.00073804320420013431 -0.00014217338973936518 0.00037809276611221079 -0.00089305741274181539 -0.0010174514436059529 4.7966203350105038e-06
leaf_weight=15813 4724 67647 5119 1070 1806 194 134 97 4528
leaf_count=15813 4724 67647 5119 1070 1806 194 134 97 4528
internal_value=-3.85606e-06 8.70903e-06 2.86241e-05 -0.000153558 -0.000317098 -0.000558512 4.61004e-05 -4.72546e-05 -9.31139e-05
internal_weight=101132 93241 77428 7891 3070 1264 67781 4821 9647
internal_count=101132 93241 77428 7891 3070 1264 67781 4821 9647
is_linear=0
shrinkage=0.02


Tree=183
num_leaves=13
num_cat=0
split_feature=3 7 34 34 7 11 11 11 11 3 1 37
split_gain=0.460554 0.570523 0.540909 0.478183 0.475051 0.395425 0.369572 0.320382 0.306719 0.293738 0.521744 0.227333
threshold=1.1672043010752691 1.9209579704657329 0.15192307692307691 0.087121212121212113 1.8980241778239961 0.48913043478260876 0.19732366630862866 0.17981569800339503 0.18577749683944372 1.2508741258741261 1.4722222222222225 142.50000000000003
decision_type=2 2 2 2 2 2 2 2 2 2 2 2
left_child=1 2 4 5 -1 -3 -4 11 -5 10 -9 -2
right_child=7 3 6 8 -6 -7 -8 9 -10 -11 -12 -13
leaf_value=1.79258853608833e-05 -2.4299370073699569e-05 9.7795028081844502e-05 -0.00010572634409627985 -0.00013112190109427257 -0.00052227951347737049 -0.00068400004025780667 -0.00058147509802090988 -0.00072330987046180821 0.00046676806641033519 -0.00013933306345633703 0.00037060807706141961 -0.00099751350705069722
leaf_weight=74226 4724 4417 10173 370 654 271 710 1070 2420 1806 194 97
leaf_count=74226 4724 4417 10173 370 654 271 710 1070 2420 1806 194 97
internal_value=-3.78592e-06 8.53008e-06 -5.96734e-06 0.000176091 1.30604e-05 5.01971e-05 -0.000137784 -0.000150546 0.000383859 -0.000310763 -0.000547195 -4.63597e-05
internal_weight=101132 93241 85763 7478 74880 4688 10883 7891 2790 3070 1264 4821
internal_count=101132 93241 85763 7478 74880 4688 10883 7891 2790 3070 1264 4821
is_linear=0
shrinkage=0.02


Tree=184
num_leaves=13
num_cat=0
split_feature=3 7 34 28 7 7 11 11 7 3 1 37
split_gain=0.442611 0.547783 0.519621 0.459785 0.54228 0.456306 0.354852 0.30744 0.295898 0.281581 0.501711 0.218471
threshold=1.1672043010752691 1.9209579704657329 0.15192307692307691 4.291666666666667 2.8775000000000004 1.8980241778239961 0.19732366630862866 0.17981569800339503 2.1881770529994182 1.2508741258741261 1.4722222222222225 142.50000000000003
decision_type=2 2 2 2 2 2 2 2 2 2 2 2
left_child=1 2 5 4 -3 -1 -4 11 -5 10 -9 -2
right_child=7 3 6 8 -6 -7 -8 9 -10 -11 -12 -13
leaf_value=1.7567376469707557e-05 -2.3813587954323825e-05 0.00025458745422231755 -0.00010361223583651995 -5.3318811095571438e-05 -0.00096920485486244341 -0.00051186576008614964 -0.00056987826838001104 -0.00070887066847853241 -0.0010074489182707938 -0.00013654949246551346 0.00036327156105211804 -0.00097796626163251473
leaf_weight=74226 4724 6560 10173 601 143 654 710 1070 174 1806 194 97
leaf_count=74226 4724 6560 10173 601 143 654 710 1070 174 1806 194 97
internal_value=-3.71928e-06 8.35243e-06 -5.85088e-06 0.000172541 0.000226707 1.27962e-05 -0.000135049 -0.000147593 -0.000282448 -0.000304554 -0.000536104 -4.54824e-05
internal_weight=101132 93241 85763 7478 6703 74880 10883 7891 775 3070 1264 4821
internal_count=101132 93241 85763 7478 6703 74880 10883 7891 775 3070 1264 4821
is_linear=0
shrinkage=0.02


Tree=185
num_leaves=13
num_cat=0
split_feature=27 31 2 27 2 14 5 35 3 2 35 14
split_gain=0.522499 0.620583 0.65217 0.467215 0.461319 0.385809 0.32143 0.433066 0.327518 0.305646 0.261031 0.2304
threshold=0.51171946529939583 3.1216803760282024 0.60555555555555574 0.49603149606299218 1.151923076923077 0.46410256410256417 3.183333333333334 0.20599461158509202 1.1523494165878276 1.2426470588235297 0.090615835777126064 0.58578431372549034
decision_type=2 2 2 2 2 2 2 2 2 2 2 2
left_child=3 11 5 6 -4 -3 8 -8 -1 10 -5 -2
right_child=1 2 4 9 -6 -7 7 -9 -10 -11 -12 -13
leaf_value=3.8115673387466836e-06 -0.00011510215631654759 0.0009267016818154879 6.9534643360775369e-05 -5.4127310093962815e-05 0.00042391639890706578 0 0.00020573808921240226 0.0016574768209829927 -0.00014156922236857787 -0.00091313001964364983 -0.00050111757868474393 -0.00074530501501495329
leaf_weight=77446 1422 687 8710 1811 1796 223 805 94 6727 269 771 292
leaf_count=77446 1422 687 8710 1811 1796 223 805 94 6727 269 771 292
internal_value=5.35656e-06 0.000123099 0.000176875 -1.21152e-05 0.000131137 0.000692514 -3.55306e-06 0.000371974 -7.69137e-06 -0.000263917 -0.000191756 -0.000229036
internal_weight=101053 13130 11416 87923 10506 910 85072 899 84173 2851 2582 1714
internal_count=101053 13130 11416 87923 10506 910 85072 899 84173 2851 2582 1714
is_linear=0
shrinkage=0.02


Tree=186
num_leaves=14
num_cat=0
split_feature=27 31 2 13 27 31 7 27 2 14 2 2 14
split_gain=0.501745 0.596617 0.625865 0.457108 0.54817 0.589124 0.521205 0.443066 0.442946 0.371044 0.310781 0.275302 0.221125
threshold=0.51171946529939583 3.1216803760282024 0.60555555555555574 1.3875000000000002 0.32701294033069733 3.8754084967320264 1.8850963031997516 0.49603149606299218 1.151923076923077 0.46410256410256417 0.84807692307692317 1.2426470588235297 0.58578431372549034
decision_type=2 2 2 2 2 2 2 2 2 2 2 2 2
left_child=3 12 9 7 6 -6 -5 10 -4 -3 -1 -9 -2
right_child=1 2 8 4 5 -7 -8 11 -10 -11 -12 -13 -14
leaf_value=3.4153259465337152e-05 -0.00011280334536300113 0.00090822143774852706 6.8144269468890524e-05 0.0018388434842057612 -0.00065959593204602805 0.0013277608505737634 0.00023321742584576477 -0.00019597060564815116 0.00041544750552454567 0 -4.2820628137239752e-05 -0.00090677545305742205 -0.00073050032388799046
leaf_weight=38529 1422 687 8710 172 217 79 183 2556 1796 223 45938 249 292
leaf_count=38529 1422 687 8710 172 217 79 183 2556 1796 223 45938 249 292
internal_value=5.24641e-06 0.000120628 0.000173366 -1.18728e-05 0.000514856 -9.02781e-05 0.00104511 -1.59282e-05 0.000128535 0.000678552 -7.59119e-06 -0.000263232 -0.000224592
internal_weight=101053 13130 11416 87923 651 296 355 87272 10506 910 84467 2805 1714
internal_count=101053 13130 11416 87923 651 296 355 87272 10506 910 84467 2805 1714
is_linear=0
shrinkage=0.02


Tree=187
num_leaves=12
num_cat=0
split_feature=23 3 14 11 3 23 23 14 14 14 14
split_gain=0.470743 0.382018 0.523104 0.53503 0.50026 0.477362 0.332563 0.244952 0.382676 0.273373 0.256593
threshold=0.52189897698209731 0.60072463768115958 0.84807692307692317 0.26645021645021644 0.77288845905867187 0.55597326649958234 1.4830459770114945 0.87083333333333346 0.7947368421052633 1.1291666666666669 1.2792207792207795
decision_type=2 2 2 2 2 2 2 2 2 2 2
left_child=7 2 3 -2 6 -6 -3 8 -1 -9 -11
right_child=1 4 -4 -5 5 -7 -8 9 -10 10 -12
leaf_value=-0.00010778156571724587 -8.8549438282634017e-05 0.00011986798666268705 0.0018217913141208037 -0.0013229983180968296 0.00034817365675174887 6.8364417871113039e-07 0.00075725154661712756 -0.00085043682740531634 0.00056854231962386297 0.0011728207693725335 -0.00049270884401496806
leaf_weight=12201 9565 16461 54 142 1624 59834 339 351 338 59 85
leaf_count=12201 9565 16461 54 142 1624 59834 339 351 338 59 85
internal_value=5.14097e-06 2.18471e-05 -9.58357e-05 -0.000107907 3.66553e-05 1.00397e-05 0.000133413 -0.000106895 -8.86655e-05 -0.000546334 0.000127921
internal_weight=101053 88019 9761 9707 78258 61458 16800 13034 12539 495 144
internal_count=101053 88019 9761 9707 78258 61458 16800 13034 12539 495 144
is_linear=0
shrinkage=0.02


Tree=188
num_leaves=13
num_cat=0
split_feature=27 37 13 6 37 18 37 13 37 5 27 14
split_gain=0.482306 0.742617 0.821945 0.845729 0.564668 0.495168 0.45687 0.525327 0.790097 0.523516 0.391871 0.365841
threshold=0.51171946529939583 40.500000000000007 0.31666666666666671 2.1464285714285718 154.50000000000003 1.1464285714285716 137.50000000000003 1.3875000000000002 100.50000000000001 2.683333333333334 0.49603149606299218 0.73508771929824568
decision_type=2 2 2 2 2 2 2 2 2 2 2 2
left_child=6 2 3 -2 5 -3 7 10 -9 -8 -1 -4
right_child=1 4 11 -5 -6 -7 9 8 -10 -11 -12 -13
leaf_value=-3.8070728133043356e-08 0.00019180642312605959 0.00027810390023888379 -9.5891721191008287e-05 0.0025733468345096036 0.0022632855587992177 -0.001257376322545201 -0.00019255955359230876 0.00021219826189307827 0.0020832365932671919 -0.0013524379659640162 -0.00024365118883364721 -0.00055235561027912577
leaf_weight=81972 2582 6103 3329 60 56 81 2435 504 113 169 2730 919
leaf_count=81972 2582 6103 3329 60 56 81 2435 504 113 169 2730 919
internal_value=5.04089e-06 0.000118167 -2.36447e-05 0.000251579 0.000276311 0.000255975 -1.17414e-05 -3.6548e-06 0.000576647 -0.000272653 -8.0135e-06 -0.000197208
internal_weight=101053 13130 6890 2642 6240 6184 87923 85319 617 2604 84702 4248
internal_count=101053 13130 6890 2642 6240 6184 87923 85319 617 2604 84702 4248
is_linear=0
shrinkage=0.02


Tree=189
num_leaves=12
num_cat=0
split_feature=27 37 14 37 18 31 37 5 10 31 37
split_gain=0.463302 0.713167 0.629235 0.542942 0.476185 0.44476 0.439112 0.502801 0.477741 0.64663 0.393635
threshold=0.51171946529939583 40.500000000000007 0.73508771929824568 154.50000000000003 1.1464285714285716 3.1581140350877197 137.50000000000003 2.683333333333334 0.34166666666666673 4.143323996265174 18.500000000000004
decision_type=2 2 2 2 2 2 2 2 2 2 2
left_child=6 2 5 4 -3 -2 8 -8 10 -10 -1
right_child=1 3 -4 -5 -6 -7 7 -9 9 -11 -12
leaf_value=-9.3677111620068255e-05 -0.00023304311329734801 0.0002725436457422891 -0.00050530081660475851 0.0022195807150725659 -0.0012328347689416035 0.00015672795827451506 -0.00018871152818594302 -0.0013257055677342834 0.00018824888264244223 0.0017687178646976299 1.0974871779788143e-05
leaf_weight=18497 1585 6103 937 56 81 4368 2435 169 2654 108 64060
leaf_count=18497 1585 6103 937 56 81 4368 2435 169 2654 108 64060
internal_value=4.93766e-06 0.000115814 -2.31305e-05 0.000270793 0.000250817 5.12278e-05 -1.15087e-05 -0.000267301 -3.5784e-06 0.000254902 -1.23531e-05
internal_weight=101053 13130 6890 6240 6184 5953 87923 2604 85319 2762 82557
internal_count=101053 13130 6890 6240 6184 5953 87923 2604 85319 2762 82557
is_linear=0
shrinkage=0.02


Tree=190
num_leaves=13
num_cat=0
split_feature=3 3 15 8 22 10 14 22 15 15 3 14
split_gain=0.452457 0.488551 0.45126 0.643487 0.498125 0.360336 0.316626 0.304845 0.297007 0.285758 0.291729 0.242657
threshold=1.1672043010752691 1.2730303030303032 0.55823643410852719 0.63333333333333341 1.6583333333333334 0.34166666666666673 0.64852941176470602 1.3944444444444446 0.55390149418926404 0.81056618819776716 1.2862679955703216 0.84807692307692317
decision_type=2 2 2 2 2 2 2 2 2 2 2 2
left_child=2 7 5 4 -4 8 -5 -2 -1 -3 -11 -7
right_child=1 9 3 6 -6 11 -8 -9 -10 10 -12 -13
leaf_value=-1.6175535164965124e-06 -0.00031406404010718452 -9.1018826149109059e-05 0.00012825407200255229 0.00073258029296994207 -0.00097836249864395749 0.0006895211157927001 -0.00078856598353013393 0.00094299735029538482 -0.00040542516296317491 0.0015367700894259745 0.00019261695464139222 -1.8950867783892287e-05
leaf_weight=69855 3962 2549 21266 54 160 500 446 73 735 70 1141 271
leaf_count=69855 3962 2549 21266 54 160 500 446 73 735 70 1141 271
internal_value=1.07883e-05 -0.000135386 2.31124e-05 0.00010247 0.000119433 -1.13266e-06 -0.000602098 -0.000288389 -5.97512e-06 2.62147e-05 0.000280963 0.000428158
internal_weight=101082 7795 93287 21926 21426 71361 500 4035 70590 3760 1211 771
internal_count=101082 7795 93287 21926 21426 71361 500 4035 70590 3760 1211 771
is_linear=0
shrinkage=0.02


Tree=191
num_leaves=14
num_cat=0
split_feature=3 3 15 8 37 37 31 31 14 22 15 3 31
split_gain=0.434161 0.46922 0.433343 0.617404 0.623235 0.47088 0.4355 0.366588 0.304898 0.293285 0.274806 0.280276 0.235945
threshold=1.1672043010752691 1.2730303030303032 0.55823643410852719 0.63333333333333341 51.500000000000007 136.50000000000003 3.6177666188426598 3.9921567421259847 0.64852941176470602 1.3944444444444446 0.81056618819776716 1.2862679955703216 4.2508503401360551
decision_type=2 2 2 2 2 2 2 2 2 2 2 2 2
left_child=2 9 5 4 -4 6 -1 -7 -5 12 -3 -12 -2
right_child=1 10 3 8 -6 7 -8 -9 -10 -11 11 -13 -14
leaf_value=-2.8279631783544576e-05 -0.00034086073631525981 -8.9199875237917431e-05 -3.9919104708170936e-06 0.00071845197517957007 0.00021235822640600262 -0.0004232092627828188 7.7846742429593755e-05 0.00054583605311133647 -0.00077286507568455169 0.00092464032967885335 0.0015068884473294021 0.00018877134346325774 0.00041560048225873747
leaf_weight=46469 3803 2549 9395 54 12031 1576 23153 163 446 73 70 1141 159
leaf_count=46469 3803 2549 9395 54 12031 1576 23153 163 446 73 70 1141 159
internal_value=1.05692e-05 -0.000132615 2.26434e-05 0.00010041 0.000117034 -1.11266e-06 6.8706e-06 -0.000326112 -0.000589662 -0.000282565 2.57078e-05 0.000275566 -0.000307786
internal_weight=101082 7795 93287 21926 21426 71361 69622 1739 500 4035 3760 1211 3962
internal_count=101082 7795 93287 21926 21426 71361 69622 1739 500 4035 3760 1211 3962
is_linear=0
shrinkage=0.02


Tree=192
num_leaves=11
num_cat=0
split_feature=3 16 15 37 3 37 22 15 31 31
split_gain=0.416473 0.481151 0.464264 0.557218 0.450495 0.450061 0.282141 0.264278 0.226964 0.214632
threshold=1.1672043010752691 1.6333333333333335 0.55823643410852719 51.500000000000007 1.2730303030303032 136.50000000000003 1.3944444444444446 0.81056618819776716 4.2508503401360551 3.5521610696517416
decision_type=2 2 2 2 2 2 2 2 2 2
left_child=1 2 5 -4 6 -1 8 -6 -2 -9
right_child=4 -3 3 -5 7 -7 -8 9 -10 -11
leaf_value=7.2173632330150616e-06 -0.00033404710366049205 -0.0011875458385880667 -8.8513932817719021e-06 0.00019370958392000485 -8.7417275595552815e-05 -0.00031842440829194825 0.00090664064486821493 -0.00026489680390721481 0.00040739173381965354 0.00040011713694360469
leaf_weight=69557 3803 129 9567 12296 2549 1738 73 221 159 990
leaf_count=69557 3803 129 9567 12296 2549 1738 73 221 159 990
internal_value=1.0361e-05 2.21885e-05 2.39965e-05 0.000104621 -0.000129873 -5.89448e-07 -0.000276805 2.52107e-05 -0.000301579 0.000270276
internal_weight=101082 93287 93158 21863 7795 71295 4035 3760 3962 1211
internal_count=101082 93287 93158 21863 7795 71295 4035 3760 3962 1211
is_linear=0
shrinkage=0.02


Tree=193
num_leaves=11
num_cat=0
split_feature=3 31 8 11 22 14 22 3 3 3
split_gain=0.399799 0.444891 0.394071 0.47663 0.765621 0.326712 0.314998 0.330572 0.283609 0.269107
threshold=1.1672043010752691 3.8892496392496398 0.63333333333333341 0.18577749683944372 1.6583333333333334 0.82843137254901966 1.341666666666667 1.188745217047104 1.2226219024780178 1.4759593157651414
decision_type=2 2 2 2 2 2 2 2 2 2
left_child=2 9 3 5 -5 -1 7 -3 -8 -2
right_child=1 6 -4 4 -6 -7 8 -9 -10 -11
leaf_value=-2.6343978067047026e-06 -0.00038188352900788303 -0.00049936285781161768 -0.00045790731005788206 0.00013921159841235578 -0.0010948059641488709 0.00024966788878090572 0.0020199768009938695 3.3260754503959754e-05 0.00016261823083225051 9.1225228119730728e-05
leaf_weight=74155 2791 527 676 16148 200 2108 55 3769 112 541
leaf_count=74155 2791 527 676 16148 200 2108 55 3769 112 541
internal_value=1.01497e-05 -0.000127244 2.17399e-05 2.53588e-05 0.000123371 4.21478e-06 1.1065e-06 -2.99527e-05 0.000850161 -0.000302059
internal_weight=101082 7795 93287 92611 16348 76263 4463 4296 167 3332
internal_count=101082 7795 93287 92611 16348 76263 4463 4296 167 3332
is_linear=0
shrinkage=0.02


Tree=194
num_leaves=8
num_cat=0
split_feature=3 3 8 11 37 14 37
split_gain=0.38351 0.423714 0.378526 0.457636 0.590591 0.31379 0.216357
threshold=1.1672043010752691 1.2730303030303032 0.63333333333333341 0.18577749683944372 70.500000000000014 0.82843137254901966 128.50000000000003
decision_type=2 2 2 2 2 2 2
left_child=2 6 3 5 -5 -1 -2
right_child=1 -3 -4 4 -6 -7 -8
leaf_value=-2.5817109954203307e-06 -0.00022444904458766084 2.572583675321146e-05 -0.00044877616814983278 1.8275523949203804e-05 0.00026338055681684731 0.00024467926362961952 -0.00083293122820612183
leaf_weight=74155 3771 3760 676 9546 6802 2108 264
leaf_count=74155 3771 3760 676 9546 6802 2108 264
internal_value=9.94679e-06 -0.000124615 2.13003e-05 2.48492e-05 0.000120889 4.12799e-06 -0.000267131
internal_weight=101082 7795 93287 92611 16348 76263 4035
internal_count=101082 7795 93287 92611 16348 76263 4035
is_linear=0
shrinkage=0.02


Tree=195
num_leaves=16
num_cat=0
split_feature=10 14 19 14 35 6 18 18 18 26 18 18 4 6 19
split_gain=0.307568 0.408696 0.756994 0.706409 0.365301 0.320454 0.302967 0.480176 0.34619 0.284444 0.538896 0.28577 0.226748 0.3789 0.307036
threshold=0.34166666666666673 0.73508771929824568 0.77091284987277364 0.56696428571428581 0.093854865771812054 2.1715686274509807 1.0954545454545457 1.1291666666666669 0.97500000000000009 0.89444444444444449 0.67543859649122817 0.89181286549707617 1.5500000000000003 2.8535714285714291 0.75079617834394918
decision_type=2 2 2 2 2 2 2 2 2 2 2 2 2 2 2
left_child=4 2 3 -2 9 -4 8 -8 -6 11 -11 -1 14 -14 -3
right_child=1 12 5 -5 6 -7 7 -9 -10 10 -12 -13 13 -15 -16
leaf_value=8.2725277000699218e-06 -0.00020549257275878741 0.00064736207101934705 0.00089314837347377433 0.0011683916505331937 -6.5260225131437305e-05 -0.00076788309979212792 0.0022913862312478679 0 -0.00073344277024081075 0.00097594998390427234 -0.00015757718924866166 0.00038233004798000485 -0.00017187851825470048 0.00036548174522276031 -0.00047624643661279593
leaf_weight=66623 184 463 53 591 27981 209 54 88 315 345 299 827 1940 714 111
leaf_count=66623 184 463 53 591 27981 209 54 88 315 345 299 827 1940 714 111
internal_value=-4.10118e-07 0.000165652 0.000511775 0.000829646 -7.854e-06 -0.000389773 -6.81263e-05 0.000841439 -7.31033e-05 1.71718e-05 0.000435331 1.30183e-05 5.11159e-05 -2.33822e-05 0.000411819
internal_weight=100797 4265 1037 775 96532 262 28438 142 28296 68094 644 67450 3228 2654 574
internal_count=100797 4265 1037 775 96532 262 28438 142 28296 68094 644 67450 3228 2654 574
is_linear=0
shrinkage=0.02


Tree=196
num_leaves=16
num_cat=0
split_feature=26 4 4 4 35 35 10 35 35 35 37 35 37 35 7
split_gain=0.297483 0.537343 0.352436 0.317238 0.36551 0.311267 0.275124 0.432787 0.579255 0.481637 0.317731 0.340971 0.331435 0.259411 0.217665
threshold=0.40588235294117653 2.291666666666667 4.4500000000000011 1.6333333333333335 0.23867302052785924 0.15016339869281048 0.20526315789473684 0.30846092662557173 0.36425061425061428 0.012861869313482202 60.500000000000007 0.085825892857142858 123.50000000000001 0.020067114093959702 2.3190572267057967
decision_type=2 2 2 2 2 2 2 2 2 2 2 2 2 2 2
left_child=6 3 5 4 -2 -3 10 9 -9 -8 11 -1 -12 -5 -4
right_child=1 2 14 13 -6 -7 7 8 -10 -11 12 -13 -14 -15 -16
leaf_value=-3.9330994837304766e-06 8.1221012131881221e-05 0.00034259236490254954 -0.0014602051165543105 -0.0003177230532414147 -0.00031548938095934162 -7.3226962490502195e-05 4.8659865420375143e-05 0.0018272915574766341 -0.00026278262918299822 -0.00025099478167489743 7.7717861791738396e-05 -0.0001342385415386522 -0.00012493561168092928 -1.7286452248501249e-05 0
leaf_weight=27561 15271 4119 74 1790 979 826 3286 103 92 5919 22110 11434 3746 3426 61
leaf_count=27561 15271 4119 74 1790 979 826 3286 103 92 5919 22110 11434 3746 3426 61
internal_value=-3.97718e-07 5.69615e-05 0.000241999 1.26875e-05 5.66695e-05 0.000271112 -2.10403e-05 -0.000122206 0.000797787 -0.000142951 -6.21901e-06 -4.24022e-05 4.79634e-05 -0.000122387 -0.000739802
internal_weight=100797 26546 5080 21466 16250 4945 74251 9400 195 9205 64851 38995 25856 5216 135
internal_count=100797 26546 5080 21466 16250 4945 74251 9400 195 9205 64851 38995 25856 5216 135
is_linear=0
shrinkage=0.02


Tree=197
num_leaves=12
num_cat=0
split_feature=37 19 15 33 33 5 5 5 15 33 15
split_gain=0.269315 0.560756 0.589197 0.713184 0.325977 0.47069 0.431993 0.317815 0.272388 0.269857 0.328309
threshold=59.500000000000007 0.25092592592592594 0.49003311258278154 1.0000000180025095e-35 0.15476190476190474 3.354166666666667 2.5857142857142867 1.0500000000000003 0.24152298850574713 1.0000000180025095e-35 0.36014705882352943
decision_type=2 2 2 2 2 2 2 2 2 2 2
left_child=4 9 8 -4 5 -1 7 -6 -3 10 -2
right_child=1 2 3 -5 6 -7 -8 -9 -10 -11 -12
leaf_value=-1.1743387920817338e-05 0.00049917638948756063 -0.00034912809302363923 7.8960343942803843e-06 0.00025337501102717713 -0.00027963167237085774 0.00084952897330125177 -0.00068161043462314675 -2.2984740397947415e-05 -2.4093841053999982e-05 -4.7490517703854308e-05 0.0017659314784866113
leaf_weight=47027 332 1088 11680 8061 2782 253 547 6626 22128 145 128
leaf_count=47027 332 1088 11680 8061 2782 253 547 6626 22128 145 128
internal_value=-3.96023e-07 3.69749e-05 2.82003e-05 0.000108656 -2.90143e-05 -6.8874e-06 -0.000133076 -9.99827e-05 -3.97858e-05 0.000641375 0.000879429
internal_weight=100797 43562 42957 19741 57235 47280 9955 9408 23216 605 460
internal_count=100797 43562 42957 19741 57235 47280 9955 9408 23216 605 460
is_linear=0
shrinkage=0.02


Tree=198
num_leaves=11
num_cat=0
split_feature=11 11 11 22 7 4 20 4 22 22
split_gain=0.400394 0.472101 0.61857 0.436696 0.431112 0.34514 0.322241 0.264281 0.240332 0.341725
threshold=0.29181873479318737 0.33213429256594723 0.33436853002070394 0.74342105263157909 1.8350015013512164 3.7750000000000004 1.1000000000000003 1.9000000000000001 2.0954545454545461 1.552777777777778
decision_type=2 2 2 2 2 2 2 2 2 2
left_child=5 3 -3 7 -5 8 -4 -2 9 -1
right_child=1 2 6 4 -6 -7 -8 -9 -10 -11
leaf_value=-1.4283186727148307e-06 0.00051654860599717098 -0.00046785792002776834 6.7756522160310011e-06 -0.00051288916227909239 0.000789979736295753 -0.00036340671740678137 0.00051116406017045742 -0.0010163930356502533 0.0013539195762803922 -0.00036997580670244799
leaf_weight=94495 65 697 1298 102 1007 1084 875 108 50 1016
leaf_count=94495 65 697 1298 102 1007 1084 875 108 50 1016
internal_value=-3.89309e-07 0.000191772 4.52878e-05 0.000511335 0.00066044 -8.75209e-06 0.000214758 -0.000383968 -4.61689e-06 -5.46111e-06
internal_weight=100797 4152 2870 1282 1109 96645 2173 173 95561 95511
internal_count=100797 4152 2870 1282 1109 96645 2173 173 95561 95511
is_linear=0
shrinkage=0.02


Tree=199
num_leaves=12
num_cat=0
split_feature=11 37 35 37 35 5 5 11 35 4 11
split_gain=0.384539 0.611723 0.495679 0.633687 0.360756 0.40618 0.41284 0.321689 0.261752 0.250841 0.217754
threshold=0.29181873479318737 64.500000000000014 0.19650488400488397 102.50000000000001 0.062305900621118009 3.0500000000000003 2.5277777777777781 0.42928571428571433 0.059017027863777057 2.7750000000000004 0.33213429256594723
decision_type=2 2 2 2 2 2 2 2 2 2 2
left_child=4 7 3 -3 8 6 -6 10 -1 -10 -2
right_child=1 2 -4 -5 5 -7 -8 -9 9 -11 -12
leaf_value=1.7823745026466015e-05 0.00018835317252378821 0.0009855262170770688 0.0024173053205013275 -7.7534569065507448e-06 -4.873039184337888e-05 0.00048790521395427212 -0.00037535849576283617 0.00037979110437539476 0.00023362561695048311 0.0013869859872574217 -0.0002206339881342044
leaf_weight=55851 775 499 58 487 37669 538 1625 839 875 87 1494
leaf_count=55851 775 499 58 487 37669 538 1625 839 875 87 1494
internal_value=-3.81345e-07 0.000187935 0.00060707 0.000485787 -8.57886e-06 -5.48015e-05 -6.2511e-05 4.3629e-05 2.36529e-05 0.000350966 -7.64941e-05
internal_weight=100797 4152 1044 986 96645 39832 39294 3108 56813 962 2269
internal_count=100797 4152 1044 986 96645 39832 39294 3108 56813 962 2269
is_linear=0
shrinkage=0.02


Tree=200
num_leaves=11
num_cat=0
split_feature=10 3 10 26 11 11 11 3 26 26
split_gain=0.374285 0.438204 0.532808 0.475711 0.428486 0.449331 0.271933 0.26163 0.248491 0.2353
threshold=0.080128205128205107 0.90491259795057277 0.46410256410256417 1.0250000000000001 0.31051221961834624 0.20274995274995272 0.15161964472309297 0.91185719570847212 0.06904761904761901 0.14642857142857144
decision_type=2 2 2 2 2 2 2 2 2 2
left_child=4 2 3 -2 5 6 -1 9 -9 -3
right_child=1 7 -4 -5 -6 -7 -8 8 -10 -11
leaf_value=-6.1845490884367526e-05 7.9945851348832666e-05 0.00067974791782242914 -0.0017218072345623603 0.0017262076282165419 0.0017032675228335643 -0.00085956250253971331 0.00023659862982256357 -0.00031779166863445091 -4.8637894296285675e-06 -0.00048362675289702567
leaf_weight=35038 30578 68 63 69 53 277 1251 1050 31616 763
leaf_count=35038 30578 68 63 69 53 277 1251 1050 31616 763
internal_value=-3.68797e-06 2.53063e-05 7.99488e-05 8.4091e-05 -5.47977e-05 -5.77124e-05 -5.12691e-05 -2.4493e-05 -1.52473e-05 -0.000375021
internal_weight=100826 64207 30710 30647 36619 36566 36289 33497 32666 831
internal_count=100826 64207 30710 30647 36619 36566 36289 33497 32666 831
is_linear=0
shrinkage=0.02


Tree=201
num_leaves=10
num_cat=0
split_feature=22 10 34 34 34 34 35 35 35
split_gain=0.538277 0.398652 0.371517 0.332656 0.3276 0.277639 0.224382 0.338438 0.420303
threshold=0.51315789473684215 0.51923076923076927 0.14642857142857144 0.16228070175438594 1.0000000180025095e-35 0.17914438502673799 0.011173533083645401 0.0133780760626398 0.014760348583877951
decision_type=2 2 2 2 2 2 2 2 2
left_child=6 3 -3 4 -2 -5 -1 -8 -9
right_child=1 2 -4 5 -6 -7 7 8 -10
leaf_value=-8.73752379926611e-06 -9.505432360868048e-06 -0.0013395717977746132 0.0003917945335145857 -0.0010369599787671058 7.3859905004422882e-05 -7.0828418531112172e-05 -0.001149565083199534 0.0011400381126441062 -0.00017787593880329091
leaf_weight=4891 37071 161 59 120 37983 11635 143 94 8669
leaf_count=4891 37071 161 59 120 37983 11635 143 94 8669
internal_value=-3.61383e-06 1.46842e-05 -0.000830859 1.69614e-05 3.25513e-05 -8.17164e-05 -0.000119745 -0.00017957 -0.000162341
internal_weight=100826 87029 220 86809 75054 11755 13797 8906 8763
internal_count=100826 87029 220 86809 75054 11755 13797 8906 8763
is_linear=0
shrinkage=0.02


Tree=202
num_leaves=9
num_cat=0
split_feature=23 34 31 3 3 3 31 31
split_gain=0.370163 0.360261 0.276845 0.350065 0.337572 0.261573 0.608949 0.435463
threshold=0.61131095123900892 0.16228070175438594 3.5446791521486651 0.9071796759941092 1.2226219024780178 0.90491259795057277 3.6546108567691307 2.6123724489795923
decision_type=2 2 2 2 2 2 2 2
left_child=-1 5 3 -3 -4 7 -7 -2
right_child=1 2 4 -5 -6 6 -8 -9
leaf_value=-8.0791469444884e-05 -0.00017575376362316788 -0.00012548655267048599 3.2410445272372728e-05 -0.00059720281691577799 -0.00043749582804959909 -0.00015699231464438951 4.3190058202953699e-05 8.4889840930961347e-05
leaf_weight=19946 2733 3323 6286 805 674 8362 22165 36532
leaf_count=19946 2733 3323 6286 805 674 8362 22165 36532
internal_value=-3.54837e-06 1.53786e-05 -9.02737e-05 -0.000220142 -1.17711e-05 3.23092e-05 -1.13233e-05 6.64853e-05
internal_weight=100826 80880 11088 4128 6960 69792 30527 39265
internal_count=100826 80880 11088 4128 6960 69792 30527 39265
is_linear=0
shrinkage=0.02


Tree=203
num_leaves=11
num_cat=0
split_feature=22 6 34 34 31 31 6 35 35 6
split_gain=0.506214 0.398989 0.465616 0.310289 0.306876 0.249709 0.246739 0.491646 0.300639 0.210491
threshold=0.51315789473684215 0.94281045751633996 0.15192307692307691 1.0000000180025095e-35 3.5446791521486651 3.5521610696517416 1.9428104575163403 0.08935830429732862 0.30846092662557173 1.6961538461538463
decision_type=2 2 2 2 2 2 2 2 2 2
left_child=6 4 3 -3 -2 -6 9 -8 -9 -1
right_child=1 2 -4 -5 5 -7 7 8 -10 -11
leaf_value=-0.00011421569210855411 -0.00013021171779206868 7.1296760548491457e-06 -9.0954280779336884e-05 9.5931207619569229e-05 0.0014162580283979575 8.9776149185577251e-05 -9.1790760075225375e-05 -0.00093895691384444338 0.00017133996997139241 0.00012850127083872753
leaf_weight=10145 10964 30975 10459 32555 58 2018 1349 579 99 1625
leaf_count=10145 10964 30975 10459 32555 58 2018 1349 579 99 1625
internal_value=-3.48193e-06 1.42597e-05 3.23366e-05 5.27937e-05 -8.75309e-05 0.000132976 -0.000116104 -0.000321458 -0.000762101 -7.98399e-05
internal_weight=100826 87029 73989 63530 13040 2076 13797 2027 678 11770
internal_count=100826 87029 73989 63530 13040 2076 13797 2027 678 11770
is_linear=0
shrinkage=0.02


Tree=204
num_leaves=7
num_cat=0
split_feature=23 31 35 6 35 31
split_gain=0.345387 0.242123 0.452114 0.321628 0.292642 0.240591
threshold=0.61131095123900892 3.6655913978494628 0.23550420168067229 0.75735294117647067 0.62828947368421062 3.9921567421259847
decision_type=2 2 2 2 2 2
left_child=-1 2 3 -2 5 -3
right_child=1 4 -4 -5 -6 -7
leaf_value=-7.8024317756749377e-05 -0.00014334685391676798 8.0993723748236813e-05 -0.00028495353278636728 2.0083290582609079e-05 0.0014931849364125938 -4.4061962691880339e-05
leaf_weight=19946 5506 26727 2352 38360 55 7880
leaf_count=19946 5506 26727 2352 38360 55 7880
internal_value=-3.40811e-06 1.4871e-05 -1.49264e-05 -2.0788e-07 5.48897e-05 5.22288e-05
internal_weight=100826 80880 46218 43866 34662 34607
internal_count=100826 80880 46218 43866 34662 34607
is_linear=0
shrinkage=0.02


Tree=205
num_leaves=15
num_cat=0
split_feature=19 19 22 22 18 31 31 31 22 31 22 22 31 22
split_gain=0.446325 0.550867 0.636383 0.6143 0.357979 0.507653 0.396219 0.533802 0.339853 0.302077 0.324811 0.273793 0.231368 0.207063
threshold=0.71206060606060617 0.73444413716814172 0.94868421052631591 1.1937500000000003 0.34166666666666673 3.6137147335423205 4.143323996265174 4.2896643783371493 0.47213622291021667 4.0795957361222852 1.1026315789473686 1.841666666666667 3.597268829231917 0.54772727272727284
decision_type=2 2 2 2 2 2 2 2 2 2 2 2 2 2
left_child=4 2 -2 -4 6 12 11 -8 -7 10 -3 -1 -6 -11
right_child=1 9 3 -5 5 8 7 -9 -10 13 -12 -13 -14 -15
leaf_value=3.3718450986691695e-05 7.1921113834917896e-05 -7.5430957890676529e-05 0.0014940025509602261 0.00017437679320573808 -8.6047150523186293e-05 -0.00020718351954659422 0.0021908219535777601 3.7453040254838541e-05 3.0480001683169401e-05 0.0010305308767904837 0.00028434396379672803 0.0010028700606297639 -0.00035875915562376133 0.00023468853080374022
leaf_weight=24141 682 4523 371 258 32722 2599 79 130 31464 166 1287 116 1320 939
leaf_count=24141 682 4523 371 258 32722 2599 79 130 31464 166 1287 116 1320 939
internal_value=-5.99335e-06 0.000135022 0.000511649 0.000970841 -1.86348e-05 -4.22847e-05 4.67878e-05 0.00091185 1.20417e-05 6.2045e-05 2.6143e-06 3.88476e-05 -9.69359e-05 0.000364924
internal_weight=100797 8226 1311 629 92571 68105 24466 209 34063 6915 5810 24257 34042 1105
internal_count=100797 8226 1311 629 92571 68105 24466 209 34063 6915 5810 24257 34042 1105
is_linear=0
shrinkage=0.02


Tree=206
num_leaves=11
num_cat=0
split_feature=18 31 22 18 26 26 17 18 18 18
split_gain=0.429327 0.346729 0.567666 0.411786 0.372422 0.334197 0.29037 0.416469 0.968628 0.263342
threshold=0.89181286549707617 3.6775526526259665 0.45804195804195807 0.34166666666666673 0.89444444444444449 0.15192307692307691 1.2111111111111115 1.1291666666666669 1.0871212121212122 0.97500000000000009
decision_type=2 2 2 2 2 2 2 2 2 2
left_child=1 3 -3 -1 -5 -4 7 8 -2 -8
right_child=6 2 5 4 -6 -7 9 -9 -10 -11
leaf_value=3.0423736800781838e-05 0.00026393272878214865 -0.00023694912150279957 -8.0820888585295217e-05 -8.6212591517298543e-05 0.0004776360258174095 8.672267994805847e-05 -0.0010636452012337172 -0.00068416457362235731 0.0020130410001558416 1.982259127912642e-05
leaf_weight=20343 2523 2814 5676 40252 467 28004 115 155 134 314
leaf_count=20343 2523 2814 5676 40252 467 28004 115 155 134 314
internal_value=-5.85528e-06 -1.34773e-05 3.51437e-05 -4.26998e-05 -7.94772e-05 5.8187e-05 0.000220354 0.000295945 0.000357354 -0.000251004
internal_weight=100797 97556 36494 61062 40719 33680 3241 2812 2657 429
internal_count=100797 97556 36494 61062 40719 33680 3241 2812 2657 429
is_linear=0
shrinkage=0.02


Tree=207
num_leaves=9
num_cat=0
split_feature=18 22 18 18 22 18 26 17
split_gain=0.412348 0.313652 0.279277 0.685018 0.308627 0.267548 0.284604 0.225371
threshold=0.89181286549707617 0.45227272727272733 1.1291666666666669 1.0871212121212122 1.355042016806723 0.34166666666666673 0.87867647058823539 1.3166666666666669
decision_type=2 2 2 2 2 2 2 2
left_child=1 -1 3 4 -2 -3 -7 -4
right_child=2 5 7 -5 -6 6 -8 -9
leaf_value=-0.00012247450873931057 0.00014544775656167845 6.0390614286723833e-05 -0.00071640629922190013 0.0015229910923277631 0.0011029149784522803 -2.5178897320776011e-05 0.00040870731524927055 0.00029265648328272024
leaf_weight=9486 2582 21239 215 168 145 66225 606 131
leaf_count=9486 2582 21239 215 168 145 66225 606 131
internal_value=-5.73391e-06 -1.32056e-05 0.000215953 0.000281972 0.000200794 -1.32019e-06 -2.10828e-05 -0.00030614
internal_weight=100797 97556 3241 2895 2727 88070 66831 346
internal_count=100797 97556 3241 2895 2727 88070 66831 346
is_linear=0
shrinkage=0.02


Tree=208
num_leaves=14
num_cat=0
split_feature=19 19 22 22 23 18 23 23 30 22 22 22 22
split_gain=0.414552 0.533226 0.609022 0.588232 0.449361 0.326124 0.259319 0.815756 0.237933 0.234044 0.29854 0.202726 0.404559
threshold=0.71206060606060617 0.73444413716814172 0.94868421052631591 1.1937500000000003 0.7275604142692752 0.34166666666666673 1.1158657513348589 1.1727833894500563 3.8441295546558711 1.3038461538461541 1.8062500000000001 1.841666666666667 1.6583333333333334
decision_type=2 2 2 2 2 2 2 2 2 2 2 2 2
left_child=5 2 4 -4 -2 11 8 -8 -3 -7 -11 12 -1
right_child=1 6 3 -5 -6 9 7 -9 -10 10 -12 -13 -14
leaf_value=4.6309410513793728e-05 0.00061096085841397208 -0.00013716197221406867 0.0014620716939742701 0.00016973687020631939 -0.00040892932016802375 -4.9957409737657611e-05 0.00097365607651706519 0 0.00013386973536347213 0.00012590083993689513 -0.0013187454457868608 0.00083932075505108801 -0.0010826472204735899
leaf_weight=24214 330 2798 371 258 352 63928 476 1242 2399 4122 55 127 125
leaf_count=24214 330 2798 371 258 352 63928 476 1242 2399 4122 55 127 125
internal_value=-5.61024e-06 0.000130289 0.000500809 0.000950054 7.02895e-05 -1.7797e-05 5.84729e-05 0.000271563 -1.01235e-05 -4.03737e-05 0.000103864 4.46381e-05 4.0012e-05
internal_weight=100797 8226 1311 629 682 92571 6915 1718 5197 68105 4177 24466 24339
internal_count=100797 8226 1311 629 682 92571 6915 1718 5197 68105 4177 24466 24339
is_linear=0
shrinkage=0.02


Tree=209
num_leaves=13
num_cat=0
split_feature=19 19 22 22 23 19 17 22 22 23 23 30
split_gain=0.398497 0.512454 0.585403 0.564128 0.431738 0.306078 0.39932 0.306159 0.266353 0.249115 0.783542 0.228528
threshold=0.71206060606060617 0.73444413716814172 0.94868421052631591 1.1937500000000003 0.7275604142692752 0.50826502732240442 0.35416666666666669 1.2752525252525253 0.97500000000000009 1.1158657513348589 1.1727833894500563 3.8441295546558711
decision_type=2 2 2 2 2 2 2 2 2 2 2 2
left_child=5 2 4 -4 -2 -1 8 -8 -7 11 -11 -3
right_child=1 9 3 -5 -6 6 7 -9 -10 10 -12 -13
leaf_value=7.4595341482853392e-06 0.00059881524710231522 -0.0001344206912709134 0.0014329870396740634 0.00016636823719510665 -0.00040079692789053511 -1.560225333026069e-05 -0.00012129455814837341 0.00010637503736520728 0.00032230529943769127 0.00095426442327609118 0 0.00013119456719379037
leaf_weight=62795 330 2798 371 258 352 2209 23438 2579 1550 476 1242 2399
leaf_count=62795 330 2798 371 258 352 2209 23438 2579 1550 476 1242 2399
internal_value=-5.48922e-06 0.00012775 0.000491001 0.000931474 6.86031e-05 -1.74396e-05 -7.02824e-05 -9.83355e-05 0.00012117 5.73139e-05 0.000266174 -9.88263e-06
internal_weight=100797 8226 1311 629 682 92571 29776 26017 3759 6915 1718 5197
internal_count=100797 8226 1311 629 682 92571 29776 26017 3759 6915 1718 5197
is_linear=0
shrinkage=0.02


Tree=210
num_leaves=5
num_cat=0
split_feature=37 14 32 14
split_gain=0.287902 0.249313 0.291747 0.227449
threshold=156.50000000000003 0.29705882352941176 0.90000000000000013 0.34166666666666673
decision_type=2 2 2 2
left_child=1 -1 3 -3
right_child=-2 2 -4 -5
leaf_value=-5.7444307246938829e-05 -0.00093459837815978314 0.00011499053655008711 -0.00090340466721214514 6.6104554096157167e-06
leaf_weight=23225 130 8766 135 68859
leaf_count=23225 130 8766 135 68859
internal_value=-1.1665e-06 0 1.72279e-05 1.8981e-05
internal_weight=101115 100985 77760 77625
internal_count=101115 100985 77760 77625
is_linear=0
shrinkage=0.02


Tree=211
num_leaves=6
num_cat=0
split_feature=27 10 27 19 14
split_gain=0.71516 0.292489 0.417085 0.26571 0.290397
threshold=0.51171946529939583 0.3550420168067227 0.53873431533006011 0.39688598085544652 0.12132352941176471
decision_type=2 2 2 2 2
left_child=3 -2 -3 4 -1
right_child=1 2 -4 -5 -6
leaf_value=-0.00014382681433514278 0.00016183767102739859 0.00095730844019639369 -0.00041039711002792634 -4.756717685724364e-05 4.6956292322731961e-05
leaf_weight=3586 12215 97 698 56737 27782
leaf_count=3586 12215 97 698 56737 27782
internal_value=-1.14387e-06 0.000137155 -0.000228989 -2.16819e-05 2.48194e-05
internal_weight=101115 13010 795 88105 31368
internal_count=101115 13010 795 88105 31368
is_linear=0
shrinkage=0.02


Tree=212
num_leaves=6
num_cat=0
split_feature=27 10 27 35 37
split_gain=0.686861 0.280644 0.40103 0.223079 0.241683
threshold=0.51171946529939583 0.3550420168067227 0.53873431533006011 0.35111427216690377 1.5000000000000002
decision_type=2 2 2 2 2
left_child=3 -2 -3 4 -1
right_child=1 2 -4 -5 -6
leaf_value=0.00018346030231445069 0.00015860144801183547 0.0009385490583048926 -0.00040221260253872192 -0.00028160128710983171 -2.28685967555929e-05
leaf_weight=2323 12215 97 698 1300 84482
leaf_count=2323 12215 97 698 1300 84482
internal_value=-1.11879e-06 0.000134414 -0.000224131 -2.12484e-05 -1.72277e-05
internal_weight=101115 13010 795 88105 86805
internal_count=101115 13010 795 88105 86805
is_linear=0
shrinkage=0.02


Tree=213
num_leaves=11
num_cat=0
split_feature=27 18 14 14 5 18 18 14 14 5
split_gain=0.659681 0.525181 0.429927 0.345686 0.300782 0.318138 0.341635 0.269926 0.232793 0.222728
threshold=0.51171946529939583 1.1055555555555558 1.1770833333333337 1.341666666666667 3.1214285714285719 1.0250000000000001 0.39444444444444454 0.34166666666666673 0.97500000000000009 3.3166666666666669
decision_type=2 2 2 2 2 2 2 2 2 2
left_child=4 2 7 -4 5 6 -1 -2 -7 -6
right_child=1 -3 3 -5 9 8 -8 -9 -10 -11
leaf_value=2.4611398154514592e-05 0.00030658324036270817 -0.00091040281222221704 0.0020039870722426308 0 0.00069917884442558139 0.0010135677106678485 -5.7379013579566536e-05 8.3098521285411548e-05 -0.00028890265572455626 5.2667090258745982e-05
leaf_weight=32112 2860 186 88 58 392 198 54796 9818 60 547
leaf_count=32112 2860 186 88 58 392 198 54796 9818 60 547
internal_value=-1.09421e-06 0.000131728 0.000147763 0.00122795 -2.08235e-05 -2.47692e-05 -2.69691e-05 0.000134343 0.000672314 0.000334103
internal_weight=101115 13010 12824 146 88105 87166 86908 12678 258 939
internal_count=101115 13010 12824 146 88105 87166 86908 12678 258 939
is_linear=0
shrinkage=0.02


Tree=214
num_leaves=6
num_cat=0
split_feature=27 10 27 35 37
split_gain=0.633682 0.268703 0.384725 0.214231 0.231262
threshold=0.51171946529939583 0.3550420168067227 0.53873431533006011 0.35111427216690377 1.5000000000000002
decision_type=2 2 2 2 2
left_child=3 -2 -3 4 -1
right_child=1 2 -4 -5 -6
leaf_value=0.00017985446895322493 0.0001527984353270099 0.00091633793982592502 -0.00039628692290612634 -0.00027553404044766217 -2.1977619504832358e-05
leaf_weight=2323 12215 97 698 1300 84482
leaf_count=2323 12215 97 698 1300 84482
internal_value=-1.06101e-06 0.000129116 -0.000221686 -2.03995e-05 -1.64571e-05
internal_weight=101115 13010 795 88105 86805
internal_count=101115 13010 795 88105 86805
is_linear=0
shrinkage=0.02


Tree=215
num_leaves=12
num_cat=0
split_feature=16 26 37 2 26 26 17 2 2 37 2
split_gain=0.393365 0.380434 0.379034 0.352985 0.338719 0.360637 0.336773 0.332244 0.352235 0.283116 0.273423
threshold=1.2916666666666667 0.31414473684210531 129.50000000000003 1.4852941176470591 0.34166666666666673 0.24264705882352941 1.1833333333333336 1.2426470588235297 0.97500000000000009 132.50000000000003 0.84807692307692317
decision_type=2 2 2 2 2 2 2 2 2 2 2
left_child=1 6 3 -3 5 -2 10 8 -6 -4 -1
right_child=4 2 9 -5 7 -7 -8 -9 -10 -11 -12
leaf_value=6.4029386593534777e-06 0.00013662768593221381 4.6846681747292549e-05 -0.0006027231530853648 0.00059677996915303362 0.00039091147482395172 0.0013010917379846418 -0.0011306913971508804 0.00059549347791228331 -0.00051547155901789674 -8.4345440948958953e-05 -8.2196995686026518e-05
leaf_weight=26785 226 40139 525 474 278 244 112 369 418 2484 28602
leaf_count=26785 226 40139 525 474 278 244 112 369 418 2484 28602
internal_value=-1.75067e-06 -6.77264e-06 3.73011e-05 5.35403e-05 0.000315618 0.000765296 -4.15947e-05 0.000106734 -0.00013903 -0.000178452 -3.91711e-05
internal_weight=100656 99121 43622 40613 1535 470 55499 1065 696 3009 55387
internal_count=100656 99121 43622 40613 1535 470 55499 1065 696 3009 55387
is_linear=0
shrinkage=0.02


Tree=216
num_leaves=13
num_cat=0
split_feature=35 3 18 13 26 18 26 3 18 26 18 3
split_gain=0.360591 0.438203 0.422666 0.507191 0.421173 0.406261 0.390725 0.370408 0.316987 0.303928 0.252259 0.216402
threshold=0.010050505050505051 1.05280585569885 0.8973684210526317 1.1339285714285716 0.89444444444444449 0.94281045751633996 0.85357142857142865 1.2730303030303032 0.63961038961038974 0.2264957264957265 0.59411764705882364 1.2862679955703216
decision_type=2 2 2 2 2 2 2 2 2 2 2 2
left_child=1 9 4 6 8 -5 -4 -3 -2 -1 -6 -9
right_child=2 7 3 5 10 -7 -8 11 -10 -11 -12 -13
leaf_value=0 -1.9764076114780283e-05 -0.00025413115536781925 0.0001957498251171837 0.0020793998831262193 0.0012187173810734111 0.00045650481283664705 -0.00070175379514694216 0.0010788475672403972 -0.00012958782784858733 0.00013691528137700854 0.00019714829807772357 5.5152841439150801e-05
leaf_weight=10447 52346 3066 2050 94 155 248 209 88 13262 16870 338 1483
leaf_count=10447 52346 3066 2050 94 155 248 209 88 13262 16870 338 1483
internal_value=-1.70944e-06 5.36884e-05 -2.76219e-05 0.000221805 -3.75943e-05 0.00094113 0.000107744 -0.000125173 -4.21195e-05 8.44227e-05 0.00054216 0.000120151
internal_weight=100656 31954 68702 2601 66101 342 2259 4637 65608 27317 493 1571
internal_count=100656 31954 68702 2601 66101 342 2259 4637 65608 27317 493 1571
is_linear=0
shrinkage=0.02


Tree=217
num_leaves=14
num_cat=0
split_feature=16 35 3 37 37 18 18 26 26 3 3 26 26
split_gain=0.377376 0.364091 0.484353 0.575379 0.397651 0.332591 0.360773 0.326104 0.344601 0.326996 0.428209 0.421709 0.28302
threshold=1.2916666666666667 0.010050505050505051 1.05280585569885 18.500000000000004 124.50000000000001 0.8973684210526317 0.63961038961038974 0.34166666666666673 0.24264705882352941 1.0946657183499291 1.1601282051282054 0.44722222222222224 0.86607142857142871
decision_type=2 2 2 2 2 2 2 2 2 2 2 2 2
left_child=1 2 3 -1 -4 6 -3 8 -2 11 -11 -9 -7
right_child=7 5 4 -5 -6 12 -8 9 -10 10 -12 -13 -14
leaf_value=-1.5734910015839839e-05 0.00013470968950474472 -1.750100480456743e-05 -0.00010588771060835277 0.00016804514451262853 -0.0012022036796422314 0.00028484985709220889 -0.00013576612813064696 -0.0010071137223371677 0.001274400055711347 0.0013842037828131156 2.414119559047866e-05 0.00012709179845375891 -0.00053683811079033392
leaf_weight=12762 226 52393 4369 14398 137 1951 12937 175 244 152 272 466 174
leaf_count=12762 226 52393 4369 14398 137 1951 12937 175 244 152 272 466 174
internal_value=-1.66433e-06 -6.58522e-06 4.92317e-05 8.13272e-05 -0.000141957 -3.29368e-05 -4.1077e-05 0.000309186 0.000750458 0.000104032 0.000539395 -0.000169176 0.000212425
internal_weight=100656 99121 31666 27160 4506 67455 65330 1535 470 1065 424 641 2125
internal_count=100656 99121 31666 27160 4506 67455 65330 1535 470 1065 424 641 2125
is_linear=0
shrinkage=0.02


Tree=218
num_leaves=12
num_cat=0
split_feature=16 26 37 35 2 26 26 37 37 37 26
split_gain=0.363482 0.363486 0.359781 0.35237 0.336931 0.313219 0.330334 0.271667 0.258803 0.245635 0.231659
threshold=1.2916666666666667 0.31414473684210531 129.50000000000003 0.043636940653760704 1.4852941176470591 0.34166666666666673 0.24264705882352941 132.50000000000003 64.500000000000014 114.50000000000001 0.44722222222222224
decision_type=2 2 2 2 2 2 2 2 2 2 2
left_child=1 3 4 9 -3 6 -2 -4 -5 -1 -7
right_child=5 2 7 8 -6 10 -8 -9 -10 -11 -12
leaf_value=2.3764321260836037e-05 0.00013203913672712813 4.5898366530254688e-05 -0.00058917925921065533 -0.00014903705426042726 0.00058323293345189894 -0.00036344224178831876 0.0012491192662618994 -8.129126472475063e-05 -2.3628080932239885e-05 -0.00021842011555427927 0.00028974020400562801
leaf_weight=26706 226 40139 525 14706 474 290 244 2484 12305 1782 775
leaf_count=26706 226 40139 525 14706 474 290 244 2484 12305 1782 775
internal_value=-1.62891e-06 -6.4602e-06 3.66183e-05 -4.05e-05 5.24443e-05 0.000303443 0.000735992 -0.000173559 -9.22825e-05 8.24977e-06 0.000102158
internal_weight=100656 99121 43622 55499 40613 1535 470 3009 27011 28488 1065
internal_count=100656 99121 43622 55499 40613 1535 470 3009 27011 28488 1065
is_linear=0
shrinkage=0.02


Tree=219
num_leaves=12
num_cat=0
split_feature=26 3 14 3 14 14 3 2 14 17 3
split_gain=0.321526 0.465021 0.442662 0.448392 0.586019 0.491615 0.35165 0.291622 0.900066 0.307137 0.248398
threshold=0.31414473684210531 1.0836021505376345 1.1770833333333337 1.1155154369440086 1.341666666666667 1.2287581699346408 1.0463269560951682 0.86190476190476206 0.81534090909090928 0.95000000000000007 0.7886751402725295
decision_type=2 2 2 2 2 2 2 2 2 2 2
left_child=1 6 7 5 -5 -4 10 8 -2 -9 -1
right_child=2 -3 3 4 -6 -7 -8 9 -10 -11 -12
leaf_value=2.4960159565638807e-05 0.00010380656278479084 -0.00017928408429863173 0.0016462908556749082 0.0025041356214235738 0.00016447164195100059 -0.0004927220387509995 0.00022275033357014199 -4.2049185693287044e-05 -0.0008735617016154435 0.00019587387745050936 -6.7919037652483858e-05
leaf_weight=22000 20792 7586 56 95 95 161 2443 20700 380 2415 23933
leaf_count=22000 20792 7586 56 95 95 161 2443 20700 380 2415 23933
internal_value=-1.59399e-06 -3.36333e-05 3.82988e-05 0.00069444 0.00140029 2.36127e-05 -1.05801e-05 3.2012e-05 8.57114e-05 -1.67442e-05 -2.32169e-05
internal_weight=100656 55962 44694 407 190 217 48376 44287 21172 23115 45933
internal_count=100656 55962 44694 407 190 217 48376 44287 21172 23115 45933
is_linear=0
shrinkage=0.02


Tree=220
num_leaves=11
num_cat=0
split_feature=20 1 35 15 35 18 21 1 15 21
split_gain=0.3502 0.345957 0.477908 0.452219 0.4319 0.530463 0.35311 0.295317 0.341563 0.323136
threshold=1.9000000000000001 1.4722222222222225 0.042644117112202208 0.60883500557413617 0.060708435708435711 0.65833333333333344 0.78888888888888908 1.2928571428571431 0.82875939849624081 1.7321428571428574
decision_type=2 2 2 2 2 2 2 2 2 2
left_child=1 4 -3 -4 5 -1 -6 8 9 -2
right_child=7 2 3 -5 6 -7 -8 -9 -10 -11
leaf_value=4.5448510283466628e-05 0.00053832126566753953 -8.1919532218784031e-05 0.00013856013553908408 0.00068811070278643573 1.1554028506773388e-05 -0.00015896397147012586 -0.00011123068305410453 0.001591189293794229 -0.0012629259085016591 -8.4328364833180169e-05
leaf_weight=50748 866 1770 1760 959 15478 5626 23212 69 54 500
leaf_count=50748 866 1770 1760 959 15478 5626 23212 69 54 500
internal_value=2.33608e-06 -2.12078e-06 0.000169284 0.000336427 -1.03232e-05 2.48663e-05 -6.18539e-05 0.000306627 0.000235025 0.000303311
internal_weight=101042 99553 4489 2719 95064 56374 38690 1489 1420 1366
internal_count=101042 99553 4489 2719 95064 56374 38690 1489 1420 1366
is_linear=0
shrinkage=0.02


Tree=221
num_leaves=9
num_cat=0
split_feature=1 29 35 35 26 26 26 35
split_gain=0.311924 0.495566 0.566205 0.381143 0.316011 0.237701 0.503582 0.213416
threshold=1.4722222222222225 3.7071428571428573 0.021818470326880352 0.060708435708435711 0.18465909090909091 0.34166666666666673 0.54772727272727284 0.17253783180352272
decision_type=2 2 2 2 2 2 2 2
left_child=3 5 -3 4 -1 -2 -7 -4
right_child=1 2 7 -5 -6 6 -8 -9
leaf_value=-5.7184076280215692e-05 0.00013735559480708271 -0.00034496493953328078 9.0051323207424199e-05 -5.3262347690411231e-05 5.3651686002659346e-05 0.0014250933595818199 0.00014619652047214739 0.00049178970516706359
leaf_weight=13363 334 989 1861 39289 43879 290 247 790
leaf_count=13363 334 989 1861 39289 43879 290 247 790
internal_value=2.28987e-06 0.000164876 5.91441e-05 -5.20761e-06 2.76016e-05 0.000594137 0.000858127 0.000213819
internal_weight=101042 4511 3640 96531 57242 871 537 2651
internal_count=101042 4511 3640 96531 57242 871 537 2651
is_linear=0
shrinkage=0.02


Tree=222
num_leaves=8
num_cat=0
split_feature=22 6 27 18 2 2 18
split_gain=0.377178 0.277175 0.744671 0.57099 0.286254 0.433665 0.272033
threshold=2.183333333333334 1.5131578947368423 0.71490147783251246 0.26969696969696971 0.84807692307692317 0.74342105263157909 0.21825396825396823
decision_type=2 2 2 2 2 2 2
left_child=1 2 3 -1 5 -3 -4
right_child=-2 4 6 -5 -6 -7 -8
leaf_value=6.570100426303395e-05 0.001689148115099601 -0.00016165872837634797 -0.00030368142834540166 -7.7204087552271695e-05 2.3568862881739716e-05 0.00032658559220984286 0.00049609909838895547
leaf_weight=15201 51 938 176 41764 38595 2912 1405
leaf_count=15201 51 938 176 41764 38595 2912 1405
internal_value=2.24878e-06 1.26446e-06 -2.68446e-05 -3.88936e-05 4.02714e-05 0.000205013 0.000400478
internal_weight=101042 100991 58546 56965 42445 3850 1581
internal_count=101042 100991 58546 56965 42445 3850 1581
is_linear=0
shrinkage=0.02


Tree=223
num_leaves=8
num_cat=0
split_feature=22 1 26 18 27 18 15
split_gain=0.362798 0.304545 0.293254 0.233769 0.500598 0.259201 0.220916
threshold=2.183333333333334 1.4722222222222225 0.78759398496240618 0.68990384615384626 0.55592347314201629 0.87867647058823539 0.60617990932951582
decision_type=2 2 2 2 2 2 2
left_child=1 3 6 4 -1 -5 -3
right_child=-2 2 -4 5 -6 -7 -8
leaf_value=-8.2049708887401921e-06 0.0016566400005007689 1.2461319046226304e-05 0.0010976238162221767 -0.00013366129049973834 0.00017604017130029594 9.3494746373847895e-05 0.00030725259816198679
leaf_weight=77754 51 2651 131 9883 6377 2467 1728
leaf_count=77754 51 2651 131 9883 6377 2467 1728
internal_value=2.2066e-06 1.23931e-06 0.000161922 -6.17133e-06 5.64552e-06 -8.74679e-05 0.000131159
internal_weight=101042 100991 4510 96481 84131 12350 4379
internal_count=101042 100991 4510 96481 84131 12350 4379
is_linear=0
shrinkage=0.02


Tree=224
num_leaves=8
num_cat=0
split_feature=22 1 29 35 35 15 27
split_gain=0.348964 0.292838 0.472987 0.540794 0.360923 0.240882 0.235214
threshold=2.183333333333334 1.4722222222222225 3.7071428571428573 0.021818470326880352 0.060708435708435711 0.58633653098262906 0.26689497716894978
decision_type=2 2 2 2 2 2 2
left_child=1 4 5 -4 6 -3 -1
right_child=-2 2 3 -5 -6 -7 -8
leaf_value=-2.1807399457554741e-05 0.0016247574731988726 0.00025548415572116149 -0.00033973904473311975 0.00020658832557339334 -5.2807428606767364e-05 0.00096530063750700182 6.0232967921269849e-05
leaf_weight=23821 51 491 988 2651 39281 380 33379
leaf_count=23821 51 491 988 2651 39281 380 33379
internal_value=2.16968e-06 1.2191e-06 0.000158785 5.54071e-05 -6.04578e-06 0.00057812 2.58928e-05
internal_weight=101042 100991 4510 3639 96481 871 57200
internal_count=101042 100991 4510 3639 96481 871 57200
is_linear=0
shrinkage=0.02


Tree=225
num_leaves=12
num_cat=0
split_feature=19 19 37 37 37 37 37 19 19 19 37
split_gain=0.381151 0.531205 0.303902 0.345492 0.263051 0.260219 0.24706 0.241542 0.304963 0.301091 0.235261
threshold=0.64014388489208651 0.39688598085544652 88.500000000000014 102.50000000000001 134.50000000000003 18.500000000000004 142.50000000000003 0.85767590618336897 1.2071428571428573 0.83388520971302438 146.50000000000003
decision_type=2 2 2 2 2 2 2 2 2 2 2
left_child=1 5 7 -4 -3 -1 -7 9 -9 -2 -6
right_child=2 4 3 -5 10 6 -8 8 -10 -11 -12
leaf_value=-3.437293115696073e-05 6.4370438662478908e-05 -5.0834711698250058e-05 0.00059612117732787343 0.00012781164034896968 -0.00036697028813403962 8.65868016318711e-05 -0.0010317350236269144 -0.00022187626553528528 0.00038171927755077683 0.00069538120612455386 1.1420292690909001e-05
leaf_weight=11882 8138 50818 890 2448 2021 21189 76 2233 382 317 899
leaf_count=11882 8138 50818 890 2448 2021 21189 76 2233 382 317 899
internal_value=-6.8932e-06 -2.27838e-05 8.82281e-05 0.000255952 -6.16954e-05 3.99981e-05 8.20231e-05 3.67132e-05 -0.000129657 8.937e-05 -0.000247122
internal_weight=101293 86885 14408 3338 53738 33147 21265 11070 2615 8455 2920
internal_count=101293 86885 14408 3338 53738 33147 21265 11070 2615 8455 2920
is_linear=0
shrinkage=0.02


Tree=226
num_leaves=6
num_cat=0
split_feature=19 19 22 19 19
split_gain=0.366394 0.51006 0.333091 0.438927 0.541687
threshold=0.64014388489208651 0.39688598085544652 1.0954545454545457 0.85767590618336897 0.83388520971302438
decision_type=2 2 2 2 2
left_child=1 -1 -2 4 -4
right_child=2 -3 3 -5 -6
leaf_value=3.9184909404832725e-05 2.6339799919899372e-05 -6.0461802620913487e-05 0.00029041538948386446 -0.00020991136805426533 0.0017949135674565448
leaf_weight=33147 10460 53738 3169 679 100
leaf_count=33147 10460 53738 3169 679 100
internal_value=-6.74931e-06 -2.2331e-05 8.65098e-05 0.000243301 0.000340565
internal_weight=101293 86885 14408 3948 3269
internal_count=101293 86885 14408 3948 3269
is_linear=0
shrinkage=0.02


Tree=227
num_leaves=10
num_cat=0
split_feature=19 19 22 19 19 37 37 37 37
split_gain=0.352003 0.489884 0.319873 0.421937 0.520412 0.252468 0.249866 0.237535 0.226137
threshold=0.64014388489208651 0.39688598085544652 1.0954545454545457 0.85767590618336897 0.83388520971302438 134.50000000000003 18.500000000000004 142.50000000000003 146.50000000000003
decision_type=2 2 2 2 2 2 2 2 2
left_child=1 6 -2 4 -4 -3 -1 -8 -7
right_child=2 5 3 -5 -6 8 7 -9 -10
leaf_value=-3.4469156047985716e-05 2.581310555512626e-05 -4.8608868647863762e-05 0.00028461074026008389 -0.00020572546951571225 0.0017597191503234938 -0.00035843009688052224 8.4071605791133025e-05 -0.0010123930365229265 1.2398942908092292e-05
leaf_weight=11882 10460 50818 3169 679 100 2021 21189 76 899
leaf_count=11882 10460 50818 3169 679 100 2021 21189 76 899
internal_value=-6.60765e-06 -2.18821e-05 8.47987e-05 0.000238454 0.00033384 -5.92526e-05 3.84013e-05 7.95878e-05 -0.000240908
internal_weight=101293 86885 14408 3948 3269 53738 33147 21265 2920
internal_count=101293 86885 14408 3948 3269 53738 33147 21265 2920
is_linear=0
shrinkage=0.02


Tree=228
num_leaves=7
num_cat=0
split_feature=37 23 22 37 37 37
split_gain=0.254272 0.35942 0.244583 0.231816 0.263129 0.213049
threshold=134.50000000000003 1.073606811145511 2.183333333333334 143.50000000000003 137.50000000000003 60.500000000000007
decision_type=2 2 2 2 2 2
left_child=2 -2 5 4 -3 -1
right_child=1 3 -4 -5 -6 -7
leaf_value=-2.5280202627289488e-05 -0.00026876925389512148 0.00051396467031971098 0.0013580739498138428 0.0005411829475395803 -0.00050709416175680406 3.5036057983166826e-05
leaf_weight=58229 3014 153 51 405 269 39172
leaf_count=58229 3014 153 51 405 269 39172
internal_value=-6.47333e-06 -0.000166043 -7.80986e-08 0.000196023 -0.000112637 -9.19776e-07
internal_weight=101293 3841 97452 827 422 97401
internal_count=101293 3841 97452 827 422 97401
is_linear=0
shrinkage=0.02


Tree=229
num_leaves=11
num_cat=0
split_feature=19 19 23 37 22 19 19 37 23 37
split_gain=0.338847 0.471862 0.30721 0.533766 0.30597 0.405446 0.500292 0.233148 0.238254 0.22911
threshold=0.64014388489208651 0.39688598085544652 0.58361297539149903 47.500000000000007 1.0954545454545457 0.85767590618336897 0.83388520971302438 134.50000000000003 1.1821040594625505 49.500000000000007
decision_type=2 2 2 2 2 2 2 2 2 2
left_child=1 2 9 -4 -2 6 -6 -3 -9 -1
right_child=4 7 3 -5 5 -7 -8 8 -10 -11
leaf_value=-1.7395331509714964e-06 2.5626115356359219e-05 -4.7766557683899199e-05 2.869361717198799e-06 0.00019739316704040893 0.00027881744465441479 -0.00020160450776505575 0.0017255599636073207 -0.00028820079988735867 0.00035722664011178642 -0.00023884339788231491
leaf_weight=6378 10460 50818 15609 8931 3169 679 100 2685 235 2229
leaf_count=6378 10460 50818 15609 8931 3169 679 100 2685 235 2229
internal_value=-6.33926e-06 -2.13275e-05 3.78337e-05 7.40814e-05 8.33411e-05 0.000233632 0.000327159 -5.80058e-05 -0.000232626 -6.43464e-05
internal_weight=101293 86885 33147 24540 14408 3948 3269 53738 2920 8607
internal_count=101293 86885 33147 24540 14408 3948 3269 53738 2920 8607
is_linear=0
shrinkage=0.02


Tree=230
num_leaves=8
num_cat=0
split_feature=37 7 19 16 19 19 16
split_gain=0.380525 0.339305 0.380076 0.306101 0.304662 0.249129 0.20661
threshold=1.0000000180025095e-35 0.74878640776699046 0.39145636971723935 0.55000000000000016 0.71206060606060617 0.16794871794871793 0.77500000000000013
decision_type=2 2 2 2 2 2 2
left_child=3 -2 5 -1 -4 -3 -5
right_child=1 2 4 6 -6 -7 -8
leaf_value=0.00017425229537299907 -0.00013031933977368192 -0.00012557275613667954 -2.1232770922575681e-05 0.0013799496503234599 0.00010918951103887754 0.00010469324552528155 0.00020669893977733761
leaf_weight=1081 6537 2008 60228 171 8121 22822 128
leaf_count=1081 6537 2008 60228 171 8121 22822 128
internal_value=1.34263e-05 8.75525e-06 1.8622e-05 0.000343211 -5.58739e-06 8.56603e-05 0.000915622
internal_weight=101096 99716 93179 1380 68349 24830 299
internal_count=101096 99716 93179 1380 68349 24830 299
is_linear=0
shrinkage=0.02


Tree=231
num_leaves=6
num_cat=0
split_feature=35 7 10 7 21
split_gain=0.304859 0.386588 0.438843 0.222061 0.211496
threshold=0.10480030721966201 4.041666666666667 0.51923076923076927 0.96684981684981708 0.78888888888888908
decision_type=2 2 2 2 2
left_child=1 2 3 -1 -2
right_child=4 -3 -4 -5 -6
leaf_value=-4.3868385796983323e-05 2.3193917151329807e-05 0.0011345342488493771 -0.0010650269851602357 4.9637437369004768e-05 -9.0880459117978198e-05
leaf_weight=12034 10765 126 143 62051 15977
leaf_count=12034 10765 126 143 62051 15977
internal_value=1.31604e-05 3.40651e-05 3.20318e-05 3.43131e-05 -4.45876e-05
internal_weight=101096 74354 74228 74085 26742
internal_count=101096 74354 74228 74085 26742
is_linear=0
shrinkage=0.02


Tree=232
num_leaves=9
num_cat=0
split_feature=31 31 35 34 31 34 16 16
split_gain=0.368819 0.347679 0.4079 0.331065 0.310739 0.299195 0.349749 0.278076
threshold=1.0000000180025095e-35 2.8238526179702657 0.10480030721966201 0.14642857142857144 4.2508503401360551 0.17914438502673799 0.55000000000000016 0.77500000000000013
decision_type=2 2 2 2 2 2 2 2
left_child=5 -2 3 -3 -4 6 -1 -8
right_child=1 2 4 -5 -6 -7 7 -9
leaf_value=0.00025600903703507159 -0.00011007746129791088 3.564933489441962e-05 -5.7460790024304936e-05 0.00023585227857406366 0.00048965000096255101 -0.00055114040733315048 0.0016736657028396927 0.00017520024192215194
leaf_weight=1007 9001 61975 24809 3514 417 126 148 99
leaf_count=1007 9001 61975 24809 3514 417 126 148 99
internal_value=1.28952e-05 8.29511e-06 2.01528e-05 4.65514e-05 -4.79823e-05 0.000337563 0.000435556 0.00111946
internal_weight=101096 99716 90715 65489 25226 1380 1254 247
internal_count=101096 99716 90715 65489 25226 1380 1254 247
is_linear=0
shrinkage=0.02


Tree=233
num_leaves=8
num_cat=0
split_feature=31 31 21 31 19 7 7
split_gain=0.354617 0.336947 0.322811 0.359584 0.262361 0.205622 0.342896
threshold=1.0000000180025095e-35 2.6123724489795923 0.81666666666666676 3.9429732868757266 0.39352982211370774 1.1853345280764638 0.96684981684981708
decision_type=2 2 2 2 2 2 2
left_child=-1 5 4 -4 -3 6 -2
right_child=1 2 3 -5 -6 -7 -8
leaf_value=0.00033100154967884252 -0.00018631674794557793 0.00012325407980038784 -4.2288957036470085e-05 0.00012098974759159889 2.1584666507809642e-05 -0.00048262859274428793 0.00023799455708871457
leaf_weight=1380 3671 14901 40451 6203 32894 654 942
leaf_count=1380 3671 14901 40451 6203 32894 654 942
internal_value=1.26422e-05 8.12945e-06 1.69075e-05 -2.03612e-05 5.34951e-05 -0.000147329 -9.74376e-05
internal_weight=101096 99716 94449 46654 47795 5267 4613
internal_count=101096 99716 94449 46654 47795 5267 4613
is_linear=0
shrinkage=0.02


Tree=234
num_leaves=7
num_cat=0
split_feature=31 31 35 34 31 34
split_gain=0.340583 0.325477 0.391656 0.317814 0.297057 0.287646
threshold=1.0000000180025095e-35 2.8238526179702657 0.10480030721966201 0.14642857142857144 4.2508503401360551 0.17914438502673799
decision_type=2 2 2 2 2 2
left_child=5 -2 3 -3 -4 -1
right_child=1 2 4 -5 -6 -7
leaf_value=0.0004206208035848133 -0.00010655891804427395 3.4627159421637091e-05 -5.6594505299211999e-05 0.00023079185905538932 0.00047827043777291702 -0.00054680640285369013
leaf_weight=1254 9001 61975 24809 3514 417 126
leaf_count=1254 9001 61975 24809 3514 417 126
internal_value=1.23913e-05 7.96677e-06 1.94427e-05 4.53124e-05 -4.73193e-05 0.000324391
internal_weight=101096 99716 90715 65489 25226 1380
internal_count=101096 99716 90715 65489 25226 1380
is_linear=0
shrinkage=0.02


Tree=235
num_leaves=8
num_cat=0
split_feature=14 34 26 26 21 26 21
split_gain=0.323855 0.256263 0.281421 1.05695 0.240304 0.219686 0.268334
threshold=0.19375000000000003 0.61250000000000016 1.0250000000000001 1.0583333333333338 0.81666666666666676 0.37980769230769235 1.788888888888889
decision_type=2 2 2 2 2 2 2
left_child=5 2 4 -4 -2 6 -1
right_child=1 -3 3 -5 -6 -7 -8
leaf_value=-0.00017957045422298563 4.0333120921103962e-05 -0.00095505527406930925 0.0025753050759623327 -0.00034291836020887873 -2.4656081802087991e-05 6.7197836657404192e-05 0.00080483761607506952
leaf_weight=7401 46211 108 77 120 44686 2034 107
leaf_count=7401 46211 108 77 120 44686 2034 107
internal_value=-2.74132e-06 8.75664e-06 1.003e-05 0.000761875 8.27384e-06 -0.000113665 -0.000163999
internal_weight=100744 91202 91094 197 90897 9542 7508
internal_count=100744 91202 91094 197 90897 9542 7508
is_linear=0
shrinkage=0.02


Tree=236
num_leaves=11
num_cat=0
split_feature=14 3 37 27 21 31 31 3 37 34
split_gain=0.310781 0.287347 0.379585 0.589092 0.469623 0.25083 0.287695 0.231548 0.392087 0.236264
threshold=0.19375000000000003 1.1306020066889635 7.5000000000000009 0.73097601323407779 1.4722222222222225 3.501633986928105 3.5690356041491458 1.2730303030303032 86.500000000000014 0.44722222222222224
decision_type=2 2 2 2 2 2 2 2 2 2
left_child=5 2 4 -4 -2 -1 -7 9 -9 -3
right_child=1 7 3 -5 -6 6 -8 8 -10 -11
leaf_value=-0.00016636029384249848 -0.00017996083228409259 -0.00017815513506373436 2.600292375355569e-05 0.00043717722531996274 0.00046619961003379864 0.0006959499407446745 -4.9827850520062201e-06 -3.1903380262327515e-05 0.00064701602473933866 0.00066510728126718799
leaf_weight=7435 5737 6588 73220 1423 479 262 1845 3250 376 129
leaf_count=7435 5737 6588 73220 1423 479 262 1845 3250 376 129
internal_value=-2.68372e-06 8.57769e-06 2.13751e-05 3.39871e-05 -0.000128426 -0.000111347 7.80121e-05 -9.04873e-05 3.60591e-05 -0.000160279
internal_weight=100744 91202 80859 74643 6216 9542 2107 10343 3626 6717
internal_count=100744 91202 80859 74643 6216 9542 2107 10343 3626 6717
is_linear=0
shrinkage=0.02


Tree=237
num_leaves=9
num_cat=0
split_feature=27 37 28 34 34 21 2 21
split_gain=0.294103 0.439682 0.280498 0.383825 0.328758 0.278719 0.319182 0.284333
threshold=0.34384952229299365 6.5000000000000009 4.366666666666668 0.51666666666666672 0.38675213675213677 1.6833333333333336 1.8875000000000002 0.95000000000000007
decision_type=2 2 2 2 2 2 2 2
left_child=5 -2 3 -3 -4 6 7 -1
right_child=1 2 4 -5 -6 -7 -8 -9
leaf_value=-7.6174295279121014e-06 -0.00020571519803486949 7.3382524114503421e-05 -0.00018128318761493218 -0.00092268492010506712 0.00098547284168248287 0.00032144782921770864 0.0011488336134288046 -0.00010245456013955406
leaf_weight=37920 2770 36964 2714 152 96 871 88 19169
leaf_count=37920 2770 36964 2714 152 96 871 88 19169
internal_value=-2.62514e-06 3.71103e-05 5.4217e-05 6.89845e-05 -0.000137194 -3.20242e-05 -3.75947e-05 -3.96389e-05
internal_weight=100744 42696 39926 37116 2810 58048 57177 57089
internal_count=100744 42696 39926 37116 2810 58048 57177 57089
is_linear=0
shrinkage=0.02


Tree=238
num_leaves=7
num_cat=0
split_feature=14 34 26 26 31 31
split_gain=0.297508 0.243826 0.266726 1.01515 0.239876 0.276285
threshold=0.19375000000000003 0.61250000000000016 1.0250000000000001 1.0583333333333338 3.501633986928105 3.5690356041491458
decision_type=2 2 2 2 2 2
left_child=4 2 -2 -4 -1 -6
right_child=1 -3 3 -5 5 -7
leaf_value=-0.00016269993233844222 7.9760985876263061e-06 -0.000931673639877276 0.0025193896795375438 -0.00033970064132428563 0.00068179352124306291 -5.0112972984974878e-06
leaf_weight=7435 90897 108 77 120 262 1845
leaf_count=7435 90897 108 77 120 262 1845
internal_value=-2.57219e-06 8.44397e-06 9.68876e-06 0.00074165 -0.000108892 7.62151e-05
internal_weight=100744 91202 91094 197 9542 2107
internal_count=100744 91202 91094 197 9542 2107
is_linear=0
shrinkage=0.02


Tree=239
num_leaves=10
num_cat=0
split_feature=14 2 37 26 37 26 34 26 23
split_gain=0.285711 0.353307 0.465102 0.428854 0.392768 0.328603 0.325637 0.208488 0.201671
threshold=0.19375000000000003 0.8377192982456142 60.500000000000007 1.0250000000000001 7.5000000000000009 0.17156862745098037 1.0000000180025095e-35 0.37980769230769235 1.0876552695607635
decision_type=2 2 2 2 2 2 2 2 2
left_child=7 3 5 4 -2 -3 -4 8 -1
right_child=1 2 6 -5 -6 -7 -8 -9 -10
leaf_value=-0.00019625004180436468 -0.0001302966412518976 -0.00022019088764581359 -5.5037493266885801e-05 0.0018429417135538879 7.6850202911288491e-05 -4.6636337417523513e-05 8.825392242634254e-05 6.9475884445026258e-05 0.00010654979044333898
leaf_weight=6538 4092 5530 10028 52 32540 21949 17011 2034 970
leaf_count=6538 4092 5530 10028 52 32540 21949 17011 2034 970
internal_value=-2.52005e-06 8.27345e-06 -2.3888e-05 5.63415e-05 5.34319e-05 -8.19406e-05 3.47412e-05 -0.000106712 -0.00015578
internal_weight=100744 91202 54518 36684 36632 27479 27039 9542 7508
internal_count=100744 91202 54518 36684 36632 27479 27039 9542 7508
is_linear=0
shrinkage=0.02


Tree=240
num_leaves=10
num_cat=0
split_feature=3 37 18 18 21 31 21 21 21
split_gain=0.354699 0.451474 0.6683 0.498566 0.490209 0.44759 0.411419 0.236211 0.221607
threshold=0.77288845905867187 63.500000000000007 0.84807692307692317 1.1464285714285716 1.0500000000000003 3.5849698369914011 2.0500000000000003 1.2111111111111115 1.0500000000000003
decision_type=2 2 2 2 2 2 2 2 2
left_child=6 4 5 -4 -2 -3 7 8 -1
right_child=1 2 3 -5 -6 -7 -8 -9 -10
leaf_value=4.5503116819185559e-05 -3.903614473163117e-05 -0.00012612994875362473 0.00041756142072452054 -0.00069608459304906659 -0.00020776569082021939 4.0814652634365949e-05 0.0016155111711861484 0.00018047957450186138 -0.00010849330959648923
leaf_weight=23043 25759 9029 2260 165 9511 22187 65 4293 4435
leaf_count=23043 25759 9029 2260 165 9511 22187 65 4293 4435
internal_value=-9.19728e-06 -3.47866e-05 1.73835e-05 0.000337156 -8.48289e-05 -7.15751e-06 4.58771e-05 4.22495e-05 2.02778e-05
internal_weight=100747 68911 33641 2425 35270 31216 31836 31771 27478
internal_count=100747 68911 33641 2425 35270 31216 31836 31771 27478
is_linear=0
shrinkage=0.02


Tree=241
num_leaves=12
num_cat=0
split_feature=2 22 21 19 19 18 18 31 2 19 26
split_gain=0.383438 0.443884 0.414041 0.407792 0.327187 0.313246 0.615988 0.432279 0.311891 0.311579 0.38498
threshold=0.84807692307692317 1.5278637770897834 1.6833333333333336 0.62460191082802552 0.55230987917555097 1.1055555555555558 1.0871212121212122 3.9380987136210206 1.1937500000000003 0.41103500761035011 0.59411764705882364
decision_type=2 2 2 2 2 2 2 2 2 2 2
left_child=2 5 9 4 -4 6 -2 -7 -3 -1 -11
right_child=1 8 3 -5 -6 7 -8 -9 -10 10 -12
leaf_value=7.3882907406607666e-05 -3.784051674771614e-05 -0.00074375951229083029 0.00042758097008961004 0.0014862619285230284 -0.00076061574267406089 -0.0012321556991367949 0.0012032020878978073 0.00018312108279629189 0.00080338963808921672 -6.7833208155077267e-05 0.00019364380885579792
leaf_weight=24051 54969 535 695 133 100 202 158 130 50 17146 2578
leaf_count=24051 54969 535 695 133 100 202 158 130 50 17146 2578
internal_value=-9.01091e-06 -4.39359e-05 3.45507e-05 0.000452781 0.000264042 -3.79511e-05 -3.40586e-05 -0.000650263 -0.000592202 2.54358e-05 -3.31341e-05
internal_weight=100747 56044 44703 928 795 55459 55127 332 585 43775 19724
internal_count=100747 56044 44703 928 795 55459 55127 332 585 43775 19724
is_linear=0
shrinkage=0.02


Tree=242
num_leaves=8
num_cat=0
split_feature=2 26 2 31 26 26 26
split_gain=0.368281 0.296194 0.255727 0.323126 0.310877 0.262623 0.250217
threshold=0.84807692307692317 0.58114035087719318 0.94590643274853814 3.9093841642228746 0.58578431372549034 0.34166666666666673 0.54772727272727284
decision_type=2 2 2 2 2 2 2
left_child=1 -1 3 5 -4 -2 -5
right_child=2 -3 4 6 -6 -7 -8
leaf_value=1.822890643977042e-05 -0.00023257909471455058 0.00020658098155110178 2.3553771413567723e-06 0.00023002588364257864 -0.00016968531665125989 -5.1072323451243872e-05 -0.0005919981537000189
leaf_weight=41047 6968 3656 36495 1501 4731 6192 157
leaf_count=41047 6968 3656 36495 1501 4731 6192 157
internal_value=-8.82413e-06 3.38654e-05 -4.30534e-05 -0.000114428 -1.71523e-05 -0.000147958 0.000145543
internal_weight=100747 44703 56044 14818 41226 13160 1658
internal_count=100747 44703 56044 14818 41226 13160 1658
is_linear=0
shrinkage=0.02


Tree=243
num_leaves=14
num_cat=0
split_feature=2 37 26 31 21 19 37 2 21 35 37 37 37
split_gain=0.353789 0.447963 0.733327 0.468224 0.397267 0.39136 0.411606 0.322369 0.312321 0.305255 0.970812 0.304755 0.282474
threshold=0.84807692307692317 58.500000000000007 0.59411764705882364 3.6618176047397379 1.6833333333333336 0.62460191082802552 57.500000000000007 1.1937500000000003 1.0500000000000003 0.014337101747173602 37.500000000000007 17.500000000000004 17.500000000000004
decision_type=2 2 2 2 2 2 2 2 2 2 2 2 2
left_child=4 8 3 -3 9 6 -6 -4 -2 10 -1 -11 -10
right_child=1 2 7 -5 5 -7 -8 -9 12 11 -12 -13 -14
leaf_value=-9.9371597164788119e-06 -5.9767423444610138e-05 -6.2459092218095633e-05 -0.00037961011171532596 0.00011536211635219196 0.00060678838775996382 0.0014555854079899965 -0.00032241060456325273 0.00010092818055334678 -4.0046665996887145e-05 0.00015437611307171609 0.00030836391597311965 -4.6572592211488596e-05 -0.00031051460689920029
leaf_weight=12330 20579 9333 2486 15972 507 133 288 680 2490 3473 5523 22449 4504
leaf_count=12330 20579 9333 2486 15972 507 133 288 680 2490 3473 5523 22449 4504
internal_value=-8.64589e-06 -4.21965e-05 1.31388e-05 4.93831e-05 3.31927e-05 0.00044286 0.000257661 -0.000273244 -9.96935e-05 2.42598e-05 8.79958e-05 -1.92541e-05 -0.000215691
internal_weight=100747 56044 28471 25305 44703 928 795 3166 27573 43775 17853 25922 6994
internal_count=100747 56044 28471 25305 44703 928 795 3166 27573 43775 17853 25922 6994
is_linear=0
shrinkage=0.02


Tree=244
num_leaves=14
num_cat=0
split_feature=2 37 26 31 2 35 37 26 19 5 19 5 37
split_gain=0.339875 0.430325 0.704 0.449734 0.309886 0.306852 0.870979 0.418139 0.583006 0.400115 0.391608 0.271686 0.207803
threshold=0.84807692307692317 58.500000000000007 0.59411764705882364 3.6618176047397379 1.1937500000000003 0.014337101747173602 37.500000000000007 0.58114035087719318 0.27311577311577312 0.89444444444444449 0.41103500761035011 2.183333333333334 8.5000000000000018
decision_type=2 2 2 2 2 2 2 2 2 2 2 2 2
left_child=5 12 3 -3 -4 6 11 10 -9 -8 -7 -1 -2
right_child=1 2 4 -5 -6 7 9 8 -10 -11 -12 -13 -14
leaf_value=-9.182027871638177e-06 1.9131768506325712e-05 -6.1210175999103548e-05 -0.00037202400799205828 0.00011305516396341462 9.8915550846857762e-05 4.5943284165545462e-05 3.4893907891596605e-05 0.0020783743348674498 0.00018964316812233758 0.00041320948508279077 -0.000114239116033388 0.000668623188348232 -0.0001231879425082948
leaf_weight=12387 4865 9333 2486 15972 680 12004 1645 67 2112 3942 12307 239 22708
leaf_count=12387 4865 9333 2486 15972 680 12004 1645 67 2112 3942 12307 239 22708
internal_value=-8.47436e-06 -4.13602e-05 1.28687e-05 4.83876e-05 -0.000267719 3.25308e-05 9.57755e-05 -1.05791e-05 0.000254156 0.000303662 -3.47376e-05 2.96025e-06 -9.77147e-05
internal_weight=100747 56044 28471 25305 3166 44703 18213 26490 2179 5587 24311 12626 27573
internal_count=100747 56044 28471 25305 3166 44703 18213 26490 2179 5587 24311 12626 27573
is_linear=0
shrinkage=0.02


Tree=245
num_leaves=12
num_cat=0
split_feature=8 3 35 11 37 3 3 3 37 35 27
split_gain=0.252852 0.43976 0.389347 0.29436 0.539387 0.329228 0.410721 0.333922 0.328004 0.290972 0.290411
threshold=0.63333333333333341 0.866899766899767 0.054869787746500059 0.24496553588322742 38.500000000000007 0.86446145434663768 0.85327217125382282 0.87812695434646659 47.500000000000007 0.090615835777126064 0.62643982523500608
decision_type=2 2 2 2 2 2 2 2 2 2 2
left_child=3 -2 -3 5 10 6 -1 -7 -6 -4 -5
right_child=1 2 9 4 8 7 -8 -9 -10 -11 -12
leaf_value=6.8015357156287721e-07 -0.0013659993559122087 0.00028461289646565752 -0.0016027501302281605 -0.00012702668432015271 0.00077861479717366232 -0.00029587460128511426 0.00029763709931419447 -4.9284157514193879e-05 0.00020182986275545388 -0.00015302433286394393 0.0002943766408722208
leaf_weight=43376 146 357 95 3580 468 2331 1948 44591 3296 173 790
leaf_count=43376 146 357 95 3580 468 2331 1948 44591 3296 173 790
internal_value=-1.72078e-05 -0.000378057 -0.000127703 -1.43291e-05 0.000100752 -2.45871e-05 1.36764e-05 -6.17595e-05 0.000276576 -0.000712022 -4.84591e-05
internal_weight=101151 771 625 100380 8134 92246 45324 46922 3764 268 4370
internal_count=101151 771 625 100380 8134 92246 45324 46922 3764 268 4370
is_linear=0
shrinkage=0.02


Tree=246
num_leaves=9
num_cat=0
split_feature=26 37 37 37 16 37 3 37
split_gain=0.243821 0.735667 0.660353 0.445541 0.24987 0.244519 0.412413 0.217482
threshold=0.67543859649122817 82.500000000000014 89.500000000000014 67.500000000000014 1.6333333333333335 18.500000000000004 0.78135347682119216 54.500000000000007
decision_type=2 2 2 2 2 2 2 2
left_child=4 3 -3 7 5 -1 -7 -2
right_child=1 2 -4 -5 -6 6 -8 -9
leaf_value=-8.1188784203970433e-05 0.00027224787176610568 -0.0013642236268748352 -7.4469274403217388e-05 0.00093142448456456819 -0.00084413868318868155 7.0295110130224198e-05 -3.4604765760546759e-05 -0.00022713939368259163
leaf_weight=21955 2494 181 1380 392 147 20823 53397 382
leaf_count=21955 2494 181 1380 392 147 20823 53397 382
internal_value=-1.68624e-05 0.000121449 -0.00023197 0.000293361 -2.39027e-05 -2.25275e-05 -5.03846e-06 0.000202331
internal_weight=101151 4829 1561 3268 96322 96175 74220 2876
internal_count=101151 4829 1561 3268 96322 96175 74220 2876
is_linear=0
shrinkage=0.02


Tree=247
num_leaves=5
num_cat=0
split_feature=8 35 35 35
split_gain=0.242371 0.32986 0.209931 0.35763
threshold=0.63333333333333341 0.010582306830907001 0.32015625000000009 0.27917452336056986
decision_type=2 2 2 2
left_child=2 -2 3 -1
right_child=1 -3 -4 -5
leaf_value=-1.3414101305767453e-05 0.00013415160754772082 -0.0006936707747155342 -0.00019619519715376846 0.00033025250060825934
leaf_weight=96694 290 481 2463 1223
leaf_count=96694 290 481 2463 1223
internal_value=-1.65296e-05 -0.00036982 -1.37091e-05 -9.01286e-06
internal_weight=101151 771 100380 97917
internal_count=101151 771 100380 97917
is_linear=0
shrinkage=0.02


Tree=248
num_leaves=12
num_cat=0
split_feature=26 37 37 35 37 35 37 14 10 10 37
split_gain=0.234556 0.707147 0.634473 0.479941 0.428638 0.506772 0.308372 0.253193 0.292365 0.366402 0.274491
threshold=0.67543859649122817 82.500000000000014 89.500000000000014 0.039292882507333614 65.500000000000014 0.038339049485546256 56.500000000000007 0.74342105263157909 0.34166666666666673 0.39444444444444454 37.500000000000007
decision_type=2 2 2 2 2 2 2 2 2 2 2
left_child=7 4 -3 -4 6 -6 -2 8 10 -10 -1
right_child=1 2 3 -5 5 -7 -8 -9 9 -11 -12
leaf_value=-5.8514202827084734e-05 0.0002607960412173146 -0.0013368576907557869 -0.00056822696030728911 0.00020206719696318098 4.7602636280970358e-05 0.001451972014187375 -0.00044727769216430509 -0.00011340967369287229 0.0006587841624407459 -0.00023415382995324978 1.4724907430878111e-05
leaf_weight=34493 2555 181 504 876 197 255 261 11021 554 253 50001
leaf_count=34493 2555 181 504 876 197 255 261 11021 554 253 50001
internal_value=-1.61992e-05 0.000119457 -0.000226969 -7.24369e-05 0.000288028 0.000864823 0.000191349 -2.31064e-05 -1.13195e-05 0.000366594 -1.50558e-05
internal_weight=101151 4829 1561 1380 3268 452 2816 96322 85301 807 84494
internal_count=101151 4829 1561 1380 3268 452 2816 96322 85301 807 84494
is_linear=0
shrinkage=0.02


Tree=249
num_leaves=12
num_cat=0
split_feature=14 11 14 35 35 35 35 35 35 35 35
split_gain=0.221053 0.329416 0.582784 0.238844 0.286037 0.23021 0.227998 0.27509 0.224304 0.220486 0.229145
threshold=0.74342105263157909 0.23345498783454988 0.58578431372549034 0.16371473354231972 0.15410428497676817 0.051376319758672656 0.18212530712530714 0.18971809715580168 0.0073801742919389511 0.30846092662557173 0.27917452336056986
decision_type=2 2 2 2 2 2 2 2 2 2 2
left_child=1 9 5 4 8 -3 -5 -8 -2 10 -1
right_child=3 2 -4 6 -6 -7 7 -9 -10 -11 -12
leaf_value=-1.2777802044657705e-05 1.1185146889988785e-05 -0.00015370646531131409 0.00037237098418808293 0.00053316490729214791 -0.0010263634090208345 0.00019831928642789878 -0.00097002117663895319 8.1536615297171829e-05 -0.00018430687491457131 -0.00020552550280479262 0.00033784540670213305
leaf_weight=80185 3422 2168 2485 409 142 1116 107 1124 6878 2366 749
leaf_count=80185 3422 2168 2485 409 142 1116 107 1124 6878 2366 749
internal_value=-1.58733e-05 -4.86479e-06 0.000141096 -9.61868e-05 -0.000131897 -3.09866e-05 0.000124975 -3.18092e-06 -0.000118398 -1.50966e-05 -9.40115e-06
internal_weight=101151 89069 5769 12082 10442 3284 1640 1231 10300 83300 80934
internal_count=101151 89069 5769 12082 10442 3284 1640 1231 10300 83300 80934
is_linear=0
shrinkage=0.02


Tree=250
num_leaves=13
num_cat=0
split_feature=20 19 27 19 27 3 3 19 19 27 3 3
split_gain=0.26616 0.642365 0.514838 0.335798 0.302818 0.345673 0.775158 0.305597 0.360719 0.296799 0.280183 0.205389
threshold=1.9000000000000001 0.48657657657657666 0.49603149606299218 0.47077798861480075 0.51171946529939583 0.94374109827504371 0.93992481203007527 0.50826502732240442 0.63665315576143611 0.45748157418995966 1.0401342281879196 0.9566781357522679
decision_type=2 2 2 2 2 2 2 2 2 2 2 2
left_child=4 3 -3 9 7 6 -6 10 -9 -2 -1 -7
right_child=1 2 -4 -5 5 11 -8 8 -10 -11 -12 -13
leaf_value=3.4287967136293236e-05 0.00035957474248217685 0.00021734538598140501 -0.00087263676875490488 0.0022814939076250249 0.00017425848590699002 -0.00044104654855769255 0.0020357144421533401 -0.00011031346079220487 4.0263218162827936e-05 0.0015893450401285114 -0.00011861047545150932 2.3708458555304589e-05
leaf_weight=53064 558 565 244 53 6284 404 90 18884 9477 100 5247 5896
leaf_count=53064 558 565 244 53 6284 404 90 18884 9477 100 5247 5896
internal_value=1.16606e-05 0.000274325 -0.000100412 0.000713825 7.53569e-06 9.88831e-05 0.000202741 -5.70859e-06 -5.96455e-05 0.000565871 2.03546e-05 -4.63859e-06
internal_weight=100866 1520 809 711 99346 12674 6374 86672 28361 658 58311 6300
internal_count=100866 1520 809 711 99346 12674 6374 86672 28361 658 58311 6300
is_linear=0
shrinkage=0.02


Tree=251
num_leaves=8
num_cat=0
split_feature=31 8 8 14 3 3 3
split_gain=0.307397 0.339036 0.296344 0.607217 0.427189 0.414612 0.353894
threshold=4.3357843137254912 1.0000000180025095e-35 0.63333333333333341 1.2792207792207795 0.85530453492221137 1.0441827173347218 1.0704676778620443
decision_type=2 2 2 2 2 2 2
left_child=2 -2 3 6 -4 -5 -1
right_child=1 -3 4 5 -6 -7 -8
leaf_value=2.5736825608992236e-05 1.1316929807030194e-05 0.00089041506860427513 -0.0013810939089932911 0 -0.00014020949414099806 0.0016288868605326384 -7.6175304117142014e-05
leaf_weight=82812 420 332 140 88 632 154 16288
leaf_count=82812 420 332 140 88 632 154 16288
internal_value=1.14374e-05 0.000414024 8.30527e-06 1.144e-05 -0.000381147 0.0010083 8.88452e-06
internal_weight=100866 752 100114 99342 772 242 99100
internal_count=100866 752 100114 99342 772 242 99100
is_linear=0
shrinkage=0.02


Tree=252
num_leaves=9
num_cat=0
split_feature=31 8 27 8 14 3 3 3
split_gain=0.295687 0.325287 0.414003 0.285113 0.582691 0.410163 0.39919 0.33989
threshold=4.3357843137254912 1.0000000180025095e-35 1.0000000180025095e-35 0.63333333333333341 1.2792207792207795 0.85530453492221137 1.0441827173347218 1.0704676778620443
decision_type=2 2 2 2 2 2 2 2
left_child=3 -2 -3 4 7 -5 -6 -1
right_child=1 2 -4 5 6 -7 -8 -9
leaf_value=2.5222102374858296e-05 1.1091669800722205e-05 0.0016671593537266622 0.00017689588474717368 -0.0013538610735829449 0 -0.00013741415969392855 0.0015967268019150467 -7.4651984736881353e-05
leaf_weight=82812 420 147 185 140 88 632 154 16288
leaf_count=82812 420 147 185 140 88 632 154 16288
internal_value=1.12074e-05 0.000406057 0.000872713 8.13357e-06 1.12102e-05 -0.000373862 0.000987736 8.70479e-06
internal_weight=100866 752 332 100114 99342 772 242 99100
internal_count=100866 752 332 100114 99342 772 242 99100
is_linear=0
shrinkage=0.02


Tree=253
num_leaves=11
num_cat=0
split_feature=37 13 13 37 27 31 31 31 31 27
split_gain=0.460736 0.378851 0.371019 0.299266 0.287221 0.293892 0.293694 0.273525 0.356971 0.234008
threshold=123.50000000000001 0.47222222222222227 1.3875000000000002 149.50000000000003 0.26161035226455792 2.7583426028921028 4.3357843137254912 3.6925824175824187 3.7264554104176755 0.30513977547875859
decision_type=2 2 2 2 2 2 2 2 2 2
left_child=4 7 3 -3 6 -6 -1 -2 -9 -7
right_child=1 2 -4 -5 5 9 -8 8 -10 -11
leaf_value=-2.8294586762555529e-05 -0.00019953573297327561 -0.00036842235787542892 0.00085547063328804233 0.00017731128638232504 -0.00014456038231152566 0.00015329117415902922 0.00043330269515193921 0.0010650781214964098 7.9569709436087821e-05 4.2394510625722926e-05
leaf_weight=35572 1384 3479 107 427 2888 9297 556 162 1818 45176
leaf_count=35572 1384 3479 107 427 2888 9297 556 162 1818 45176
internal_value=1.09844e-05 -0.000140972 -0.00027227 -0.000306144 2.30846e-05 5.09557e-05 -2.08904e-05 1.27549e-05 0.000166241 6.15099e-05
internal_weight=100866 7377 4013 3906 93489 57361 36128 3364 1980 54473
internal_count=100866 7377 4013 3906 93489 57361 36128 3364 1980 54473
is_linear=0
shrinkage=0.02


Tree=254
num_leaves=8
num_cat=0
split_feature=31 8 8 26 20 20 20
split_gain=0.275342 0.313278 0.275244 0.279654 0.426098 0.294647 0.212672
threshold=4.3357843137254912 1.0000000180025095e-35 0.63333333333333341 0.31414473684210531 1.0000000180025095e-35 2.2250000000000005 0.55000000000000016
decision_type=2 2 2 2 2 2 2
left_child=2 -2 3 5 -5 -1 -4
right_child=1 -3 6 4 -6 -7 -8
leaf_value=-2.1030188037245815e-05 3.9671661588252999e-06 0.00084953246270111219 0.00021197631438343512 -0.00039577991514512105 5.7478415714736128e-05 0.0010804460881297122 -0.00054914945937310094
leaf_weight=55319 420 332 171 839 43089 95 601
leaf_count=55319 420 332 171 839 43089 95 601
internal_value=1.07695e-05 0.000391801 7.79974e-06 1.08244e-05 4.85762e-05 -1.89225e-05 -0.000367526
internal_weight=100866 752 100114 99342 43928 55414 772
internal_count=100866 752 100114 99342 43928 55414 772
is_linear=0
shrinkage=0.02


Tree=255
num_leaves=8
num_cat=0
split_feature=26 26 5 10 10 5 6
split_gain=0.709699 0.592468 0.259775 0.253684 0.40372 0.228397 0.21397
threshold=1.0250000000000001 1.0583333333333338 3.0500000000000003 0.51923076923076927 0.44097222222222227 1.4142857142857144 3.7250000000000005
decision_type=2 2 2 2 2 2 2
left_child=2 -2 -1 4 -4 -3 -5
right_child=1 5 3 6 -6 -7 -8
leaf_value=-9.4584599753416392e-06 0.0026792809963226316 -0.00054982617754360721 0.00017068703403250938 -0.0010079518665692636 0.0010606938105775043 0.00099003911261325299 0.00035510435241919297
leaf_weight=99281 68 56 1244 110 254 90 63
leaf_count=99281 68 56 1244 110 254 90 63
internal_value=-2.64823e-06 0.00114233 -5.19701e-06 0.000241724 0.000329476 0.00033239 -0.00045605
internal_weight=101166 214 100952 1671 1498 146 173
internal_count=101166 214 100952 1671 1498 146 173
is_linear=0
shrinkage=0.02


Tree=256
num_leaves=8
num_cat=0
split_feature=26 30 5 22 6 22 29
split_gain=0.682292 0.865852 0.249763 0.347549 0.432229 0.366402 0.235545
threshold=1.0250000000000001 3.3944444444444448 3.0500000000000003 0.7947368421052633 2.4522727272727276 0.94868421052631591 3.4722222222222228
decision_type=2 2 2 2 2 2 2
left_child=2 -2 6 4 -4 -5 -1
right_child=1 -3 3 5 -6 -7 -8
leaf_value=-4.5173303714908728e-05 0.00011009506933705908 0.0028460494879829256 0.00058854896288651687 0.0010161573309396071 -0.00049062525999436183 0.00018479897053654711 1.7082568638216046e-05
leaf_weight=42184 140 74 219 335 432 685 57097
leaf_count=42184 140 74 219 335 432 685 57097
internal_value=-2.58788e-06 0.00112006 -5.08889e-06 0.000237023 -0.00011158 0.000469082 -9.26929e-06
internal_weight=101166 214 100952 1671 651 1020 99281
internal_count=101166 214 100952 1671 651 1020 99281
is_linear=0
shrinkage=0.02


Tree=257
num_leaves=6
num_cat=0
split_feature=26 30 10 10 22
split_gain=0.65702 0.831407 0.242634 0.554703 0.509379
threshold=1.0250000000000001 3.3944444444444448 0.4330357142857143 0.51923076923076927 0.7947368421052633
decision_type=2 2 2 2 2
left_child=2 -2 -1 4 -4
right_child=1 -3 3 -5 -6
leaf_value=-8.232040194949369e-06 0.0001079241994401099 0.0027906264090224314 -0.00027087024827994927 -0.00051398596680555186 0.0008612709935452487
leaf_weight=99920 140 74 200 242 590
leaf_count=99920 140 74 200 242 590
internal_value=-2.52456e-06 0.00109913 -4.98066e-06 0.000299559 0.000562066
internal_weight=101166 214 100952 1032 790
internal_count=101166 214 100952 1032 790
is_linear=0
shrinkage=0.02


Tree=258
num_leaves=8
num_cat=0
split_feature=18 6 5 8 5 5 5
split_gain=0.236956 0.372512 0.32612 0.320143 0.290901 0.23871 0.217678
threshold=0.87867647058823539 2.4522727272727276 2.6125000000000003 0.77500000000000013 3.183333333333334 1.3166666666666669 3.8285714285714287
decision_type=2 2 2 2 2 2 2
left_child=1 3 5 4 -1 -2 -3
right_child=2 6 -4 -5 -6 -7 -8
leaf_value=-1.3354430671940164e-05 -0.00019973291198209842 0.00021757624623478384 -0.0001019379391336565 -0.00054542594679952722 0.0006182612570589536 0.00039344174821088292 0.0014388047764077783
leaf_weight=95110 292 1932 1152 450 290 1878 62
leaf_count=95110 292 1932 1152 450 290 1878 62
internal_value=-2.47092e-06 -8.20975e-06 0.000163451 -1.39399e-05 -1.13167e-05 0.000308908 0.000261962
internal_weight=101166 97844 3322 95850 95400 2170 1994
internal_count=101166 97844 3322 95850 95400 2170 1994
is_linear=0
shrinkage=0.02


Tree=259
num_leaves=5
num_cat=0
split_feature=26 22 10 10
split_gain=0.631762 0.570284 0.229274 0.531305
threshold=1.0250000000000001 0.87083333333333346 0.4330357142857143 0.51923076923076927
decision_type=2 2 2 2
left_child=2 -2 -1 -4
right_child=1 -3 3 -5
leaf_value=-7.9924805783910037e-06 -5.2730910480022436e-05 0.0019340810558060185 0.00054826673383664612 -0.00050461265212688286
leaf_weight=99920 88 126 790 242
leaf_count=99920 88 126 790 242
internal_value=-2.41881e-06 0.00107785 -4.82916e-06 0.000291201
internal_weight=101166 214 100952 1032
internal_count=101166 214 100952 1032
is_linear=0
shrinkage=0.02


Tree=260
num_leaves=4
num_cat=0
split_feature=23 23 31
split_gain=0.229271 0.343158 0.245051
threshold=1.0876552695607635 1.0912061794414736 1.0000000180025095e-35
decision_type=2 2 2
left_child=2 -2 -1
right_child=1 -3 -4
leaf_value=0.00026299347460050792 0.00063972044612559099 6.0076889890085773e-05 -7.6512472106073756e-06
leaf_weight=1358 420 19156 80297
leaf_count=1358 420 19156 80297
internal_value=1.1599e-05 7.30879e-05 -3.02137e-06
internal_weight=101231 19576 81655
internal_count=101231 19576 81655
is_linear=0
shrinkage=0.02


Tree=261
num_leaves=7
num_cat=0
split_feature=23 37 23 37 37 23
split_gain=0.220257 0.379964 0.311532 0.323754 0.235364 0.213817
threshold=1.0876552695607635 18.500000000000004 1.5723809523809524 19.500000000000004 1.0000000180025095e-35 1.2128644602048861
decision_type=2 2 2 2 2 2
left_child=4 5 3 -3 -1 -2
right_child=1 2 -4 -5 -6 -7
leaf_value=0.00025774135292672059 -0.00026796698397540004 0.0009746651922393104 -0.0012619911914780028 0.00012145981502672632 -7.4982262790514113e-06 7.5104764759325162e-06
leaf_weight=1358 1551 182 61 13910 80297 3872
leaf_count=1358 1551 182 61 13910 80297 3872
internal_value=1.13693e-05 7.16378e-05 0.000126428 0.000133325 -2.95837e-06 -6.95036e-05
internal_weight=101231 19576 14153 14092 81655 5423
internal_count=101231 19576 14153 14092 81655 5423
is_linear=0
shrinkage=0.02


Tree=262
num_leaves=3
num_cat=0
split_feature=2 2
split_gain=0.208286 0.275292
threshold=1.4852941176470591 1.6055555555555558
decision_type=2 2
left_child=-1 -2
right_child=1 -3
leaf_value=7.5631949013070078e-06 0.00043582064679140604 -0.00014151365666285805
leaf_weight=99769 1004 458
leaf_count=99769 1004 458
internal_value=1.11419e-05 0.000248183
internal_weight=101231 1462
internal_count=101231 1462
is_linear=0
shrinkage=0.02


Tree=263
num_leaves=9
num_cat=0
split_feature=10 10 10 37 23 23 23 23
split_gain=0.235294 0.491915 0.272366 0.26185 0.241707 0.474713 0.21112 0.219741
threshold=0.51923076923076927 0.5634920634920636 0.45804195804195807 83.500000000000014 1.1094320255474455 1.2225975975975978 1.2401923076923078 1.502808988764045
decision_type=2 2 2 2 2 2 2 2
left_child=2 3 6 -2 -4 -6 -1 -8
right_child=1 -3 4 -5 5 -7 7 -9
leaf_value=1.885135861926723e-06 -0.000427781648256562 0.00026662771229271414 0.00011324377062748064 -0.0025547202558893907 0.0024000545213187954 0 0.00016108475840936713 -0.00010310103795313238
leaf_weight=92723 64 109 210 55 67 56 6431 1516
leaf_count=92723 64 109 210 55 67 56 6431 1516
internal_value=1.09192e-05 -0.000627204 1.2471e-05 -0.00151944 0.00058235 0.00128864 1.04751e-05 0.000109416
internal_weight=101231 228 101003 119 333 123 100670 7947
internal_count=101231 228 101003 119 333 123 100670 7947
is_linear=0
shrinkage=0.02


Tree=264
num_leaves=5
num_cat=0
split_feature=10 10 10 37
split_gain=0.22633 0.474495 0.262155 0.250417
threshold=0.51923076923076927 0.5634920634920636 0.45804195804195807 83.500000000000014
decision_type=2 2 2 2
left_child=2 3 -1 -2
right_child=1 -3 -4 -5
leaf_value=1.0265630109795742e-05 -0.00041948526871926856 0.00026139123616991818 0.000571329857431241 -0.002505418642571098
leaf_weight=100670 64 109 333 55
leaf_count=100670 64 109 333 55
internal_value=1.07018e-05 -0.000615132 1.22257e-05 -0.00149169
internal_weight=101231 228 101003 119
internal_count=101231 228 101003 119
is_linear=0
shrinkage=0.02


Tree=265
num_leaves=8
num_cat=0
split_feature=25 17 17 6 6 28 31
split_gain=0.374711 0.484536 0.422165 0.229735 0.347941 0.308788 0.264486
threshold=1.1055555555555558 0.64583333333333337 0.81666666666666676 1.6961538461538463 2.0250000000000004 3.9000000000000004 3.9429732868757266
decision_type=2 2 2 2 2 2 2
left_child=3 -2 -3 5 -5 -1 -7
right_child=1 2 -4 4 -6 6 -8
leaf_value=-8.097821100598979e-06 -0.00048620803183630894 0.0023243098085125287 0.00045304670056075228 9.4538268241249425e-05 -3.9469683392757027e-05 -0.0001724052619748899 3.5155576584440049e-05
leaf_weight=56626 93 82 160 18031 13463 9300 3235
leaf_count=56626 93 82 160 18031 13463 9300 3235
internal_value=-5.37353e-06 0.000660077 0.00114195 -7.7007e-06 3.69364e-05 -2.81723e-05 -0.000118044
internal_weight=100990 335 242 100655 31494 69161 12535
internal_count=100990 335 242 100655 31494 69161 12535
is_linear=0
shrinkage=0.02


Tree=266
num_leaves=9
num_cat=0
split_feature=25 17 17 23 37 37 28 17
split_gain=0.360176 0.46684 0.404805 0.334266 0.385988 0.375419 0.420771 0.252339
threshold=1.1055555555555558 0.64583333333333337 0.81666666666666676 0.62542517006802734 21.500000000000004 18.500000000000004 3.9000000000000004 0.31666666666666671
decision_type=2 2 2 2 2 2 2 2
left_child=3 -2 -3 4 -1 7 -7 -5
right_child=1 2 -4 5 -6 6 -8 -9
leaf_value=2.565960168870127e-05 -0.0004766885983316522 0.0022789304641385876 0.00044409765321531416 -0.00017706808589290705 -0.00014743214771686968 6.5285781099928359e-05 -4.7581319166599092e-05 -9.9745279725476917e-06
leaf_weight=8479 93 82 160 6129 12800 45602 18498 9147
leaf_count=8479 93 82 160 6129 12800 45602 18498 9147
internal_value=-5.26321e-06 0.000647147 0.00112039 -7.54672e-06 -7.79948e-05 1.12144e-05 3.25581e-05 -7.76843e-05
internal_weight=100990 335 242 100655 21279 79376 64100 15276
internal_count=100990 335 242 100655 21279 79376 64100 15276
is_linear=0
shrinkage=0.02


Tree=267
num_leaves=8
num_cat=0
split_feature=25 17 17 23 23 17 1
split_gain=0.346208 0.449809 0.388135 0.320913 0.305111 0.260664 0.291149
threshold=1.1055555555555558 0.64583333333333337 0.81666666666666676 0.62542517006802734 1.0000000180025095e-35 1.4142857142857144 1.4722222222222225
decision_type=2 2 2 2 2 2 2
left_child=3 -2 -3 4 -1 6 -5
right_child=1 2 -4 5 -6 -7 -8
leaf_value=0.00013635121548282022 -0.00046735557286362896 0.002234437098460538 0.00043532533962049608 4.1887953363271161e-06 -0.00010344477643390847 -0.001101240837680442 0.00019678712769716271
leaf_weight=2355 93 82 160 76014 18924 82 3280
leaf_count=2355 93 82 160 76014 18924 82 3280
internal_value=-5.15717e-06 0.000634471 0.00109924 -7.39789e-06 -7.64257e-05 1.09825e-05 1.22865e-05
internal_weight=100990 335 242 100655 21279 79376 79294
internal_count=100990 335 242 100655 21279 79376 79294
is_linear=0
shrinkage=0.02


Tree=268
num_leaves=9
num_cat=0
split_feature=23 37 18 6 18 6 6 6
split_gain=0.326737 0.386718 0.332666 0.377728 0.555751 0.516017 0.24603 0.23278
threshold=0.61131095123900892 1.0000000180025095e-35 1.1055555555555558 2.8535714285714291 1.0954545454545457 3.3166666666666669 2.8535714285714291 3.3166666666666669
decision_type=2 2 2 2 2 2 2 2
left_child=1 -1 3 4 -2 -5 -4 -3
right_child=2 7 6 5 -6 -7 -8 -9
leaf_value=0.00023834659787596365 9.1758803116611549e-06 -0.0001071248149194766 -2.5291351524934377e-05 0.00074982864245295099 0.0016280206284102273 -0.00062956422567367559 -0.0012885345485718811 0.0011588715461262487
leaf_weight=1416 80089 18384 144 560 83 125 134 55
leaf_count=1416 80089 18384 144 560 83 125 134 55
internal_value=-5.04756e-06 -7.78348e-05 1.26429e-05 1.51466e-05 1.10171e-05 0.000482459 -0.000674762 -0.000102681
internal_weight=100990 19855 81135 80857 80172 685 278 18439
internal_count=100990 19855 81135 80857 80172 685 278 18439
is_linear=0
shrinkage=0.02


Tree=269
num_leaves=6
num_cat=0
split_feature=16 23 26 31 26
split_gain=0.315753 0.308268 0.398954 0.356758 0.349012
threshold=1.6333333333333335 0.62542517006802734 0.14642857142857144 1.0000000180025095e-35 0.93725490196078431
decision_type=2 2 2 2 2
left_child=1 3 -3 -1 -4
right_child=-2 2 4 -5 -6
leaf_value=0.00023358639765777776 -0.00079508753216797764 -0.00011369988353464616 2.6279195836571718e-05 -9.3137009958622048e-05 0.00052125319993475284
leaf_weight=1416 200 8593 70329 19877 575
leaf_count=1416 200 8593 70329 19877 575
internal_value=-4.94196e-06 -3.25909e-06 1.47392e-05 -7.09202e-05 3.04488e-05
internal_weight=100990 100790 79497 21293 70904
internal_count=100990 100790 79497 21293 70904
is_linear=0
shrinkage=0.02


Tree=270
num_leaves=14
num_cat=0
split_feature=31 37 12 19 12 31 19 31 31 19 31 37 30
split_gain=0.441122 0.437294 0.653531 0.449633 0.416873 0.360916 0.339437 0.80513 0.428193 0.727959 0.324878 0.318763 0.26627
threshold=3.6137147335423205 134.50000000000003 1.1000000000000003 0.52960654460459688 1.0000000180025095e-35 3.825087412587413 0.50671171171171181 3.5186577554998615 3.5770521424883843 0.74718959201717838 2.9260777170613239 91.500000000000014 3.9486842105263165
decision_type=2 2 2 2 2 2 2 2 2 2 2 2 2
left_child=6 4 12 -4 5 -2 7 10 -8 -10 -1 -6 -3
right_child=1 2 3 -5 11 -7 8 -9 9 -11 -12 -13 -14
leaf_value=-6.650548682180272e-05 0.00037881832166486429 -0.00041284851576802952 0.0021088276482704614 0.00020773494555506597 3.0771546540644139e-06 5.8602628072407253e-05 -0.00018226558904955211 -0.00024508200793958913 0 0.0012821368587393207 5.8857781726165898e-05 0.00013622391509085646 0
leaf_weight=11898 2935 1872 70 213 26845 2870 9868 5189 1288 204 26822 9905 984
leaf_count=11898 2935 1872 70 213 26845 2870 9868 5189 1288 204 26822 9905 984
internal_value=1.40639e-06 4.74774e-05 -0.000179418 0.000724557 6.44566e-05 0.0002223 -3.65025e-05 -1.10413e-05 -0.000134017 0.000178223 2.00761e-05 3.92409e-05 -0.000272936
internal_weight=100963 45694 3139 283 42555 5805 55269 43909 11360 1492 38720 36750 2856
internal_count=100963 45694 3139 283 42555 5805 55269 43909 11360 1492 38720 36750 2856
is_linear=0
shrinkage=0.02


Tree=271
num_leaves=11
num_cat=0
split_feature=15 14 14 14 14 37 37 16 1 37
split_gain=0.353925 0.58379 0.417532 0.296951 0.660937 0.273216 0.544827 0.245778 0.363901 0.283096
threshold=0.75086206896551733 0.86190476190476206 1.2287581699346408 0.78759398496240618 0.71825396825396837 114.50000000000001 41.500000000000007 0.77500000000000013 0.5277777777777779 129.50000000000003
decision_type=2 2 2 2 2 2 2 2 2 2
left_child=2 3 7 4 -2 6 -3 9 -9 -1
right_child=1 5 -4 -5 -6 -7 -8 8 -10 -11
leaf_value=-1.7625875889476892e-05 0.00031122546677013767 -0.00026711386637342903 0.0012759174716354595 0.00055817753121475023 -0.00043774364572183222 -0.00083193707124640541 0.00039238316675000969 -0.00038268722420277661 7.0836499141317265e-05 -0.0001990065812408678
leaf_weight=71087 2628 1464 99 1159 563 190 755 728 18657 3633
leaf_count=71087 2628 1464 99 1159 563 190 755 728 18657 3633
internal_value=1.38468e-06 0.000141245 -8.5467e-06 0.000280157 0.000175759 -0.000105469 -3.80706e-05 -1.00313e-05 5.3251e-05 -2.65838e-05
internal_weight=100963 6759 94204 4350 3191 2409 2219 94105 19385 74720
internal_count=100963 6759 94204 4350 3191 2409 2219 94105 19385 74720
is_linear=0
shrinkage=0.02


Tree=272
num_leaves=12
num_cat=0
split_feature=31 37 13 9 19 31 31 19 31 37 37
split_gain=0.420686 0.410409 0.36851 0.363466 0.328994 0.773114 0.410542 0.697582 0.311791 0.287197 0.232142
threshold=3.6137147335423205 134.50000000000003 0.58571428571428574 0.10555555555555557 0.50671171171171181 3.5186577554998615 3.5770521424883843 0.74718959201717838 2.9260777170613239 147.50000000000003 5.5000000000000009
decision_type=2 2 2 2 2 2 2 2 2 2 2
left_child=4 2 3 -2 5 8 -6 -8 -1 -3 -4
right_child=1 9 10 -5 6 -7 7 -9 -10 -11 -12
leaf_value=-6.4917377936614664e-05 5.4349078476751923e-05 -0.00030174842630027905 0.00045868890495224911 -0.0001284162951633334 -0.00017891959973215574 -0.0002399397856067702 0 0.0012546243988773198 5.7888702015025015e-05 0.00010659612846634201 0.00011577110784993996
leaf_weight=11898 19378 2177 852 5598 9868 5189 1288 204 26822 962 16727
leaf_count=11898 19378 2177 852 5598 9868 5189 1288 204 26822 962 16727
internal_value=1.35321e-06 4.63467e-05 6.28007e-05 1.29776e-05 -3.56648e-05 -1.0595e-05 -0.000131666 0.000173992 1.98928e-05 -0.000173432 0.00013301
internal_weight=100963 45694 42555 24976 55269 43909 11360 1492 38720 3139 17579
internal_count=100963 45694 42555 24976 55269 43909 11360 1492 38720 3139 17579
is_linear=0
shrinkage=0.02


Tree=273
num_leaves=13
num_cat=0
split_feature=31 37 29 13 16 9 19 31 31 19 37 16
split_gain=0.404064 0.394013 0.356646 0.353981 0.798094 0.34909 0.315801 0.742857 0.394535 0.670199 0.262794 0.245532
threshold=3.6137147335423205 134.50000000000003 3.4722222222222228 0.58571428571428574 0.29166666666666669 0.10555555555555557 0.50671171171171181 3.5719211822660104 3.5770521424883843 0.74718959201717838 147.50000000000003 0.77500000000000013
decision_type=2 2 2 2 2 2 2 2 2 2 2 2
left_child=6 3 -3 5 -5 -2 7 11 -8 -10 -4 -1
right_child=1 2 10 4 -6 -7 8 -9 9 -11 -12 -13
leaf_value=-7.4282003198945696e-06 5.3262209683133852e-05 -0.00075500938580721935 -0.00021962233414945194 0.00044605403215460042 7.1899486955174816e-05 -0.00012584888678310172 -0.00017534193108962302 -0.00036355028842558959 0 0.0012297755201320045 0.00019895848574075239 0.00015393315309394334
leaf_weight=37466 19378 370 1920 2718 14861 5598 9868 2259 1288 204 849 4184
leaf_count=37466 19378 370 1920 2718 14861 5598 9868 2259 1288 204 849 4184
internal_value=1.32689e-06 4.54244e-05 -0.000169903 6.15498e-05 0.000130363 1.27099e-05 -3.49504e-05 -1.03833e-05 -0.000129009 0.000170565 -8.7622e-05 8.54807e-06
internal_weight=100963 45694 3139 42555 17579 24976 55269 43909 11360 1492 2769 41650
internal_count=100963 45694 3139 42555 17579 24976 55269 43909 11360 1492 2769 41650
is_linear=0
shrinkage=0.02


Tree=274
num_leaves=7
num_cat=0
split_feature=31 15 31 12 9 31
split_gain=0.38805 0.300516 0.299437 0.299331 0.349822 0.269446
threshold=3.6137147335423205 0.72889276096942823 3.5186577554998615 1.0000000180025095e-35 0.47222222222222227 3.6297498797498799
decision_type=2 2 2 2 2 2
left_child=2 3 -1 5 -5 -2
right_child=1 -3 -4 4 -6 -7
leaf_value=-1.39722760712741e-05 0.00081740509256843685 0.00018575393430286363 -0.00014251703386739399 -7.4132586151487806e-06 0.0004021882568186487 0.000126307521768218
leaf_weight=46630 240 5342 8639 33496 853 5763
leaf_count=46630 240 5342 8639 33496 853 5763
internal_value=1.29887e-06 4.45156e-05 -3.42502e-05 2.55617e-05 2.49022e-06 0.000155866
internal_weight=100963 45694 55269 40352 34349 6003
internal_count=100963 45694 55269 40352 34349 6003
is_linear=0
shrinkage=0.02


Tree=275
num_leaves=6
num_cat=0
split_feature=8 19 28 28 31
split_gain=0.358104 0.356802 0.425211 0.317213 0.236499
threshold=0.63333333333333341 0.63665315576143611 4.5500000000000007 2.7750000000000004 4.0702439692982466
decision_type=2 2 2 2 2
left_child=1 -1 3 -3 -2
right_child=4 2 -4 -5 -6
leaf_value=-1.7719078461930018e-05 -0.00053755714283395043 -0.00038297417180577833 -0.00036951260252856958 0.00013519653222138138 0.00070032649352902269
leaf_weight=85968 727 479 751 13119 59
leaf_count=85968 727 479 751 13119 59
internal_value=-5.64768e-06 -2.21144e-06 8.9991e-05 0.000116155 -0.000430405
internal_weight=101103 100317 14349 13598 786
internal_count=101103 100317 14349 13598 786
is_linear=0
shrinkage=0.02


Tree=276
num_leaves=12
num_cat=0
split_feature=31 9 11 11 31 31 31 7 7 7 7
split_gain=0.354384 0.554048 0.374626 0.393868 0.349558 0.255555 0.477191 0.220462 0.204896 0.267788 0.229148
threshold=3.7818865345181139 0.5634920634920636 0.13453458306399482 0.13898086828550407 3.6889822595704955 3.7264554104176755 3.7224014336917564 2.5916172920781215 1.2383136740934908 1.2145808736717829 1.5687173952149667
decision_type=2 2 2 2 2 2 2 2 2 2 2
left_child=1 5 8 -4 -3 6 -1 -5 9 -2 -10
right_child=2 4 3 7 -6 -7 -8 -9 10 -11 -12
leaf_value=-1.7254042042088951e-05 8.2427258828315594e-05 -0.00036247529405884765 0.00058241715158544993 0.00011646993485761955 -0.0018170125696521538 -0.00015006342760647532 0.00074809860244438918 -0.00024401787855532795 -0.00015345289940195999 0.0009233243693323697 3.0849639070505034e-05
leaf_weight=66506 1881 257 715 13820 102 5987 325 695 5334 168 5313
leaf_count=66506 1881 257 715 13820 102 5987 325 695 5334 168 5313
internal_value=-5.53689e-06 -2.8758e-05 5.49512e-05 0.000121938 -0.00081122 -2.47409e-05 -1.33602e-05 9.84891e-05 -2.46246e-05 0.000157082 -6.05558e-05
internal_weight=101103 73177 27926 15230 359 72818 66831 14515 12696 2049 10647
internal_count=101103 73177 27926 15230 359 72818 66831 14515 12696 2049 10647
is_linear=0
shrinkage=0.02


Tree=277
num_leaves=6
num_cat=0
split_feature=31 9 31 31 31
split_gain=0.340543 0.533182 0.335246 0.245427 0.458419
threshold=3.7818865345181139 0.5634920634920636 3.6889822595704955 3.7264554104176755 3.7224014336917564
decision_type=2 2 2 2 2
left_child=1 3 -3 4 -1
right_child=-2 2 -4 -5 -6
leaf_value=-1.6908971579901017e-05 5.386840845947747e-05 -0.00035528175619118003 -0.0017813711814009226 -0.00014706316081370671 0.00073322814402230292
leaf_weight=66506 27926 257 102 5987 325
leaf_count=66506 27926 257 102 5987 325
internal_value=-5.42427e-06 -2.81892e-05 -0.000795791 -2.42458e-05 -1.30896e-05
internal_weight=101103 73177 359 72818 66831
internal_count=101103 73177 359 72818 66831
is_linear=0
shrinkage=0.02


Tree=278
num_leaves=7
num_cat=0
split_feature=8 7 31 31 31 4
split_gain=0.335005 0.329676 0.325543 0.288567 0.225031 0.213481
threshold=0.63333333333333341 1.5571973827699022 3.2453687821612358 3.3344748858447493 4.0702439692982466 1.1000000000000003
decision_type=2 2 2 2 2 2
left_child=1 5 -3 -4 -2 -1
right_child=4 2 3 -5 -6 -7
leaf_value=-6.6859713205359196e-05 -0.00052090621002744098 -0.00020579452533322142 0.00038625647981162275 4.7264051787185685e-05 0.00068553264756671714 7.4414893439323637e-06
leaf_weight=31862 727 1969 1042 35806 59 29638
leaf_count=31862 727 1969 1042 35806 59 29638
internal_value=-5.31837e-06 -1.99155e-06 4.3537e-05 5.7142e-05 -0.000416146 -3.08909e-05
internal_weight=101103 100317 38817 36848 786 61500
internal_count=101103 100317 38817 36848 786 61500
is_linear=0
shrinkage=0.02


Tree=279
num_leaves=7
num_cat=0
split_feature=31 6 7 7 31 31
split_gain=0.320903 0.40571 0.291805 0.334458 0.273542 0.411885
threshold=3.7818865345181139 3.3166666666666669 1.7250954198473285 1.7918064876957496 3.7264554104176755 3.7224014336917564
decision_type=2 2 2 2 2 2
left_child=1 4 -2 -4 5 -1
right_child=2 -3 3 -5 -6 -7
leaf_value=-1.7409628108064531e-05 -1.083570168768709e-05 -0.0014104373577763052 0.00033791345736998912 7.2412822543405008e-05 -0.00015459287002519967 0.0006913895153165951
leaf_weight=66725 14142 83 2321 11463 6042 327
leaf_count=66725 14142 83 2321 11463 6042 327
internal_value=-5.20791e-06 -2.73094e-05 5.23462e-05 0.000117887 -2.55634e-05 -1.37833e-05
internal_weight=101103 73177 27926 13784 73094 67052
internal_count=101103 73177 27926 13784 73094 67052
is_linear=0
shrinkage=0.02


Tree=280
num_leaves=2
num_cat=0
split_feature=26
split_gain=0.29943
threshold=0.77350427350427364
decision_type=2
left_child=-1
right_child=-2
leaf_value=-1.4599849636985344e-05 0.00021764444804880142
leaf_weight=98809 2266
leaf_count=98809 2266
internal_value=-9.29003e-06
internal_weight=101075
internal_count=101075
is_linear=0
shrinkage=0.02


Tree=281
num_leaves=2
num_cat=0
split_feature=26
split_gain=0.287591
threshold=0.77350427350427364
decision_type=2
left_child=-1
right_child=-2
leaf_value=-1.4307858763160593e-05 0.00021329540066171364
leaf_weight=98809 2266
leaf_count=98809 2266
internal_value=-9.10217e-06
internal_weight=101075
internal_count=101075
is_linear=0
shrinkage=0.02


Tree=282
num_leaves=2
num_cat=0
split_feature=26
split_gain=0.276221
threshold=0.77350427350427364
decision_type=2
left_child=-1
right_child=-2
leaf_value=-1.4021707181499314e-05 0.00020903325030281218
leaf_weight=98809 2266
leaf_count=98809 2266
internal_value=-8.91807e-06
internal_weight=101075
internal_count=101075
is_linear=0
shrinkage=0.02


Tree=283
num_leaves=2
num_cat=0
split_feature=26
split_gain=0.2653
threshold=0.77350427350427364
decision_type=2
left_child=-1
right_child=-2
leaf_value=-1.3741278351276166e-05 0.00020485627377895242
leaf_weight=98809 2266
leaf_count=98809 2266
internal_value=-8.73765e-06
internal_weight=101075
internal_count=101075
is_linear=0
shrinkage=0.02


Tree=284
num_leaves=2
num_cat=0
split_feature=26
split_gain=0.254811
threshold=0.77350427350427364
decision_type=2
left_child=-1
right_child=-2
leaf_value=-1.346645934316087e-05 0.00020076276008466773
leaf_weight=98809 2266
leaf_count=98809 2266
internal_value=-8.56084e-06
internal_weight=101075
internal_count=101075
is_linear=0
shrinkage=0.02


Tree=285
num_leaves=7
num_cat=0
split_feature=16 6 19 6 6 19
split_gain=0.379771 0.483042 0.605696 0.40706 0.249976 0.347622
threshold=1.6333333333333335 2.8535714285714291 0.77091284987277364 3.5250000000000004 2.1519230769230773 0.67354024943310675
decision_type=2 2 2 2 2 2
left_child=1 4 3 -3 5 -1
right_child=-2 2 -4 -5 -6 -7
leaf_value=-1.0513723433679755e-05 -0.00087464862720883305 0.0011812729601089547 -8.4908548126390584e-05 -0.00059291803349669164 -0.00011780670764682227 0.00013307293619194743
leaf_weight=84810 199 408 391 50 7687 7324
leaf_count=84810 199 408 391 50 7687 7324
internal_value=-5.9313e-06 -4.09739e-06 0.000470178 0.000964109 -8.24072e-06 7.94504e-07
internal_weight=100869 100670 849 458 99821 92134
internal_count=100869 100670 849 458 99821 92134
is_linear=0
shrinkage=0.02


Tree=286
num_leaves=9
num_cat=0
split_feature=16 6 6 31 31 31 6 31
split_gain=0.364874 0.463035 0.375213 0.314573 0.257211 0.246248 0.345248 0.282936
threshold=1.6333333333333335 2.8535714285714291 3.1214285714285719 3.6852499352499355 4.1155435473617299 3.6137147335423205 2.2583333333333337 3.6217351805587104
decision_type=2 2 2 2 2 2 2 2
left_child=1 5 3 -3 -4 6 -1 -7
right_child=-2 2 4 -5 -6 7 -8 -9
leaf_value=-2.8924062306248265e-05 -0.00085732971369034021 0.0017344823243414485 -0.00024511196170073408 0.00048598419987175561 0.0012359714101661337 0.0004099972452968359 -0.00038109992015601668 1.9858929642386961e-05
leaf_weight=54051 199 121 312 363 53 758 1141 43871
leaf_count=54051 199 121 312 363 53 758 1141 43871
internal_value=-5.81679e-06 -4.01722e-06 0.000460328 0.000824538 0 -8.0759e-06 -3.63994e-05 2.67274e-05
internal_weight=100869 100670 849 484 365 99821 55192 44629
internal_count=100869 100670 849 484 365 99821 55192 44629
is_linear=0
shrinkage=0.02


Tree=287
num_leaves=3
num_cat=0
split_feature=16 13
split_gain=0.350569 0.316171
threshold=1.6333333333333335 1.4142857142857144
decision_type=2 2
left_child=1 -1
right_child=-2 -3
leaf_value=-6.5521809735851423e-06 -0.00084035374001780556 0.00049350664943573978
leaf_weight=100164 199 506
leaf_count=100164 199 506
internal_value=-5.69555e-06 -3.92964e-06
internal_weight=100869 100670
internal_count=100869 100670
is_linear=0
shrinkage=0.02


Tree=288
num_leaves=5
num_cat=0
split_feature=16 13 31 31
split_gain=0.33682 0.303703 0.677883 0.259536
threshold=1.6333333333333335 1.4142857142857144 3.7993710691823903 3.200806451612904
decision_type=2 2 2 2
left_child=1 -1 3 -3
right_child=-2 2 -4 -5
leaf_value=-6.4211394708858233e-06 -0.0008237138966941715 0.00093521842135573343 0.0011957069361731127 -0.00060372657313638803
leaf_weight=100164 199 51 261 194
leaf_count=100164 199 51 261 194
internal_value=-5.58178e-06 -3.84886e-06 0.000483675 -0.00023791
internal_weight=100869 100670 506 245
internal_count=100869 100670 506 245
is_linear=0
shrinkage=0.02


Tree=289
num_leaves=9
num_cat=0
split_feature=16 6 19 6 6 31 26 31
split_gain=0.323611 0.437558 0.578222 0.389731 0.238924 0.271353 0.226357 0.22041
threshold=1.6333333333333335 2.8535714285714291 0.77091284987277364 3.5250000000000004 2.1519230769230773 3.7595545277507307 0.39444444444444454 3.5817254174397037
decision_type=2 2 2 2 2 2 2 2
left_child=1 4 3 -3 5 -1 -4 -6
right_child=-2 2 6 -5 7 -7 -8 -9
leaf_value=-1.9747399885908718e-05 -0.00080740354417716681 0.0011433797206093625 -0.00080659759091580006 -0.0005913520948244976 -0.00033222456002541682 5.7388136901927525e-05 0.00020643792657265022 -5.9723543284122046e-05
leaf_weight=67088 199 408 125 50 1516 25046 266 6171
leaf_count=67088 199 408 125 50 1516 25046 266 6171
internal_value=-5.46986e-06 -3.7693e-06 0.000447618 0.000930512 -7.71751e-06 1.11363e-06 -9.44339e-05 -0.000114838
internal_weight=100869 100670 849 458 99821 92134 391 7687
internal_count=100869 100670 849 458 99821 92134 391 7687
is_linear=0
shrinkage=0.02


Tree=290
num_leaves=12
num_cat=0
split_feature=14 8 34 14 35 8 35 35 35 35 34
split_gain=0.351014 0.40739 0.364973 0.67694 0.652333 0.298634 0.302258 0.263349 0.252006 0.386967 0.2357
threshold=0.70294117647058829 0.29166666666666669 0.080128205128205107 0.77350427350427364 0.012861869313482202 0.77500000000000013 0.011173533083645401 0.22053033811949976 0.098833265499932169 0.09786409242930981 0.46410256410256417
decision_type=2 2 2 2 2 2 2 2 2 2 2
left_child=1 8 4 -4 -2 10 -7 -5 9 -1 -3
right_child=2 5 3 7 -6 6 -8 -9 -10 -11 -12
leaf_value=5.5486101916170448e-06 -2.002181054269972e-06 0.00015434135607777521 -0.00040121693390313769 0.00026453529175524408 -0.00036431926805862108 0.0003037105088538312 -0.0010475154505933033 -0.00021852468460397848 -7.0321290750326965e-05 0.00099413361939244306 -0.0010738953606027073
leaf_weight=56535 3870 9100 1052 2668 4210 92 168 519 22642 157 59
leaf_count=56535 3870 9100 1052 2668 4210 92 168 519 22642 157 59
internal_value=-1.29954e-05 7.79587e-07 -0.000113034 3.52689e-05 -0.000192064 0.000125229 -0.000532553 0.000182646 -1.38725e-05 8.49771e-06 0.000145105
internal_weight=101072 88753 12319 4239 8080 9419 260 3187 79334 56692 9159
internal_count=101072 88753 12319 4239 8080 9419 260 3187 79334 56692 9159
is_linear=0
shrinkage=0.02


Tree=291
num_leaves=9
num_cat=0
split_feature=14 37 35 19 14 34 37 37
split_gain=0.337335 0.403431 0.489971 0.400283 0.353263 0.620572 0.285101 0.326892
threshold=0.70294117647058829 10.500000000000002 0.10480030721966201 0.76013698630136994 0.7947368421052633 0.080128205128205107 142.50000000000003 96.500000000000014
decision_type=2 2 2 2 2 2 2 2
left_child=1 -1 -3 -4 6 -6 7 -2
right_child=4 2 3 -5 5 -7 -8 -9
leaf_value=-0.00010229295910562507 -0.00020362220565205502 4.9975829259107476e-05 -8.5588102578929395e-05 0.00029032850191122137 -0.00016745764286195486 0.00017787628089080407 0.0010239180409517443 -0.00070175288936773499
leaf_weight=12946 2404 54901 19716 1190 5962 3177 59 717
leaf_count=12946 2404 54901 19716 1190 5962 3177 59 717
internal_value=-1.27381e-05 7.63665e-07 1.84974e-05 -6.36864e-05 -0.000110808 -4.63022e-05 -0.000292903 -0.000321638
internal_weight=101072 88753 75807 20906 12319 9139 3180 3121
internal_count=101072 88753 75807 20906 12319 9139 3180 3121
is_linear=0
shrinkage=0.02


Tree=292
num_leaves=8
num_cat=0
split_feature=8 13 6 13 34 34 34
split_gain=0.335102 0.486712 0.482784 0.332742 0.232153 0.246973 0.207706
threshold=0.63333333333333341 1.1339285714285716 3.1214285714285719 1.0500000000000003 0.05131578947368421 1.0000000180025095e-35 0.16228070175438594
decision_type=2 2 2 2 2 2 2
left_child=1 2 3 -1 5 -3 -6
right_child=-2 4 -4 -5 6 -7 -8
leaf_value=-8.9540222554732916e-06 -0.00041641622243047342 0.00031882260847422816 -0.0010029026154767383 -0.00031809240516464588 0.00083989750474754935 -0.00025235031521401812 0.00010976398984591166
leaf_weight=96560 814 898 196 1414 467 437 286
leaf_count=96560 814 898 196 1414 467 437 286
internal_value=-1.24832e-05 -9.09564e-06 -1.56217e-05 -1.35241e-05 0.000292671 0.000124277 0.000576853
internal_weight=101072 100258 98170 97974 2088 1335 753
internal_count=101072 100258 98170 97974 2088 1335 753
is_linear=0
shrinkage=0.02


Tree=293
num_leaves=7
num_cat=0
split_feature=4 13 13 37 37 15
split_gain=0.316085 0.330905 0.370192 0.424509 0.303715 0.289381
threshold=3.9000000000000004 1.1339285714285716 1.0500000000000003 45.500000000000007 10.500000000000002 0.66563146997929612
decision_type=2 2 2 2 2 2
left_child=1 2 4 -4 -1 -2
right_child=5 -3 3 -5 -6 -7
leaf_value=-9.5852648490049613e-05 -1.0636670284726646e-05 0.0002430872529118145 0.00010313290580678123 -0.00060097957223487295 5.3350695177803039e-06 -0.00069473366522765996
leaf_weight=13825 532 2042 519 893 82745 516
leaf_count=13825 532 2042 519 893 82745 516
internal_value=-1.22358e-05 -8.50946e-06 -1.38598e-05 -0.000335321 -9.04914e-06 -0.000357669
internal_weight=101072 100024 97982 1412 96570 1048
internal_count=101072 100024 97982 1412 96570 1048
is_linear=0
shrinkage=0.02


Tree=294
num_leaves=14
num_cat=0
split_feature=14 8 37 35 14 35 37 37 35 35 35 4 35
split_gain=0.322139 0.391691 0.542792 0.607164 0.338787 0.326516 0.326179 0.275092 0.434016 0.233683 0.289557 0.221497 0.201797
threshold=0.70294117647058829 0.29166666666666669 90.500000000000014 0.1155154369440083 0.7947368421052633 0.0073801742919389511 81.500000000000014 10.500000000000002 0.32015625000000009 0.13354564755838641 0.18212530712530714 4.5500000000000007 0.012861869313482202
decision_type=2 2 2 2 2 2 2 2 2 2 2 2 2
left_child=1 7 11 -4 5 6 -2 -1 -9 12 -11 -3 -6
right_child=4 2 3 -5 9 -7 -8 8 -10 10 -12 -13 -14
leaf_value=-0.00010144697590494176 -0.00012261906979380878 4.0153583569515451e-05 0.00053953608030909137 -0.00018122161466146815 3.1031931144896588e-05 -0.00041398820920490607 0.00093722004936460182 9.6781241255118111e-06 -0.00035914458400304275 0.0004555693700382313 -5.9215848903815286e-05 -0.0012415783162470218 -0.00017939327987358242
leaf_weight=11988 769 6797 1984 586 2960 2277 134 66047 1299 761 956 52 4462
leaf_count=11988 769 6797 1984 586 2960 2277 134 66047 1299 761 956 52 4462
internal_value=-1.19915e-05 1.20053e-06 0.000123227 0.000371291 -0.000107831 -0.000286159 2.53289e-05 -1.31638e-05 2.40517e-06 -4.46367e-05 0.000163392 2.8603e-05 -9.414e-05
internal_weight=101072 88753 9419 2570 12319 3180 903 79334 67346 9139 1717 6849 7422
internal_count=101072 88753 9419 2570 12319 3180 903 79334 67346 9139 1717 6849 7422
is_linear=0
shrinkage=0.02


Tree=295
num_leaves=6
num_cat=0
split_feature=10 10 22 22 2
split_gain=0.392563 0.337058 0.265975 0.239812 0.207369
threshold=0.51923076923076927 0.4330357142857143 1.552777777777778 0.84807692307692317 1.3867521367521369
decision_type=2 2 2 2 2
left_child=1 2 -1 -3 -2
right_child=4 3 -4 -5 -6
leaf_value=9.3870683490053191e-06 -0.0012317198371657959 -5.3658391926225151e-05 -0.00029339813420077419 0.00064684685465491972 0
leaf_weight=98560 154 261 1171 560 83
leaf_count=98560 154 261 1171 560 83
internal_value=7.13149e-06 9.15397e-06 5.72581e-06 0.000412413 -0.000801999
internal_weight=100789 100552 99731 821 237
internal_count=100789 100552 99731 821 237
is_linear=0
shrinkage=0.02


Tree=296
num_leaves=2
num_cat=0
split_feature=18
split_gain=0.216247
threshold=0.62828947368421062
decision_type=2
left_child=-1
right_child=-2
leaf_value=2.1856723999515151e-05 -5.0913183232120325e-05
leaf_weight=80329 20460
leaf_count=80329 20460
internal_value=6.98462e-06
internal_weight=100789
internal_count=100789
is_linear=0
shrinkage=0.02


Tree=297
num_leaves=3
num_cat=0
split_feature=10 10
split_gain=0.37608 0.324996
threshold=0.51923076923076927 0.4330357142857143
decision_type=2 2
left_child=1 -1
right_child=-2 -3
leaf_value=5.4565522207435724e-06 -0.00078511558816023955 0.00040479997329115141
leaf_weight=99731 237 821
leaf_count=99731 237 821
internal_value=6.84293e-06 8.8246e-06
internal_weight=100789 100552
internal_count=100789 100552
is_linear=0
shrinkage=0.02


Tree=298
num_leaves=3
num_cat=0
split_feature=10 10
split_gain=0.361318 0.312148
threshold=0.51923076923076927 0.4330357142857143
decision_type=2 2
left_child=1 -1
right_child=-2 -3
leaf_value=5.347424442360887e-06 -0.00076954468585956049 0.0003967236585344753
leaf_weight=99731 237 821
leaf_count=99731 237 821
internal_value=6.70593e-06 8.65026e-06
internal_weight=100789 100552
internal_count=100789 100552
is_linear=0
shrinkage=0.02


Tree=299
num_leaves=6
num_cat=0
split_feature=10 10 22 22 10
split_gain=0.347136 0.299809 0.255482 0.230036 0.200054
threshold=0.51923076923076927 0.4330357142857143 1.552777777777778 0.84807692307692317 0.5634920634920636
decision_type=2 2 2 2 2
left_child=1 2 -1 -3 -2
right_child=4 3 -4 -5 -6
leaf_value=8.8308827070100285e-06 -0.0013340607753469925 -6.7674042834075238e-05 -0.00028792924378686551 0.00061883921115211743 -7.3768208424250287e-05
leaf_weight=98560 119 261 1171 560 118
leaf_count=98560 119 261 1171 560 118
internal_value=6.57166e-06 8.4794e-06 5.24048e-06 0.000388808 -0.000754283
internal_weight=100789 100552 99731 821 237
internal_count=100789 100552 99731 821 237
is_linear=0
shrinkage=0.02


Tree=300
num_leaves=10
num_cat=0
split_feature=37 31 37 28 37 28 37 37 22
split_gain=0.45428 0.444231 0.605135 0.543427 0.442731 0.291922 0.269869 0.524371 0.266318
threshold=137.50000000000003 3.6101161923035927 28.500000000000004 4.366666666666668 7.5000000000000009 3.1000000000000005 147.50000000000003 152.50000000000003 1.535897435897436
decision_type=2 2 2 2 2 2 2 2 2
left_child=1 8 4 -4 -3 -2 -7 -8 -1
right_child=5 2 3 -5 -6 6 7 -9 -10
leaf_value=-2.9257349609608663e-05 -0.00094672943918710259 0.00011804838214929287 0.00012709961083730062 -0.00011618439906282552 -0.00015888921113122901 -0.00032724501981478402 0.00046269568698464918 -0.000474859844008931 -0.00044066357305752878
leaf_weight=53724 224 3248 28123 4180 7742 1850 587 394 639
leaf_count=53724 224 3248 28123 4180 7742 1850 587 394 639
internal_value=-3.75193e-06 3.66244e-06 5.15536e-05 9.53039e-05 -7.61263e-05 -0.000243878 -0.000184107 7.57714e-05 -3.42931e-05
internal_weight=100711 97656 43293 32303 10990 3055 2831 981 54363
internal_count=100711 97656 43293 32303 10990 3055 2831 981 54363
is_linear=0
shrinkage=0.02


Tree=301
num_leaves=11
num_cat=0
split_feature=37 18 19 28 19 28 23 22 23 28
split_gain=0.436567 0.431471 0.733253 0.490909 0.336585 0.305609 0.366063 0.348841 0.30423 0.217121
threshold=137.50000000000003 1.0250000000000001 0.76618139924591555 3.5500000000000003 1.0061728395061731 4.2250000000000005 1.4010309278350517 1.552777777777778 1.148267622461171 3.1000000000000005
decision_type=2 2 2 2 2 2 2 2 2 2
left_child=1 5 3 -3 -4 7 -7 -1 9 -2
right_child=8 2 4 -5 -6 6 -8 -9 -10 -11
leaf_value=1.3776534154277858e-05 -0.00095245739792665222 0 -0.00031526722400993494 0.0022347183700538041 0.00070010985622848327 -0.00016440447647487599 0.00066570779446650438 -0.00034725511897623873 0.00028502035342358253 -0.00025675666029959031
leaf_weight=89549 207 55 306 130 219 6103 214 1080 368 2480
leaf_count=89549 207 55 306 130 219 6103 214 1080 368 2480
internal_value=-3.68356e-06 3.58285e-06 0.000494126 0.00157324 9.03643e-05 0 -0.000134499 9.35632e-06 -0.000239083 -0.000314739
internal_weight=100711 97656 710 185 525 96946 6317 90629 3055 2687
internal_count=100711 97656 710 185 525 96946 6317 90629 3055 2687
is_linear=0
shrinkage=0.02


Tree=302
num_leaves=12
num_cat=0
split_feature=37 31 37 18 37 19 19 23 17 19 28
split_gain=0.419329 0.429526 0.582325 0.514592 0.423784 0.333472 0.32387 0.292538 0.825529 0.258986 0.208331
threshold=137.50000000000003 3.6101161923035927 28.500000000000004 1.0250000000000001 7.5000000000000009 0.50671171171171181 0.68076166636867519 1.148267622461171 0.38750000000000007 0.5052088985349974 3.1000000000000005
decision_type=2 2 2 2 2 2 2 2 2 2 2
left_child=1 5 4 -4 -3 9 -7 10 -9 -1 -2
right_child=7 2 3 -5 -6 6 -8 8 -10 -11 -12
leaf_value=-1.1451042485953668e-05 -0.00093359056646316249 0.00011529953958896491 8.431272864404304e-05 0.0008157922922806582 -0.00015561867657806416 -0.0001912559120254288 6.4636649081550277e-05 0.0025713577700985802 -8.0168386394122856e-05 0.00089584723942809645 -0.00025162566547776594
leaf_weight=43220 207 3248 31912 391 7742 8511 2508 52 316 124 2480
leaf_count=43220 207 3248 31912 391 7742 8511 2508 52 316 124 2480
internal_value=-3.60732e-06 3.51217e-06 5.06057e-05 9.35262e-05 -7.4635e-05 -3.38082e-05 -0.000132104 -0.000234313 0.000279351 -8.5835e-06 -0.000308537
internal_weight=100711 97656 43293 32303 10990 54363 11019 3055 368 43344 2687
internal_count=100711 97656 43293 32303 10990 54363 11019 3055 368 43344 2687
is_linear=0
shrinkage=0.02


Tree=303
num_leaves=12
num_cat=0
split_feature=18 28 28 31 22 19 19 28 28 31 18
split_gain=0.302349 0.395864 0.620184 0.620938 0.482799 0.320258 0.999448 0.574503 0.392612 0.321846 0.27413
threshold=0.87867647058823539 4.2250000000000005 4.1000000000000005 3.6677282377919327 1.552777777777778 0.85767590618336897 0.83388520971302438 4.1000000000000005 3.9000000000000004 4.2896643783371493 0.46410256410256417
decision_type=2 2 2 2 2 2 2 2 2 2 2
left_child=1 2 4 -4 -1 6 7 -2 -8 -7 -3
right_child=5 10 3 -5 -6 9 8 -9 -10 -11 -12
leaf_value=-9.7214822301092318e-06 0.00044346298992104394 3.7245234686946661e-05 -0.00013113070970810988 0.00028360471177946622 -0.00045933307748872879 -0.00015540474346985265 0.0030071962386369706 -0.00029342215408881506 0.00062221702955224942 0.0011809547069041354 -0.00024996767892469476
leaf_weight=82763 1349 1822 1916 5525 966 1156 73 598 66 74 4403
leaf_count=82763 1349 1822 1916 5525 966 1156 73 598 66 74 4403
internal_value=-3.53203e-06 -1.00253e-05 4.02993e-07 0.000175463 -1.5039e-05 0.00018406 0.000335688 0.000211937 0.00197057 -6.51024e-05 -0.000164312
internal_weight=100711 97395 91170 7441 83729 3316 2086 1947 139 1230 6225
internal_count=100711 97395 91170 7441 83729 3316 2086 1947 139 1230 6225
is_linear=0
shrinkage=0.02


Tree=304
num_leaves=10
num_cat=0
split_feature=37 31 22 19 19 37 37 19 31
split_gain=0.403823 0.407183 0.359429 0.320472 0.310018 0.25846 0.431478 0.248757 0.22709
threshold=137.50000000000003 3.6101161923035927 0.40588235294117653 0.50671171171171181 0.68076166636867519 147.50000000000003 152.50000000000003 0.5052088985349974 3.6217351805587104
decision_type=2 2 2 2 2 2 2 2 2
left_child=1 3 -3 7 -5 -2 -7 -1 -4
right_child=5 2 8 4 -6 6 -8 -9 -10
leaf_value=-1.0889211605697696e-05 -0.00036219214472917857 -0.00019492659296377855 0.0003640061449992549 -0.00018704614221864171 6.3258191503851537e-05 0.00035521051408088339 -0.0004752499038312972 0.00087832678227670621 5.5396808513445663e-05
leaf_weight=43220 2015 2261 989 8511 2508 629 411 124 40043
leaf_count=43220 2015 2261 989 8511 2508 629 411 124 40043
internal_value=-3.4577e-06 3.52707e-06 4.93816e-05 -3.28066e-05 -0.000129167 -0.00022986 1.71398e-05 -8.0742e-06 6.30963e-05
internal_weight=100711 97656 43293 54363 11019 3055 1040 43344 41032
internal_count=100711 97656 43293 54363 11019 3055 1040 43344 41032
is_linear=0
shrinkage=0.02


Tree=305
num_leaves=10
num_cat=0
split_feature=29 15 15 5 5 28 2 2 5
split_gain=0.229575 0.528818 0.524954 0.423658 0.25506 0.240266 0.267662 0.275003 0.228846
threshold=3.4722222222222228 0.83386411889596623 0.89492086860507924 3.183333333333334 0.35416666666666669 4.291666666666667 1.0250000000000001 1.4142156862745101 1.6833333333333336
decision_type=2 2 2 2 2 2 2 2 2
left_child=1 3 8 4 -1 -2 -7 -8 -3
right_child=5 2 -4 -5 -6 6 7 -9 -10
leaf_value=0.00015408680055558534 4.677657882719396e-05 0.00032481607763057061 0.00016750736409657329 0.0016924423631280662 -5.6753594275407967e-05 8.1295741997825297e-05 -0.00024708114547820453 0.00019194650025909928 0.0017810801250471486
leaf_weight=2416 51837 92 976 54 38544 2510 3589 651 137
leaf_count=2416 51837 92 976 54 38544 2510 3589 651 137
internal_value=6.33678e-06 -2.90931e-05 0.000382705 -4.14537e-05 -4.40663e-05 3.20391e-05 -7.96375e-05 -0.000177258 0.0012472
internal_weight=100806 42219 1205 41014 40960 58587 6750 4240 229
internal_count=100806 42219 1205 41014 40960 58587 6750 4240 229
is_linear=0
shrinkage=0.02


Tree=306
num_leaves=11
num_cat=0
split_feature=31 2 5 5 15 5 19 19 5 5
split_gain=0.376583 0.418981 0.430391 0.459128 0.371499 0.511037 0.617584 0.388712 0.336789 0.21129
threshold=3.6618176047397379 1.0645833333333337 3.7750000000000004 3.6333333333333337 0.80064102564102579 2.183333333333334 0.47659900700934582 0.42124060150375936 1.4142857142857144 2.683333333333334
decision_type=2 2 2 2 2 2 2 2 2 2
left_child=4 9 3 -3 7 -6 -7 -1 -9 -2
right_child=1 2 -4 -5 5 6 -8 8 -10 -11
leaf_value=1.1937469039546798e-05 9.3234745820141779e-05 -3.1963856412048895e-05 0.0009553938158920833 -0.0015836353135573399 0 0.0027779498452490028 0.00049627380483355872 -0.00015953094833497154 -1.4660801161880954e-05 0.00046052930636362533
leaf_weight=32066 24745 15191 173 75 1141 53 590 13829 12286 657
leaf_count=32066 24745 15191 173 75 1141 53 590 13829 12286 657
internal_value=6.22161e-06 5.314e-05 -2.85197e-05 -4.04484e-05 -2.55675e-05 0.000257898 0.000707878 -3.44398e-05 -9.17649e-05 0.000103164
internal_weight=100806 40841 15439 15266 59965 1784 643 58181 26115 25402
internal_count=100806 40841 15439 15266 59965 1784 643 58181 26115 25402
is_linear=0
shrinkage=0.02


Tree=307
num_leaves=5
num_cat=0
split_feature=13 2 2 2
split_gain=0.273086 0.34862 0.383541 0.316766
threshold=1.1833333333333336 1.0250000000000001 1.0801282051282053 1.3867521367521369
decision_type=2 2 2 2
left_child=-1 -2 -3 -4
right_child=1 2 3 -5
leaf_value=8.6607277942650766e-07 -0.0001101677825383448 0.0012469702272515021 5.42024084614376e-05 0.00072147149836348601
leaf_weight=98415 811 189 965 426
leaf_count=98415 811 189 965 426
internal_value=6.10115e-06 0.00021722 0.000391514 0.000266478
internal_weight=100806 2391 1580 1391
internal_count=100806 2391 1580 1391
is_linear=0
shrinkage=0.02


Tree=308
num_leaves=10
num_cat=0
split_feature=31 15 19 19 19 19 31 34 15
split_gain=0.360273 0.356137 0.373776 0.309798 0.984111 0.269223 0.257883 0.251818 0.208384
threshold=3.6618176047397379 0.80064102564102579 0.42124060150375936 0.59763106251752185 0.63665315576143611 0.36269123033828921 3.2862394957983194 1.0000000180025095e-35 0.8185736677115989
decision_type=2 2 2 2 2 2 2 2 2
left_child=1 2 -1 -2 7 -3 -4 -5 -7
right_child=3 5 6 4 -6 8 -8 -9 -10
leaf_value=1.1675106808756956e-05 9.2057633398511947e-05 -0.00035099133507659038 -0.00018025771471170279 -0.00056123619797673917 7.284658414310124e-05 0.0011123337830815996 -4.5282015636112167e-05 -0.00018953479339344132 0.00026903102583919014
leaf_weight=32066 26691 238 8578 1136 10584 138 17537 2430 1408
leaf_count=32066 26691 238 8578 1136 10584 138 17537 2430 1408
internal_value=5.98385e-06 -2.5107e-05 -3.37971e-05 5.1877e-05 -2.3211e-05 0.00025242 -9.00108e-05 -0.000310996 0.000352106
internal_weight=100806 59965 58181 40841 14150 1784 26115 3566 1546
internal_count=100806 59965 58181 40841 14150 1784 26115 3566 1546
is_linear=0
shrinkage=0.02


Tree=309
num_leaves=4
num_cat=0
split_feature=2 2 2
split_gain=0.213573 0.212401 0.222769
threshold=1.8875000000000002 1.6055555555555558 1.4852941176470591
decision_type=2 2 2
left_child=1 2 -1
right_child=-2 -3 -4
leaf_value=3.3934661554554216e-06 0.00079832985394579523 -0.00049693825787731579 0.00030496397763340311
leaf_weight=99349 134 334 989
leaf_count=99349 134 334 989
internal_value=5.86228e-06 4.6923e-06 6.47163e-06
internal_weight=100806 100672 100338
internal_count=100806 100672 100338
is_linear=0
shrinkage=0.02


Tree=310
num_leaves=5
num_cat=0
split_feature=26 19 19 19
split_gain=0.270461 0.453881 0.248833 0.244323
threshold=0.89444444444444449 0.77091284987277364 0.60063291139240516 0.64014388489208651
decision_type=2 2 2 2
left_child=-1 2 -2 -4
right_child=1 -3 3 -5
leaf_value=-1.3524984628940317e-05 0.00020054260434691838 -0.00030344430869445204 0.0021409255310670654 0.00066290608038091004
leaf_weight=100019 391 318 65 286
leaf_count=100019 391 318 65 286
internal_value=-1.00584e-05 0.000307034 0.000582221 0.000975521
internal_weight=101079 1060 742 351
internal_count=101079 1060 742 351
is_linear=0
shrinkage=0.02


Tree=311
num_leaves=7
num_cat=0
split_feature=18 18 20 20 20 20
split_gain=0.387373 0.549621 0.260771 0.212577 0.361108 0.208155
threshold=1.1055555555555558 1.0954545454545457 1.9000000000000001 0.90000000000000013 0.36666666666666675 2.1000000000000005
decision_type=2 2 2 2 2 2
left_child=1 2 -1 4 -2 -4
right_child=3 -3 5 -5 -6 -7
leaf_value=-1.3490967137157602e-05 0.00021170212754181454 0.0011633469657972456 0.00042463909285114592 0 -0.0015161306258024915 -4.5600777713830724e-05
leaf_weight=99034 54 158 981 134 166 552
leaf_count=99034 54 158 981 134 166 552
internal_value=-9.85221e-06 -7.42401e-06 -9.38593e-06 -0.000668742 -0.00104889 0.000248962
internal_weight=101079 100725 100567 354 220 1533
internal_count=101079 100725 100567 354 220 1533
is_linear=0
shrinkage=0.02


Tree=312
num_leaves=7
num_cat=0
split_feature=18 18 20 20 20 20
split_gain=0.371886 0.52813 0.25022 0.203542 0.348027 0.200173
threshold=1.1055555555555558 1.0954545454545457 1.9000000000000001 0.90000000000000013 0.36666666666666675 2.1000000000000005
decision_type=2 2 2 2 2 2
left_child=1 2 -1 4 -2 -4
right_child=3 -3 5 -5 -6 -7
leaf_value=-1.322115162702934e-05 0.0002076192812195846 0.0011403708625584842 0.00041616358492042134 0 -0.0014861689774053439 -4.469205205083324e-05
leaf_weight=99034 54 158 981 134 166 552
leaf_count=99034 54 158 981 134 166 552
internal_value=-9.65413e-06 -7.27294e-06 -9.19807e-06 -0.000655245 -0.00102725 0.000243863
internal_weight=101079 100725 100567 354 220 1533
internal_count=101079 100725 100567 354 220 1533
is_linear=0
shrinkage=0.02


Tree=313
num_leaves=4
num_cat=0
split_feature=26 20 20
split_gain=0.259262 0.202407 0.214704
threshold=0.89444444444444449 1.9000000000000001 2.1000000000000005
decision_type=2 2 2
left_child=1 -1 -3
right_child=-2 2 -4
leaf_value=-1.6466766104191981e-05 0.00030100111851359939 0.00039909069470059013 -8.4572186435226106e-05
leaf_weight=98516 1060 957 546
leaf_count=98516 1060 957 546
internal_value=-9.46001e-06 -1.28562e-05 0.000216865
internal_weight=101079 100019 1503
internal_count=101079 100019 1503
is_linear=0
shrinkage=0.02


Tree=314
num_leaves=5
num_cat=0
split_feature=18 18 19 20
split_gain=0.358306 0.506442 0.309947 0.231105
threshold=1.1055555555555558 1.0954545454545457 0.90940656565656586 1.9000000000000001
decision_type=2 2 2 2
left_child=1 3 -2 -1
right_child=2 -3 -4 -5
leaf_value=-1.2686836665166041e-05 -0.0012482922721183164 0.0011169038796797395 -9.1894588473698368e-06 0.00023437392716493203
leaf_weight=99034 172 158 182 1533
leaf_count=99034 172 158 182 1533
internal_value=-9.26859e-06 -6.92947e-06 -0.00064296 -8.81673e-06
internal_weight=101079 100725 354 100567
internal_count=101079 100725 354 100567
is_linear=0
shrinkage=0.02


Tree=315
num_leaves=5
num_cat=0
split_feature=19 19 19 19
split_gain=0.21337 0.297336 0.256494 0.231893
threshold=0.64014388489208651 0.77091284987277364 1.2071428571428573 0.37087712939470829
decision_type=2 2 2 2
left_child=3 -2 -3 -1
right_child=1 2 -4 -5
leaf_value=3.1783764198789431e-05 0.00013545363893810677 -9.4046669417326286e-05 0.00044624259104331337 -3.8345343108835133e-05
leaf_weight=27567 9234 4792 373 59060
leaf_count=27567 9234 4792 373 59060
internal_value=-3.96895e-06 6.7185e-05 -5.29357e-05 -1.59128e-05
internal_weight=101026 14399 5165 86627
internal_count=101026 14399 5165 86627
is_linear=0
shrinkage=0.02


Tree=316
num_leaves=8
num_cat=0
split_feature=2 10 22 10 22 22 22
split_gain=0.308961 0.413068 0.392884 0.289029 0.401996 0.245025 0.21613
threshold=1.4472222222222224 0.51923076923076927 0.97500000000000009 0.4330357142857143 0.84807692307692317 0.8973684210526317 0.36038961038961043
decision_type=2 2 2 2 2 2 2
left_child=1 3 5 6 -5 -2 -1
right_child=2 -3 -4 4 -6 -7 -8
leaf_value=-0.00014438545654520536 0.00027454432906705902 -0.0009804027472223554 -0.00034292115807533265 -0.00035070210617250172 0.00069980490231231259 0.0011065584288111755 -3.6179893512835726e-06
leaf_weight=4586 1619 173 373 189 504 166 93416
leaf_count=4586 1619 173 373 189 504 166 93416
internal_value=-3.88542e-06 -9.15221e-06 0.000232566 -7.32858e-06 0.00039873 0.000358667 -1.031e-05
internal_weight=101026 98868 2158 98695 693 1785 98002
internal_count=101026 98868 2158 98695 693 1785 98002
is_linear=0
shrinkage=0.02


Tree=317
num_leaves=8
num_cat=0
split_feature=2 10 22 10 22 22 22
split_gain=0.296789 0.396887 0.37775 0.277224 0.38656 0.235128 0.207565
threshold=1.4472222222222224 0.51923076923076927 0.97500000000000009 0.4330357142857143 0.84807692307692317 0.8973684210526317 0.36038961038961043
decision_type=2 2 2 2 2 2 2
left_child=1 3 5 6 -5 -2 -1
right_child=2 -3 -4 4 -6 -7 -8
leaf_value=-0.00014149900943969735 0.00026906022088421782 -0.00096101877263614105 -0.00033609931449095408 -0.00034376150104387896 0.00068586411712904692 0.0010846907175367788 -3.5456302549148708e-06
leaf_weight=4586 1619 173 373 189 504 166 93416
leaf_count=4586 1619 173 373 189 504 166 93416
internal_value=-3.80959e-06 -8.97353e-06 0.000227934 -7.18395e-06 0.000390487 0.000351637 -1.01059e-05
internal_weight=101026 98868 2158 98695 693 1785 98002
internal_count=101026 98868 2158 98695 693 1785 98002
is_linear=0
shrinkage=0.02


Tree=318
num_leaves=5
num_cat=0
split_feature=10 10 13 19
split_gain=0.237404 0.299065 0.282302 0.220426
threshold=0.51923076923076927 0.55277777777777792 1.1055555555555558 0.36018018018018022
decision_type=2 2 2 2
left_child=2 -2 -1 -4
right_child=1 -3 3 -5
leaf_value=-7.3635820572707343e-06 -0.001340206087877353 0 -0.00056355047942131993 0.00026636659932174678
leaf_weight=98473 118 122 127 2186
leaf_count=98473 118 122 127 2186
internal_value=-3.73528e-06 -0.000629549 -2.13336e-06 0.000216031
internal_weight=101026 240 100786 2313
internal_count=101026 240 100786 2313
is_linear=0
shrinkage=0.02


Tree=319
num_leaves=4
num_cat=0
split_feature=2 10 10
split_gain=0.284516 0.369718 0.264013
threshold=1.4472222222222224 0.51923076923076927 0.4330357142857143
decision_type=2 2 2
left_child=1 2 -1
right_child=-2 -3 -4
leaf_value=-9.8427573192257545e-06 0.00022323768178897878 -0.00092762040921619965 0.00038108371852113186
leaf_weight=98002 2158 173 693
leaf_count=98002 2158 173 693
internal_value=-3.66153e-06 -8.71963e-06 -6.98883e-06
internal_weight=101026 98868 98695
internal_count=101026 98868 98695
is_linear=0
shrinkage=0.02


Tree=320
num_leaves=2
num_cat=0
split_feature=11
split_gain=0.323793
threshold=0.033012442103351157
decision_type=2
left_child=-1
right_child=-2
leaf_value=-7.4597671588524529e-05 1.9092790489358114e-05
leaf_weight=17929 83123
leaf_count=17929 83123
internal_value=2.3698e-06
internal_weight=101052
internal_count=101052
is_linear=0
shrinkage=0.02


Tree=321
num_leaves=3
num_cat=0
split_feature=23 37
split_gain=0.262841 0.208421
threshold=0.52189897698209731 12.500000000000002
decision_type=2 2
left_child=-1 -2
right_child=1 -3
leaf_value=-8.1415889485097426e-05 -6.4624061508068492e-05 2.6797356703671433e-05
leaf_weight=13023 11419 76610
leaf_count=13023 11419 76610
internal_value=2.3204e-06 1.48235e-05
internal_weight=101052 88029
internal_count=101052 88029
is_linear=0
shrinkage=0.02


Tree=322
num_leaves=5
num_cat=0
split_feature=11 3 3 3
split_gain=0.30395 0.209302 0.308567 0.277182
threshold=0.033012442103351157 1.148267622461171 1.2730303030303032 1.2862679955703216
decision_type=2 2 2 2
left_child=-1 -2 -3 -4
right_child=1 2 3 -5
leaf_value=-7.229841695646056e-05 2.8765435255252182e-05 -0.00017446453011677008 0.00072616167877229956 2.0089808145341168e-05
leaf_weight=17929 75352 5000 246 2525
leaf_count=17929 75352 5000 246 2525
internal_value=2.26999e-06 1.84755e-05 -7.9997e-05 8.68572e-05
internal_weight=101052 83123 7771 2771
internal_count=101052 83123 7771 2771
is_linear=0
shrinkage=0.02


Tree=323
num_leaves=5
num_cat=0
split_feature=11 3 3 3
split_gain=0.291934 0.200828 0.296617 0.266212
threshold=0.033012442103351157 1.148267622461171 1.2730303030303032 1.2862679955703216
decision_type=2 2 2 2
left_child=-1 -2 -3 -4
right_child=1 2 3 -5
leaf_value=-7.0852611855268279e-05 2.8190142372857169e-05 -0.00017097663701843712 0.00071175558222157337 1.9688331855584095e-05
leaf_weight=17929 75352 5000 246 2525
leaf_count=17929 75352 5000 246 2525
internal_value=2.2248e-06 1.81087e-05 -7.83426e-05 8.5203e-05
internal_weight=101052 83123 7771 2771
internal_count=101052 83123 7771 2771
is_linear=0
shrinkage=0.02


Tree=324
num_leaves=2
num_cat=0
split_feature=23
split_gain=0.245732
threshold=0.52189897698209731
decision_type=2
left_child=-1
right_child=-2
leaf_value=-7.8781211379050294e-05 1.427308577193628e-05
leaf_weight=13023 88029
leaf_count=13023 88029
internal_value=2.1805e-06
internal_weight=101052
internal_count=101052
is_linear=0
shrinkage=0.02


Tree=325
num_leaves=5
num_cat=0
split_feature=3 10 3 8
split_gain=0.468559 0.301709 0.269563 0.2256
threshold=1.2226219024780178 0.51923076923076927 1.2642183288409705 0.63333333333333341
decision_type=2 2 2 2
left_child=1 -1 -2 -3
right_child=2 3 -4 -5
leaf_value=1.4206270355506651e-05 -0.00043149636899128215 -1.6633027725005418e-06 -9.5574348137424396e-05 -0.0015882979533294354
leaf_weight=95453 1308 87 4015 80
leaf_count=95453 1308 87 4015 80
internal_value=2.34275e-06 1.26087e-05 -0.000180128 -0.000830701
internal_weight=100943 95620 5323 167
internal_count=100943 95620 5323 167
is_linear=0
shrinkage=0.02


Tree=326
num_leaves=10
num_cat=0
split_feature=3 9 3 23 23 23 23 23 23
split_gain=0.450181 0.341803 0.258731 0.359267 0.283553 0.474615 0.337808 0.236812 0.232297
threshold=1.2226219024780178 0.68333333333333346 1.2642183288409705 1.0159365079365081 1.129700310998021 0.93355408388520977 1.1766706682673072 0.52189897698209731 0.55597326649958234
decision_type=2 2 2 2 2 2 2 2 2
left_child=1 7 3 -2 5 -4 -6 -1 -9
right_child=2 -3 4 -5 6 -7 -8 8 -10
leaf_value=-7.1272830875563722e-05 -0.000280008339442083 -0.00096372625106698159 -4.9613624924358322e-05 -0.0012777560915650621 0.0018386179156470717 -0.00068285551052410282 0.00013599629468116604 0.00023226735807360617 2.0123816405392394e-05
leaf_weight=11426 1133 141 3026 175 55 570 364 2128 81925
leaf_count=11426 1133 141 3026 175 55 570 364 2128 81925
internal_value=2.28713e-06 1.23517e-05 -0.000176567 -0.00042288 -9.36638e-05 -0.000153092 0.000390917 1.3918e-05 2.56191e-05
internal_weight=100943 95620 5323 1308 4015 3596 419 95479 84053
internal_count=100943 95620 5323 1308 4015 3596 419 95479 84053
is_linear=0
shrinkage=0.02


Tree=327
num_leaves=4
num_cat=0
split_feature=7 23 23
split_gain=0.317846 0.239916 0.259971
threshold=2.5017985611510798 0.52189897698209731 0.55597326649958234
decision_type=2 2 2
left_child=1 -1 -3
right_child=-2 2 -4
leaf_value=-7.4670149263646095e-05 -0.0002683727322610592 0.00023226603434818948 1.3142650110627506e-05
leaf_weight=12525 1703 2229 84486
leaf_count=12525 1703 2229 84486
internal_value=2.23501e-06 6.98483e-06 1.88957e-05
internal_weight=100943 99240 86715
internal_count=100943 99240 86715
is_linear=0
shrinkage=0.02


Tree=328
num_leaves=5
num_cat=0
split_feature=7 8 23 23
split_gain=0.305276 0.239131 0.228341 0.251457
threshold=2.5017985611510798 0.77500000000000013 0.52189897698209731 0.55597326649958234
decision_type=2 2 2 2
left_child=1 2 -1 -4
right_child=-2 -3 3 -5
leaf_value=-7.026448994314537e-05 -0.00026301157002574889 -0.00037873130256666285 0.00023144537281214817 1.5434148830181298e-05
leaf_weight=12495 1703 636 2220 83889
leaf_count=12495 1703 636 2220 83889
internal_value=2.18829e-06 6.84521e-06 9.44124e-06 2.11246e-05
internal_weight=100943 99240 98604 86109
internal_count=100943 99240 98604 86109
is_linear=0
shrinkage=0.02


Tree=329
num_leaves=5
num_cat=0
split_feature=3 3 23 23
split_gain=0.419438 0.252857 0.207191 0.208191
threshold=1.2226219024780178 1.2642183288409705 0.52189897698209731 0.55597326649958234
decision_type=2 2 2 2
left_child=2 -2 -1 -4
right_child=1 -3 3 -5
leaf_value=-6.7802976427585947e-05 -0.00041392372960921464 -8.8535565423867522e-05 0.00021842325735889689 1.7597075590834747e-05
leaf_weight=11433 1308 4015 2128 82059
leaf_count=11433 1308 4015 2128 82059
internal_value=2.14038e-06 -0.000170495 1.18587e-05 2.27972e-05
internal_weight=100943 5323 95620 84187
internal_count=100943 5323 95620 84187
is_linear=0
shrinkage=0.02


Tree=330
num_leaves=4
num_cat=0
split_feature=31 27 27
split_gain=0.402464 0.487575 0.252928
threshold=3.6655913978494628 0.53873431533006011 0.82207001522070022
decision_type=2 2 2
left_child=1 -1 -2
right_child=2 -3 -4
leaf_value=-4.6978968864834752e-05 5.8799826956761644e-05 0.00013607690515750413 -0.00052095295463999106
leaf_weight=53922 40312 6502 298
leaf_count=53922 40312 6502 298
internal_value=5.5022e-06 -2.71117e-05 5.42739e-05
internal_weight=101034 60424 40610
internal_count=101034 60424 40610
is_linear=0
shrinkage=0.02


Tree=331
num_leaves=3
num_cat=0
split_feature=31 28
split_gain=0.386447 0.37117
threshold=3.6655913978494628 4.366666666666668
decision_type=2 2
left_child=-1 -2
right_child=1 -3
leaf_value=-2.65660671003643e-05 7.760461497883615e-05 -9.668813023238814e-05
leaf_weight=60424 34978 5632
leaf_count=60424 34978 5632
internal_value=5.39003e-06 5.3183e-05
internal_weight=101034 40610
internal_count=101034 40610
is_linear=0
shrinkage=0.02


Tree=332
num_leaves=5
num_cat=0
split_feature=31 23 23 23
split_gain=0.371103 0.385116 0.419205 0.255119
threshold=3.6655913978494628 1.0159365079365081 0.98561076604554876 0.97570810385523221
decision_type=2 2 2 2
left_child=-1 2 3 -2
right_child=1 -3 -4 -5
leaf_value=-2.6034763901518269e-05 2.5323068795413086e-05 0.00014112027830764153 -0.00023220681443001428 0.00049539007859516744
leaf_weight=60424 24385 13158 2595 472
leaf_count=60424 24385 13158 2595 472
internal_value=5.27825e-06 5.21144e-05 9.08164e-06 3.46904e-05
internal_weight=101034 40610 27452 24857
internal_count=101034 40610 27452 24857
is_linear=0
shrinkage=0.02


Tree=333
num_leaves=5
num_cat=0
split_feature=31 23 23 23
split_gain=0.356462 0.369814 0.402652 0.245027
threshold=3.6655913978494628 1.0159365079365081 0.98561076604554876 0.97570810385523221
decision_type=2 2 2 2
left_child=-1 2 3 -2
right_child=1 -3 -4 -5
leaf_value=-2.5514085227397632e-05 2.4816648116624823e-05 0.00013829830081108676 -0.00022756625524864412 0.00048552408201407786
leaf_weight=60424 24385 13158 2595 472
leaf_count=60424 24385 13158 2595 472
internal_value=5.17285e-06 5.10775e-05 8.90043e-06 3.40055e-05
internal_weight=101034 40610 27452 24857
internal_count=101034 40610 27452 24857
is_linear=0
shrinkage=0.02


Tree=334
num_leaves=3
num_cat=0
split_feature=31 28
split_gain=0.3424 0.35665
threshold=3.6655913978494628 4.366666666666668
decision_type=2 2
left_child=-1 -2
right_child=1 -3
leaf_value=-2.5003820789538771e-05 7.4007083219356236e-05 -9.6854798543377058e-05
leaf_weight=60424 34978 5632
leaf_count=60424 34978 5632
internal_value=5.06955e-06 5.00613e-05
internal_weight=101034 40610
internal_count=101034 40610
is_linear=0
shrinkage=0.02


Tree=335
num_leaves=5
num_cat=0
split_feature=1 31 31 31
split_gain=0.298012 0.251233 0.284006 0.364902
threshold=1.267857142857143 3.8501700680272113 3.8654654169360056 3.8754084967320264
decision_type=2 2 2 2
left_child=-1 -2 -3 -4
right_child=1 2 3 -5
leaf_value=-4.0738378699118775e-06 2.24180833098906e-05 0.00076736234376110091 -0.00061228335118956032 0.00020296389721009494
leaf_weight=87898 7302 344 223 4705
leaf_count=87898 7302 344 223 4705
internal_value=8.84553e-06 9.99393e-05 0.000205365 0.000163811
internal_weight=100472 12574 5272 4928
internal_count=100472 12574 5272 4928
is_linear=0
shrinkage=0.02


Tree=336
num_leaves=10
num_cat=0
split_feature=1 37 27 31 37 31 31 37 37
split_gain=0.286315 0.265144 0.282712 0.241193 0.353242 0.272686 0.350707 0.20295 0.266869
threshold=1.267857142857143 148.50000000000003 0.35015923566878987 3.8501700680272113 102.50000000000001 3.8654654169360056 3.8754084967320264 137.50000000000003 135.50000000000003
decision_type=2 2 2 2 2 2 2 2 2
left_child=1 7 -3 4 -2 -5 -7 8 -1
right_child=3 2 -4 5 -6 6 -8 -9 -10
leaf_value=-5.2546216289310795e-06 9.4290113331543945e-05 -0.00010174296644550783 0.00069056523559610857 0.0007521038208522893 -0.00024835087243228738 -0.00060014655540386837 0.00019890634948081061 -0.0002192369701455435 0.0005176478052245719
leaf_weight=85026 5791 268 445 344 1511 223 4705 1769 390
leaf_count=85026 5791 268 445 344 1511 223 4705 1769 390
internal_value=8.66877e-06 -3.99236e-06 0.000379318 9.79576e-05 2.19698e-05 0.00020126 0.000160491 -7.2504e-06 -2.73797e-06
internal_weight=100472 87898 713 12574 7302 5272 4928 87185 85416
internal_count=100472 87898 713 12574 7302 5272 4928 87185 85416
is_linear=0
shrinkage=0.02


Tree=337
num_leaves=9
num_cat=0
split_feature=37 37 37 31 26 26 31 31
split_gain=0.234226 0.349703 0.293699 0.278249 0.259991 0.208358 0.300499 0.205518
threshold=148.50000000000003 138.50000000000003 135.50000000000003 3.4839989759344605 0.17156862745098037 0.34166666666666673 3.7192381639029084 4.0702439692982466
decision_type=2 2 2 2 2 2 2 2
left_child=1 2 4 -3 -1 6 -2 -4
right_child=5 3 7 -5 -6 -7 -8 -9
leaf_value=-5.3458741767495601e-05 -0.001096530671579292 0.00058665482656044122 0.00029548395769910858 -0.00032967190596209909 2.5349177807608214e-05 0.00058200752150232554 0.00026794250858457465 0.0016103027355775499
leaf_weight=21477 81 134 657 1800 75452 533 283 55
leaf_count=21477 81 134 657 1800 75452 533 283 55
internal_value=8.49384e-06 5.49006e-06 1.08658e-05 -0.000260477 7.78344e-06 0.000330062 -1.27006e-05 0.000415282
internal_weight=100472 99575 97641 1934 96929 897 364 712
internal_count=100472 99575 97641 1934 96929 897 364 712
is_linear=0
shrinkage=0.02


Tree=338
num_leaves=7
num_cat=0
split_feature=1 31 31 31 27 27
split_gain=0.274534 0.231382 0.261676 0.337384 0.212926 0.280701
threshold=1.267857142857143 3.8501700680272113 3.8654654169360056 3.8754084967320264 0.51171946529939583 0.82207001522070022
decision_type=2 2 2 2 2 2
left_child=4 -2 -3 -4 -1 -6
right_child=1 2 3 -5 5 -7
leaf_value=-1.6084243463890484e-05 2.130679744382482e-05 0.00073670338623957831 -0.00058890667706727989 0.00019466694924028305 0.00011672023196815343 -0.00017685702840822775
leaf_weight=76676 7302 344 223 4705 9744 1478
leaf_count=76676 7302 344 223 4705 9744 1478
internal_value=8.32869e-06 9.57632e-05 0.000196946 0.000156956 -4.06713e-06 7.71389e-05
internal_weight=100472 12574 5272 4928 87898 11222
internal_count=100472 12574 5272 4928 87898 11222
is_linear=0
shrinkage=0.02


Tree=339
num_leaves=7
num_cat=0
split_feature=1 37 31 37 37 37
split_gain=0.263763 0.245474 0.222132 0.339005 0.259913 0.384575
threshold=1.267857142857143 148.50000000000003 3.8501700680272113 102.50000000000001 138.50000000000003 93.500000000000014
decision_type=2 2 2 2 2 2
left_child=1 -1 3 -2 5 -4
right_child=2 -3 4 -5 -6 -7
leaf_value=-7.1248839873883491e-06 9.1757575940966464e-05 0.00036481633516666771 0.00012615034140853529 -0.00024391172528857833 -0.00038717952357339007 0.00054493699892977808
leaf_weight=87185 5791 713 3812 1511 278 1182
leaf_count=87185 5791 713 3812 1511 278 1182
internal_value=8.16223e-06 -3.98582e-06 9.3865e-05 2.08808e-05 0.00019301 0.000227451
internal_weight=100472 87898 12574 7302 5272 4994
internal_count=100472 87898 12574 7302 5272 4994
is_linear=0
shrinkage=0.02


Tree=340
num_leaves=3
num_cat=0
split_feature=5 30
split_gain=0.296131 0.215365
threshold=3.8285714285714287 4.452272727272728
decision_type=2 2
left_child=1 -1
right_child=-2 -3
leaf_value=4.0148667115381975e-06 0.00072582813217776459 -0.00056039474794565536
leaf_weight=100402 225 269
leaf_count=100402 225 269
internal_value=4.12302e-06 2.39629e-06
internal_weight=100896 100671
internal_count=100896 100671
is_linear=0
shrinkage=0.02


Tree=341
num_leaves=3
num_cat=0
split_feature=5 26
split_gain=0.284505 0.237965
threshold=3.8285714285714287 0.48684210526315791
decision_type=2 2
left_child=-1 -2
right_child=1 -3
leaf_value=2.3461558638108013e-06 8.8802941472214826e-05 0.0014991350792428499
leaf_weight=100671 134 91
leaf_count=100671 134 91
internal_value=4.04063e-06 0.000711439
internal_weight=100896 225
internal_count=100896 225
is_linear=0
shrinkage=0.02


Tree=342
num_leaves=2
num_cat=0
split_feature=5
split_gain=0.274149
threshold=3.8285714285714287
decision_type=2
left_child=-1
right_child=-2
leaf_value=2.2992344509623008e-06 0.00069837156141644527
leaf_weight=100671 225
leaf_count=100671 225
internal_value=3.96441e-06
internal_weight=100896
internal_count=100896
is_linear=0
shrinkage=0.02


Tree=343
num_leaves=3
num_cat=0
split_feature=5 26
split_gain=0.263384 0.228882
threshold=3.8285714285714287 0.48684210526315791
decision_type=2 2
left_child=-1 -2
right_child=1 -3
leaf_value=2.2532504833482425e-06 7.3290944428128351e-05 0.0014561301085256762
leaf_weight=100671 134 91
leaf_count=100671 134 91
internal_value=3.88738e-06 0.000684527
internal_weight=100896 225
internal_count=100896 225
is_linear=0
shrinkage=0.02


Tree=344
num_leaves=2
num_cat=0
split_feature=26
split_gain=0.200261
threshold=0.18465909090909091
decision_type=2
left_child=-1
right_child=-2
leaf_value=-4.928112618756704e-05 1.8823321646368e-05
leaf_weight=22088 78808
leaf_count=22088 78808
internal_value=3.81421e-06
internal_weight=100896
internal_count=100896
is_linear=0
shrinkage=0.02


Tree=345
num_leaves=4
num_cat=0
split_feature=10 19 25
split_gain=0.389957 0.275243 0.259657
threshold=0.51923076923076927 0.38112367249057899 0.5634920634920636
decision_type=2 2 2
left_child=1 -1 -2
right_child=2 -3 -4
leaf_value=4.054876980330608e-05 -0.0001055423979414627 -3.1748410233446403e-05 -0.0015256662811853189
leaf_weight=29862 126 71026 111
leaf_count=29862 126 71026 111
internal_value=-1.22617e-05 -1.02496e-05 -0.000819706
internal_weight=101125 100888 237
internal_count=101125 100888 237
is_linear=0
shrinkage=0.02


Tree=346
num_leaves=3
num_cat=0
split_feature=8 19
split_gain=0.498019 0.253496
threshold=0.63333333333333341 0.38112367249057899
decision_type=2 2
left_child=1 -1
right_child=-2 -3
leaf_value=4.0881399925649635e-05 -0.00049804332702817883 -2.862905502985369e-05
leaf_weight=29817 835 70473
leaf_count=29817 835 70473
internal_value=-1.20191e-05 -7.86294e-06
internal_weight=101125 100290
internal_count=101125 100290
is_linear=0
shrinkage=0.02


Tree=347
num_leaves=8
num_cat=0
split_feature=8 3 3 10 3 3 3
split_gain=0.478337 0.298572 0.279268 0.322222 0.347204 0.235741 0.338967
threshold=0.63333333333333341 0.85530453492221137 0.77288845905867187 0.15587044534412953 0.70036496350364974 0.95017730496453912 0.90491259795057277
decision_type=2 2 2 2 2 2 2
left_child=2 -2 3 -1 -5 6 -4
right_child=1 -3 5 4 -6 -7 -8
leaf_value=1.4101999791446234e-05 -0.0013103388274382606 -0.00029020877601104359 -3.2078127768277404e-05 4.0373623708029689e-05 0.00039108696886291683 3.0150012889480352e-06 -0.00018441033617488822
leaf_weight=27140 150 685 23118 2696 2036 37372 7928
leaf_count=27140 150 685 23118 2696 2036 37372 7928
internal_value=-1.17789e-05 -0.000488106 -7.70368e-06 4.10592e-05 0.000193486 -3.05662e-05 -7.13096e-05
internal_weight=101125 835 100290 31872 4732 68418 31046
internal_count=101125 835 100290 31872 4732 68418 31046
is_linear=0
shrinkage=0.02


Tree=348
num_leaves=7
num_cat=0
split_feature=10 19 21 21 25 21
split_gain=0.368273 0.25081 0.537508 0.329474 0.249989 0.222187
threshold=0.51923076923076927 0.38112367249057899 1.4365079365079367 0.68333333333333346 0.5634920634920636 1.5857142857142861
decision_type=2 2 2 2 2 2
left_child=1 2 -1 -3 -2 -5
right_child=4 3 -4 5 -6 -7
leaf_value=2.179426152778633e-05 -9.4479862018488343e-05 3.9441493081461096e-05 0.0004693876963917755 -4.7327473546491153e-05 -0.001488502816816347 -0.0002461058020205017
leaf_weight=28745 126 19567 1117 49072 111 2387
leaf_count=28745 126 19567 1117 49072 111 2387
internal_value=-1.15419e-05 -9.58371e-06 3.89018e-05 -3.01102e-05 -0.00079621 -5.67516e-05
internal_weight=101125 100888 29862 71026 237 51459
internal_count=101125 100888 29862 71026 237 51459
is_linear=0
shrinkage=0.02


Tree=349
num_leaves=3
num_cat=0
split_feature=8 37
split_gain=0.455861 0.257399
threshold=0.63333333333333341 116.50000000000001
decision_type=2 2
left_child=1 -1
right_child=-2 -3
leaf_value=3.2754139079401449e-06 -0.00047631333503102177 -0.0001031824891148355
leaf_weight=90206 835 10084
leaf_count=90206 835 10084
internal_value=-1.13116e-05 -7.33089e-06
internal_weight=101125 100290
internal_count=101125 100290
is_linear=0
shrinkage=0.02


Tree=350
num_leaves=3
num_cat=0
split_feature=18 12
split_gain=0.225785 0.205284
threshold=0.63397129186602885 0.70833333333333337
decision_type=2 2
left_child=-1 -2
right_child=1 -3
leaf_value=2.138196602731539e-06 -2.2560313460156538e-05 -0.00015439399633086803
leaf_weight=80397 12955 7642
leaf_count=80397 12955 7642
internal_value=-1.28777e-05 -7.19696e-05
internal_weight=100994 20597
internal_count=100994 20597
is_linear=0
shrinkage=0.02


Tree=351
num_leaves=2
num_cat=0
split_feature=18
split_gain=0.216917
threshold=0.63397129186602885
decision_type=2
left_child=-1
right_child=-2
leaf_value=2.0954342081196302e-06 -7.0540254672578638e-05
leaf_weight=80397 20597
leaf_count=80397 20597
internal_value=-1.26202e-05
internal_weight=100994
internal_count=100994
is_linear=0
shrinkage=0.02


Tree=352
num_leaves=2
num_cat=0
split_feature=18
split_gain=0.20834
threshold=0.63397129186602885
decision_type=2
left_child=-1
right_child=-2
leaf_value=2.0535263677367179e-06 -6.9129586131533725e-05
leaf_weight=80397 20597
leaf_count=80397 20597
internal_value=-1.23658e-05
internal_weight=100994
internal_count=100994
is_linear=0
shrinkage=0.02


Tree=353
num_leaves=4
num_cat=0
split_feature=12 30 30
split_gain=0.2048 0.225301 0.579006
threshold=2.1000000000000005 4.1291666666666673 4.0954545454545466
decision_type=2 2 2
left_child=1 2 -1
right_child=-2 -3 -4
leaf_value=-1.3777634396013017e-05 0.00061529315576173255 -0.00013918371429136022 0.0003216302266323181
leaf_weight=93282 205 5405 2102
leaf_count=93282 205 5405 2102
internal_value=-1.21166e-05 -1.35041e-05 -6.27475e-06
internal_weight=100994 100789 95384
internal_count=100994 100789 95384
is_linear=0
shrinkage=0.02


Tree=354
num_leaves=2
num_cat=0
split_feature=18
split_gain=0.200219
threshold=0.63397129186602885
decision_type=2
left_child=-1
right_child=-2
leaf_value=2.2616545692102714e-06 -6.7520389188055891e-05
leaf_weight=80397 20597
leaf_count=80397 20597
internal_value=-1.18719e-05
internal_weight=100994
internal_count=100994
is_linear=0
shrinkage=0.02


Tree=355
num_leaves=5
num_cat=0
split_feature=20 26 26 26
split_gain=0.244864 0.267264 0.525993 0.227649
threshold=1.9000000000000001 0.13809523809523808 0.15587044534412953 0.34166666666666673
decision_type=2 2 2 2
left_child=3 -2 -3 -1
right_child=1 2 -4 -5
leaf_value=-2.0367527516639518e-05 -0.0003350356013714513 0.0018536151913197145 0.00025615760576606488 4.0506602708124472e-05
leaf_weight=55910 235 90 1205 43731
leaf_count=55910 235 90 1205 43731
internal_value=1.02102e-05 0.0002613 0.000377575 6.24917e-06
internal_weight=101171 1530 1295 99641
internal_count=101171 1530 1295 99641
is_linear=0
shrinkage=0.02


Tree=356
num_leaves=6
num_cat=0
split_feature=10 26 26 20 20
split_gain=0.280344 0.260619 0.245122 0.221177 0.267495
threshold=0.51923076923076927 0.39444444444444454 0.34166666666666673 0.90000000000000013 1.0000000180025095e-35
decision_type=2 2 2 2 2
left_child=2 -2 -1 4 -4
right_child=1 -3 3 -5 -6
leaf_value=-1.5701981199226274e-05 5.4259019875034849e-05 -0.0011937125117186733 -0.00026541505183272178 -1.1396932777850301e-06 0.00010084529180485423
leaf_weight=56615 95 147 810 20276 23228
leaf_count=56615 95 147 810 20276 23228
internal_value=1.00067e-05 -0.000666394 1.17408e-05 4.70261e-05 8.80665e-05
internal_weight=101171 242 100929 44314 24038
internal_count=101171 242 100929 44314 24038
is_linear=0
shrinkage=0.02


Tree=357
num_leaves=9
num_cat=0
split_feature=3 26 3 3 3 3 3 3
split_gain=0.275893 0.309249 0.248593 0.223224 0.361225 0.304333 0.432916 0.207479
threshold=1.0836021505376345 0.13809523809523808 1.2730303030303032 1.0093898783283375 1.0116963064295488 0.90294884799304453 0.89753684635574416 1.2862679955703216
decision_type=2 2 2 2 2 2 2 2
left_child=3 -2 -3 5 -5 6 -1 -4
right_child=1 2 7 4 -6 -7 -8 -9
leaf_value=2.862407027689746e-05 -0.00034439871571983354 -8.5038092317169501e-05 0.00066367392149184923 0.0008030948386549548 8.9832446227844053e-05 -5.3512844134392952e-05 0.00044601997519928447 6.3402041877676986e-05
leaf_weight=53866 1471 10695 255 295 9985 20604 1015 2985
leaf_count=53866 1471 10695 255 295 9985 20604 1015 2985
internal_value=9.80013e-06 -6.79521e-05 -3.80072e-05 2.38846e-05 0.000111425 1.18277e-05 3.65418e-05 0.00011411
internal_weight=101171 15406 13935 85765 10280 75485 54881 3240
internal_count=101171 15406 13935 85765 10280 75485 54881 3240
is_linear=0
shrinkage=0.02


Tree=358
num_leaves=7
num_cat=0
split_feature=3 16 16 3 3 3
split_gain=0.264928 0.47173 0.344848 0.22945 0.342131 0.277469
threshold=1.0836021505376345 0.77500000000000013 1.6333333333333335 1.0093898783283375 1.0116963064295488 0.90294884799304453
decision_type=2 2 2 2 2 2
left_child=2 -2 3 5 -5 -1
right_child=1 -3 -4 4 -6 -7
leaf_value=3.6159788533234758e-05 -0.00015493188626096395 7.139877603955103e-05 -0.001247573527343133 0.0007871410807575842 9.2552231934290964e-05 -4.9880966370250081e-05
leaf_weight=54862 9436 5970 83 295 9962 20563
leaf_count=54862 9436 5970 83 295 9962 20563
internal_value=9.60871e-06 -6.65793e-05 2.34122e-05 2.47892e-05 0.000113654 1.25694e-05
internal_weight=101171 15406 85765 85682 10257 75425
internal_count=101171 15406 85765 85682 10257 75425
is_linear=0
shrinkage=0.02


Tree=359
num_leaves=9
num_cat=0
split_feature=10 26 26 3 20 3 3 3
split_gain=0.267364 0.251432 0.234748 0.260602 0.468937 0.306571 0.240042 0.338851
threshold=0.51923076923076927 0.39444444444444454 0.34166666666666673 0.90294884799304453 1.1000000000000003 0.89198911141357196 1.0836021505376345 1.0313730314960632
decision_type=2 2 2 2 2 2 2 2
left_child=2 -2 6 5 -5 -4 7 -1
right_child=1 -3 3 4 -6 -7 -8 -9
leaf_value=-1.4080438808630934e-05 5.5158084508070005e-05 -0.0011693262008812605 7.7654842336214884e-05 5.2390482274216491e-05 -0.00015481464611350666 0.00043277604173125274 -0.00011946640323108273 0.00018923481224272367
leaf_weight=45375 95 147 20714 16645 5920 1035 7708 3532
leaf_count=45375 95 147 20714 16645 5920 1035 7708 3532
internal_value=9.41636e-06 -0.000651145 1.11121e-05 4.56453e-05 -1.53622e-06 9.50525e-05 -1.57419e-05 4.05401e-07
internal_weight=101171 242 100929 44314 22565 21749 56615 48907
internal_count=101171 242 100929 44314 22565 21749 56615 48907
is_linear=0
shrinkage=0.02


Tree=360
num_leaves=4
num_cat=0
split_feature=24 22 22
split_gain=0.329126 0.267779 0.380595
threshold=0.90000000000000013 1.4522727272727274 1.5941176470588239
decision_type=2 2 2
left_child=1 -1 -3
right_child=-2 2 -4
leaf_value=1.1249077511578626e-05 -0.00016021116261921315 0.00049167746178983699 -1.8114814316224301e-05
leaf_weight=94644 4399 1129 1140
leaf_count=94644 4399 1129 1140
internal_value=8.73513e-06 1.65101e-05 0.000231352
internal_weight=101312 96913 2269
internal_count=101312 96913 2269
is_linear=0
shrinkage=0.02


Tree=361
num_leaves=6
num_cat=0
split_feature=24 30 22 22 0
split_gain=0.316107 0.25874 0.242579 0.345183 0.236658
threshold=0.90000000000000013 3.1464285714285718 1.4721362229102171 1.5941176470588239 1.1000000000000003
decision_type=2 2 2 2 2
left_child=1 -1 -3 -4 -2
right_child=4 2 3 -5 -6
leaf_value=-4.4760889412425699e-05 -0.00024565093943865884 2.7488015626158616e-05 0.00050352814560177905 0 8.1331123345086665e-05
leaf_weight=21533 3237 73278 1045 1057 1162
leaf_count=21533 3237 73278 1045 1057 1162
internal_value=8.55858e-06 1.61801e-05 3.37219e-05 0.000246056 -0.000157008
internal_weight=101312 96913 75380 2102 4399
internal_count=101312 96913 75380 2102 4399
is_linear=0
shrinkage=0.02


Tree=362
num_leaves=7
num_cat=0
split_feature=24 30 15 15 15 15
split_gain=0.303434 0.248513 0.243134 0.303044 0.229674 0.310211
threshold=0.90000000000000013 3.1464285714285718 0.46885775862068974 0.57189849624060163 0.14339826839826839 0.19929078014184398
decision_type=2 2 2 2 2 2
left_child=1 2 -1 -4 -3 -6
right_child=-2 4 3 -5 5 -7
leaf_value=-1.2759600572729448e-05 -0.00015382428569526624 0.00019676312788398663 -0.00035211709763092422 7.9543481542132077e-06 -0.00030921629247552342 3.0681262459935627e-05
leaf_weight=17856 4399 3294 2070 1607 1084 71002
leaf_count=17856 4399 3294 2070 1607 1084 71002
internal_value=8.38566e-06 1.58548e-05 -4.38658e-05 -0.000192114 3.30479e-05 2.54229e-05
internal_weight=101312 96913 21533 3677 75380 72086
internal_count=101312 96913 21533 3677 75380 72086
is_linear=0
shrinkage=0.02


Tree=363
num_leaves=7
num_cat=0
split_feature=4 26 15 26 26 26
split_gain=0.299456 0.401909 0.323712 0.225082 0.465789 0.212913
threshold=4.4500000000000011 0.29705882352941176 1.5192307692307694 1.2250000000000003 1.0250000000000001 0.26491228070175438
decision_type=2 2 2 2 2 2
left_child=2 -2 3 4 -1 -4
right_child=1 -3 5 -5 -6 -7
leaf_value=1.1297776478432887e-05 0.00034385238792382036 -0.0011337823948813874 -1.3369707752474777e-05 -0.0010742092701165301 0.0010820477931228884 -0.0011835544114311535
leaf_weight=100488 100 204 137 74 161 148
leaf_count=100488 100 204 137 74 161 148
internal_value=8.21377e-06 -0.000615968 1.02035e-05 1.22119e-05 1.31314e-05 -0.000659901
internal_weight=101312 304 101008 100723 100649 285
internal_count=101312 304 101008 100723 100649 285
is_linear=0
shrinkage=0.02


Tree=364
num_leaves=5
num_cat=0
split_feature=24 22 22 30
split_gain=0.291539 0.245777 0.352674 0.20184
threshold=0.90000000000000013 1.4522727272727274 1.5941176470588239 3.1464285714285718
decision_type=2 2 2 2
left_child=1 3 -3 -1
right_child=-2 2 -4 -5
leaf_value=-4.3571929145276425e-05 -0.00015095214466328405 0.00047182805487057681 -1.8655751259335286e-05 2.6184467434317739e-05
leaf_weight=21376 4399 1129 1140 73268
leaf_count=21376 4399 1129 1140 73268
internal_value=8.04477e-06 1.5368e-05 0.000221194 1.03233e-05
internal_weight=101312 96913 2269 94644
internal_count=101312 96913 2269 94644
is_linear=0
shrinkage=0.02


Tree=365
num_leaves=6
num_cat=0
split_feature=19 27 25 27 27
split_gain=0.282445 0.554853 0.310911 0.266095 0.469181
threshold=0.40924344112263583 0.6407008495145633 0.47222222222222227 0.59022085610200381 0.57787971457696241
decision_type=2 2 2 2 2
left_child=-1 3 -3 4 -2
right_child=1 2 -4 -5 -6
leaf_value=4.8959642795238068e-05 -3.4899699208011205e-05 0.00063969859038065329 0.00012806686642579735 -0.00026602428883495857 0.00050793173551745129
leaf_weight=36249 57793 560 3838 1966 640
leaf_count=36249 57793 560 3838 1966 640
internal_value=4.17279e-06 -2.07285e-05 0.000195747 -3.66628e-05 -2.87659e-05
internal_weight=101046 64797 4398 60399 58433
internal_count=101046 64797 4398 60399 58433
is_linear=0
shrinkage=0.02


Tree=366
num_leaves=11
num_cat=0
split_feature=19 27 11 11 25 11 11 11 11 11
split_gain=0.271211 0.533145 0.425535 0.305094 0.298461 0.648454 0.282166 0.273417 0.229066 0.217793
threshold=0.40924344112263583 0.6407008495145633 0.033012442103351157 0.11466871584699452 0.47222222222222227 0.20993827160493828 0.14239631336405525 0.14826762246117084 0.1155154369440083 0.037175234936428908
decision_type=2 2 2 2 2 2 2 2 2 2
left_child=2 3 -1 -2 5 -3 9 -8 -5 -4
right_child=1 4 6 8 -6 -7 7 -9 -10 -11
leaf_value=-4.5432490407639277e-05 -9.4390136185277271e-05 7.1646873602422618e-05 0.00049861500129497627 0.00052240312954810451 0.00012550686264876275 0.0015094428473994845 -0.00037632814812277099 2.7733702265604705e-05 -5.9685678184903625e-06 0.00011850307706846602
leaf_weight=12586 22442 352 641 329 3838 208 807 3721 37628 18494
leaf_count=12586 22442 352 641 329 3838 208 807 3721 37628 18494
internal_value=4.09172e-06 -2.03071e-05 4.79805e-05 -3.59294e-05 0.000191885 0.00062695 9.80877e-05 -4.22068e-05 -1.09807e-06 0.00013181
internal_weight=101046 64797 36249 60399 4398 560 23663 4528 37957 19135
internal_count=101046 64797 36249 60399 4398 560 23663 4528 37957 19135
is_linear=0
shrinkage=0.02


Tree=367
num_leaves=11
num_cat=0
split_feature=3 19 34 3 11 3 11 27 3 3
split_gain=0.380764 0.398605 0.476309 0.300045 0.299789 0.278935 0.267513 0.4399 0.399189 0.205605
threshold=1.148267622461171 0.62460191082802552 0.42481203007518792 1.2093808925204275 0.51315789473684215 1.2226219024780178 0.033012442103351157 0.6407008495145633 0.79321839080459788 1.1306020066889635
decision_type=2 2 2 2 2 2 2 2 2 2
left_child=6 3 4 -2 -3 -5 9 8 -8 -1
right_child=1 2 -4 5 -6 -7 7 -9 -10 -11
leaf_value=-4.9845342313711124e-05 -0.00045447856699997835 -7.3078034276312048e-05 0.00096055740471741161 0.00050652435303082262 0.00071264081185136864 -0.00018712488868745551 9.0359147433544777e-05 0.00025671839393977622 -1.0322772850618338e-05 -0.00088993059173852465
leaf_weight=16260 1860 4805 196 255 199 1984 23147 3350 48873 117
leaf_count=16260 1860 4805 196 255 199 1984 23147 3350 48873 117
internal_value=4.01477e-06 -0.000117788 0 -0.000265226 -3.95616e-05 -0.000103281 1.64714e-05 3.24752e-05 2.18988e-05 -5.65655e-05
internal_weight=101046 9299 5200 4099 5004 2239 91747 75370 72020 16377
internal_count=101046 9299 5200 4099 5004 2239 91747 75370 72020 16377
is_linear=0
shrinkage=0.02


Tree=368
num_leaves=9
num_cat=0
split_feature=18 19 11 13 19 19 19 19
split_gain=0.258911 0.388252 0.375082 0.364525 0.357174 0.338852 0.435844 0.237888
threshold=0.60555555555555574 0.40329357549471406 0.033012442103351157 1.1055555555555558 0.67354024943310675 0.46613355422454444 0.52245529111200761 0.24908759124087593
decision_type=2 2 2 2 2 2 2 2
left_child=2 -2 7 4 -4 -3 -7 -1
right_child=1 5 3 -5 -6 6 -8 -9
leaf_value=2.2233439709883015e-05 0.0004361145839413203 -0.00043525002937846053 2.6950865053942345e-05 0.0004415445504237221 0.00028306102996117111 0.00020635610427114127 -9.0271530462021507e-05 -0.00013083027941046324
leaf_weight=6987 607 996 60803 904 2269 2227 16868 9385
leaf_count=6987 607 996 60803 904 2269 2227 16868 9385
internal_value=3.93086e-06 -5.90193e-05 2.02726e-05 4.22273e-05 3.63316e-05 -7.45181e-05 -5.5135e-05 -6.49025e-05
internal_weight=101046 20698 80348 63976 63072 20091 19095 16372
internal_count=101046 20698 80348 63976 63072 20091 19095 16372
is_linear=0
shrinkage=0.02


Tree=369
num_leaves=5
num_cat=0
split_feature=3 34 25 18
split_gain=0.363672 0.369281 0.245513 0.267693
threshold=1.148267622461171 0.42481203007518792 1.1547619047619049 0.63961038961038974
decision_type=2 2 2 2
left_child=2 -2 3 -1
right_child=1 -3 -4 -5
leaf_value=2.9937226373182299e-05 -0.00013809089947228179 0.00059880324085985405 0.00060927262376179406 -6.006944128965572e-05
leaf_weight=75501 9025 274 277 15969
leaf_count=75501 9025 274 277 15969
internal_value=3.8565e-06 -0.000115179 1.60325e-05 1.41134e-05
internal_weight=101046 9299 91747 91470
internal_count=101046 9299 91747 91470
is_linear=0
shrinkage=0.02


Tree=370
num_leaves=4
num_cat=0
split_feature=22 35 35
split_gain=0.234242 0.227326 0.414976
threshold=2.183333333333334 0.021352583586626103 0.020478054235392753
decision_type=2 2 2
left_child=1 2 -1
right_child=-2 -3 -4
leaf_value=2.5652353742379103e-05 0.0013378194031807092 -2.8008747527882822e-05 0.00058770395550772413
leaf_weight=38050 50 62460 533
leaf_count=38050 50 62460 533
internal_value=-3.55478e-06 -4.34398e-06 3.3706e-05
internal_weight=101093 101043 38583
internal_count=101093 101043 38583
is_linear=0
shrinkage=0.02


Tree=371
num_leaves=2
num_cat=0
split_feature=28
split_gain=0.38925
threshold=4.291666666666667
decision_type=2
left_child=-1
right_child=-2
leaf_value=6.8970620648750757e-06 -0.00015056556839759615
leaf_weight=94371 6722
leaf_count=94371 6722
internal_value=-3.47699e-06
internal_weight=101093
internal_count=101093
is_linear=0
shrinkage=0.02


Tree=372
num_leaves=3
num_cat=0
split_feature=28 35
split_gain=0.373844 0.279926
threshold=4.291666666666667 0.0095695970695970512
decision_type=2 2
left_child=-1 -2
right_child=1 -3
leaf_value=6.7591235679835779e-06 0.00010486105410106613 -0.00021286434299514601
leaf_weight=94371 1350 5372
leaf_count=94371 1350 5372
internal_value=-3.40553e-06 -0.000147555
internal_weight=101093 6722
internal_count=101093 6722
is_linear=0
shrinkage=0.02


Tree=373
num_leaves=3
num_cat=0
split_feature=28 35
split_gain=0.358905 0.268994
threshold=4.291666666666667 0.0095695970695970512
decision_type=2 2
left_child=-1 -2
right_child=1 -3
leaf_value=6.623944622127833e-06 0.00010276693933417458 -0.00020860864063721411
leaf_weight=94371 1350 5372
leaf_count=94371 1350 5372
internal_value=-3.3335e-06 -0.000144575
internal_weight=101093 6722
internal_count=101093 6722
is_linear=0
shrinkage=0.02


Tree=374
num_leaves=2
num_cat=0
split_feature=22
split_gain=0.225078
threshold=2.183333333333334
decision_type=2
left_child=-1
right_child=-2
leaf_value=-4.0384896585851532e-06 0.0013116313975590926
leaf_weight=101043 50
leaf_count=101043 50
internal_value=-3.26291e-06
internal_weight=101093
internal_count=101093
is_linear=0
shrinkage=0.02


Tree=375
num_leaves=10
num_cat=0
split_feature=19 31 2 19 19 3 6 3 2
split_gain=0.332561 0.607639 0.33559 0.311514 0.301492 0.269581 0.322102 0.333144 0.243625
threshold=0.50826502732240442 3.9335540838852103 0.72474747474747481 0.51395379023883703 0.51812705366922251 1.0750939849624062 1.1291666666666669 1.0912061794414736 1.0690476190476195
decision_type=2 2 2 2 2 2 2 2 2
left_child=5 3 -3 -2 -4 -1 -7 -8 -5
right_child=1 2 4 8 -6 6 7 -9 -10
leaf_value=3.6697513770565118e-05 -0.00042761511162500758 -0.00045190293825446415 0.00083214624157510548 -3.9308808655233559e-05 0.00010376330680204016 0.00060944687660938039 -0.00063323704306097084 -9.5513710295800996e-05 -0.00016669894268100832
leaf_weight=58826 1082 414 237 19481 8033 215 549 3341 8886
leaf_count=58826 1082 414 237 19481 8033 215 549 3341 8886
internal_value=-2.5083e-06 -4.92036e-05 9.72403e-05 -9.27306e-05 0.000126042 2.56285e-05 -0.000130501 -0.000174259 -7.95754e-05
internal_weight=101064 38133 8684 29449 8270 62931 4105 3890 28367
internal_count=101064 38133 8684 29449 8270 62931 4105 3890 28367
is_linear=0
shrinkage=0.02


Tree=376
num_leaves=7
num_cat=0
split_feature=19 31 19 19 37 31
split_gain=0.319413 0.583729 0.307081 0.299102 0.259716 0.223764
threshold=0.50826502732240442 3.9335540838852103 0.51954418130888735 0.51395379023883703 137.50000000000003 3.9477936404931864
decision_type=2 2 2 2 2 2
left_child=-1 3 -3 -2 -5 -4
right_child=1 2 5 4 -6 -7
leaf_value=2.5112653507831247e-05 -0.00041907859065765823 0.00074010025387610541 0.00044318205309345533 -6.321349081683011e-05 -0.00033540410989138259 4.1628719675446084e-05
leaf_weight=62931 1082 287 606 26866 1501 7791
leaf_count=62931 1082 287 606 26866 1501 7791
internal_value=-2.4602e-06 -4.82249e-05 9.52978e-05 -9.08904e-05 -7.79912e-05 7.18975e-05
internal_weight=101064 38133 8684 29449 28367 8397
internal_count=101064 38133 8684 29449 28367 8397
is_linear=0
shrinkage=0.02


Tree=377
num_leaves=14
num_cat=0
split_feature=19 31 2 14 2 19 14 3 6 3 2 6 6
split_gain=0.306718 0.561067 0.322188 0.29604 0.331381 0.278806 0.272319 0.258909 0.30964 0.319808 0.212668 0.200012 0.375647
threshold=0.50826502732240442 3.9335540838852103 0.72474747474747481 0.97500000000000009 1.1937500000000003 0.51812705366922251 0.21825396825396823 1.0750939849624062 1.1291666666666669 1.0912061794414736 0.85357142857142865 2.4472222222222229 2.7638888888888893
decision_type=2 2 2 2 2 2 2 2 2 2 2 2 2
left_child=7 3 6 4 -2 -4 -3 11 -9 -10 -5 -1 -13
right_child=1 2 5 10 -6 -7 -8 8 9 -11 -12 12 -14
leaf_value=3.2383719789527188e-05 -0.00010488923906944046 0.00041847738076229485 0.00080096443608465562 -0.0014934236758521624 8.1318110298763459e-05 0.00010020788883710397 -0.0007373797663021833 0.00059687266735711957 -0.00062111869968216999 -9.4106529301381773e-05 -0.00031072424031452519 0.00083438842293548907 -0.00075118083884750584
leaf_weight=58468 23597 96 237 68 4499 8033 318 215 549 3341 1285 291 67
leaf_count=58468 23597 96 237 68 4499 8033 318 215 549 3341 1285 291 67
internal_value=-2.40687e-06 -4.72548e-05 9.34435e-05 -8.90873e-05 -7.47124e-05 0.000121688 -0.000444593 2.46104e-05 -0.000128394 -0.000171335 -0.000379662 3.54614e-05 0.000507345
internal_weight=101064 38133 8684 29449 28096 8270 414 62931 4105 3890 1353 58826 358
internal_count=101064 38133 8684 29449 28096 8270 414 62931 4105 3890 1353 58826 358
is_linear=0
shrinkage=0.02


Tree=378
num_leaves=7
num_cat=0
split_feature=7 37 7 7 31 31
split_gain=0.297485 0.275625 0.301989 0.535694 0.2342 0.470555
threshold=2.5916172920781215 114.50000000000001 2.1348362039851403 2.1516196447230933 4.143323996265174 4.2508503401360551
decision_type=2 2 2 2 2 2
left_child=1 2 -1 -4 -2 -6
right_child=4 -3 3 -5 5 -7
leaf_value=5.5228657781591357e-06 -0.00040960852615849362 -9.2239309874785292e-05 0.0010830856957251118 0.00012108542251300654 0.0019299156598325045 -0.00015065345613029895
leaf_weight=84669 1184 11080 250 3621 51 209
leaf_count=84669 1184 11080 250 3621 51 209
internal_value=-2.35725e-06 1.67695e-06 1.35445e-05 0.000186323 -0.000287205 0.000230907
internal_weight=101064 99620 88540 3871 1444 260
internal_count=101064 99620 88540 3871 1444 260
is_linear=0
shrinkage=0.02


Tree=379
num_leaves=10
num_cat=0
split_feature=19 2 2 14 7 3 3 7 7
split_gain=0.294174 0.28573 0.626564 0.590737 0.304359 0.248698 0.255685 0.226233 0.355891
threshold=0.50826502732240442 1.1622807017543864 1.0690476190476195 0.71008403361344552 1.4340353956413634 1.0750939849624062 1.0912061794414736 2.5916172920781215 2.1348362039851403
decision_type=2 2 2 2 2 2 2 2 2
left_child=5 2 4 -4 -2 -1 -7 8 -3
right_child=1 7 3 -5 -6 6 -8 -9 -10
leaf_value=3.4789266566298035e-05 -0.00016558020966357637 7.6529313116631614e-06 -0.00013882090916090715 -0.00061388173342718318 5.1969891437178592e-06 -0.00051448192745701007 -5.8101813326347011e-05 -0.00031563921008339371 0.00032314977089909809
leaf_weight=58826 5324 6108 3889 1477 18840 585 3520 601 1894
leaf_count=58826 5324 6108 3889 1477 18840 585 3520 601 1894
internal_value=-2.30516e-06 -4.62284e-05 -7.59191e-05 -0.000271625 -3.20268e-05 2.41518e-05 -0.000125794 5.45172e-05 8.36396e-05
internal_weight=101064 38133 29530 5366 24164 62931 4105 8603 8002
internal_count=101064 38133 29530 5366 24164 62931 4105 8603 8002
is_linear=0
shrinkage=0.02


Tree=380
num_leaves=11
num_cat=0
split_feature=7 25 31 7 7 31 17 31 31 26
split_gain=0.318626 0.384822 0.359646 0.363719 0.256019 0.263209 0.241534 0.235638 0.298449 0.231146
threshold=2.0378073184676966 0.13392857142857142 4.103575989782887 2.0226418318523591 2.1672749391727497 3.8935298221137082 0.95000000000000007 3.7292449874686722 4.3357843137254912 0.47213622291021667
decision_type=2 2 2 2 2 2 2 2 2 2
left_child=2 7 3 6 5 -3 -1 -2 -9 -6
right_child=1 4 -4 -5 9 -7 -8 8 -10 -11
leaf_value=-1.0636147103949925e-05 0.00027258563502088342 0.00051302817513833581 0.00021922551958442478 -0.00071985261163094662 -2.9240425581680585e-05 4.7175511813194285e-05 0.00019349684859710164 -0.00050217577399992133 0.0005632891558704123 0.00025560018660091775
leaf_weight=87517 299 1549 2886 284 2444 779 2377 795 111 2048
leaf_count=87517 299 1549 2886 284 2444 779 2377 795 111 2048
internal_value=9.96315e-06 0.000130868 -3.57709e-07 -7.50071e-06 0.000189828 0.00036161 -5.12299e-06 -0.000194312 -0.000359672 9.84553e-05
internal_weight=101089 8025 93064 90178 6820 2328 89894 1205 906 4492
internal_count=101089 8025 93064 90178 6820 2328 89894 1205 906 4492
is_linear=0
shrinkage=0.02


Tree=381
num_leaves=12
num_cat=0
split_feature=6 18 26 18 31 31 21 31 31 31 18
split_gain=0.350483 0.521553 0.438238 0.416695 0.414716 0.375025 0.345554 0.321036 0.31746 0.314585 0.27561
threshold=2.8535714285714291 1.0954545454545457 0.78759398496240618 1.1055555555555558 3.7224014336917564 3.9921567421259847 0.95000000000000007 3.7147587511825924 3.882930803143569 3.5521610696517416 0.65833333333333344
decision_type=2 2 2 2 2 2 2 2 2 2 2
left_child=1 6 3 9 -3 -5 -1 -4 -6 -2 -8
right_child=2 4 7 5 8 -7 10 -9 -10 -11 -12
leaf_value=3.2282569894004668e-05 -0.00077888063474060743 0 0.0024279810999120986 -0.0018229200712272099 0.0028876597491594466 0.00026364926722916688 -2.1947712854444692e-05 0.00018107478143805164 0.00077585097370494124 0.0005646969269490936 -0.00017721607648839307
leaf_weight=62431 71 152 68 68 50 53 32025 57 115 616 5383
leaf_count=62431 71 152 68 68 50 53 32025 57 115 616 5383
internal_value=9.76816e-06 6.06851e-06 0.000395361 0.000208668 0.000813606 -0.000838241 3.38808e-06 0.00150112 0.00150259 0.000409469 -4.45664e-05
internal_weight=101089 100156 933 808 317 121 99839 125 165 687 37408
internal_count=101089 100156 933 808 317 121 99839 125 165 687 37408
is_linear=0
shrinkage=0.02


Tree=382
num_leaves=8
num_cat=0
split_feature=21 5 31 7 7 31 5
split_gain=0.335982 0.38645 0.26795 0.242043 0.485474 0.385717 0.218889
threshold=0.95000000000000007 2.8166666666666669 4.3357843137254912 2.0668903803131999 1.9737986270022885 3.8892496392496398 2.6458333333333335
decision_type=2 2 2 2 2 2 2
left_child=1 6 3 4 -2 -5 -1
right_child=2 -3 -4 5 -6 -7 -8
leaf_value=3.4463339824485736e-05 -4.2751609337086896e-05 0.00032131776662907196 0.00049748937680345513 0.00030677462882324575 -0.00043015853582273111 -0.00014964504641309495 -0.00024047703459185611
leaf_weight=60197 33067 1872 366 1874 1353 1189 1171
leaf_count=60197 33067 1872 366 1874 1353 1189 1171
internal_value=9.58017e-06 3.78661e-05 -3.74167e-05 -4.29328e-05 -5.82946e-05 0.000126356 2.90464e-05
internal_weight=101089 63240 37849 37483 34420 3063 61368
internal_count=101089 63240 37849 37483 34420 3063 61368
is_linear=0
shrinkage=0.02


Tree=383
num_leaves=12
num_cat=0
split_feature=6 18 26 18 31 15 18 31 31 17 31
split_gain=0.331029 0.502233 0.42195 0.399974 0.398944 0.346689 0.337253 0.304054 0.24479 0.23333 0.219904
threshold=2.8535714285714291 1.0954545454545457 0.78759398496240618 1.1055555555555558 3.7224014336917564 0.8185736677115989 0.63961038961038974 3.882930803143569 4.2896643783371493 1.267857142857143 3.6677282377919327
decision_type=2 2 2 2 2 2 2 2 2 2 2
left_child=1 6 3 5 -3 -2 10 -6 -8 -5 -1
right_child=2 4 -4 9 7 -7 8 -9 -10 -11 -12
leaf_value=-1.8802272662839395e-06 0.0007336225136780418 0 0.0014691335138842816 -0.0017938275174661116 0.0028313730169947332 -0.00017625723718380442 -8.2681828020256449e-05 0.00076004327362419195 0.0004275802580058259 0 6.8116373866160547e-05
leaf_weight=53953 444 152 125 53 50 243 18800 115 376 68 26710
leaf_count=53953 444 152 125 53 50 243 18800 115 376 68 26710
internal_value=9.3867e-06 5.78837e-06 0.000384128 0.000200715 0.000798224 0.000397696 3.1562e-06 0.00147399 -7.21117e-05 -0.000824661 2.11749e-05
internal_weight=101089 100156 933 808 317 687 99839 165 19176 121 80663
internal_count=101089 100156 933 808 317 687 99839 165 19176 121 80663
is_linear=0
shrinkage=0.02


Tree=384
num_leaves=9
num_cat=0
split_feature=21 6 11 18 7 11 18 18
split_gain=0.323399 0.434983 0.32171 0.544642 0.712701 0.323026 0.28294 0.256027
threshold=0.95000000000000007 3.2250000000000005 0.21452540747842758 0.29705882352941176 1.7250954198473285 0.21376678073177147 0.35147058823529415 1.0954545454545457
decision_type=2 2 2 2 2 2 2 2
left_child=1 -1 5 -4 -5 6 -2 -3
right_child=2 7 3 4 -6 -7 -8 -9
leaf_value=3.3897048336018474e-05 2.3801299229700827e-05 0.0015685817043660051 -0.00093082265430452797 0.00055949721278244038 1.9578503105192555e-05 -0.0009706411218341393 -0.00010320196133832057 0
leaf_weight=63050 10545 116 200 1203 5428 156 20317 74
leaf_count=63050 10545 116 200 1203 5428 156 20317 74
internal_value=9.20375e-06 3.69569e-05 -3.69029e-05 8.67085e-05 0.000119178 -6.44516e-05 -5.94845e-05 0.000989324
internal_weight=101089 63240 37849 6831 6631 31018 30862 190
internal_count=101089 63240 37849 6831 6631 31018 30862 190
is_linear=0
shrinkage=0.02


Tree=385
num_leaves=5
num_cat=0
split_feature=8 3 3 29
split_gain=0.30302 0.408743 0.311703 0.205936
threshold=0.63333333333333341 0.88852339181286555 1.0209061771561774 1.0500000000000003
decision_type=2 2 2 2
left_child=3 -2 -3 -1
right_child=1 2 -4 -5
leaf_value=0.00044464768065024889 -0.001206453937702078 0.00042964194897357922 -0.000487761954665184 1.7030706856648287e-06
leaf_weight=420 187 235 373 99594
leaf_count=420 187 235 373 99594
internal_value=4.77676e-07 -0.000387836 -0.000116534 3.67202e-06
internal_weight=100809 795 608 100014
internal_count=100809 795 608 100014
is_linear=0
shrinkage=0.02


Tree=386
num_leaves=7
num_cat=0
split_feature=34 34 30 25 29 30
split_gain=0.274422 0.479605 0.560861 0.246963 0.347267 0.219534
threshold=0.51666666666666672 0.44097222222222227 4.0250000000000012 1.1055555555555558 3.2361111111111116 1.0833333333333337
decision_type=2 2 2 2 2 2
left_child=1 3 -3 5 -5 -1
right_child=-2 2 -4 4 -6 -7
leaf_value=0.00045593405003289142 -0.00055060943164345294 0.00020997284921882777 0.0016403379760784645 0 0.0013553766952466594 -4.8755782222986845e-06
leaf_weight=413 358 540 144 186 127 99041
leaf_count=413 358 540 144 186 127 99041
internal_value=4.67797e-07 2.54227e-06 0.000529584 -9.81429e-07 0.000557978 -2.85231e-06
internal_weight=100809 100451 684 99767 313 99454
internal_count=100809 100451 684 99767 313 99454
is_linear=0
shrinkage=0.02


Tree=387
num_leaves=3
num_cat=0
split_feature=34 34
split_gain=0.26362 0.461314
threshold=0.51666666666666672 0.44097222222222227
decision_type=2 2
left_child=1 -1
right_child=-2 -3
leaf_value=-9.5688274055192155e-07 -0.00053965842216793032 0.00051939178176723831
leaf_weight=99767 358 684
leaf_count=99767 358 684
internal_value=4.61839e-07 2.49704e-06
internal_weight=100809 100451
internal_count=100809 100451
is_linear=0
shrinkage=0.02


Tree=388
num_leaves=7
num_cat=0
split_feature=34 34 3 3 3 3
split_gain=0.253237 0.443101 0.408745 0.341886 0.296881 0.244486
threshold=0.51666666666666672 0.44097222222222227 1.0291616469421021 0.97785947712418297 1.1523494165878276 1.2642183288409705
decision_type=2 2 2 2 2 2
left_child=1 4 3 -3 -1 -6
right_child=-2 2 -4 -5 5 -7
leaf_value=9.663277227432478e-06 -0.00052892522048205142 0.00038995776789598781 0.0010666672855515942 -0.0010310832255108413 -0.00020602031544410225 4.3726843497399658e-06
leaf_weight=91011 358 303 297 84 4900 3856
leaf_count=91011 358 303 297 84 4900 3856
internal_value=4.48626e-07 2.44532e-06 0.000509034 5.20924e-05 -9.37745e-07 -0.000112245
internal_weight=100809 100451 684 387 99767 8756
internal_count=100809 100451 684 387 99767 8756
is_linear=0
shrinkage=0.02


Tree=389
num_leaves=7
num_cat=0
split_feature=8 3 3 25 34 34
split_gain=0.29127 0.392694 0.299539 0.276727 0.213506 0.396193
threshold=0.63333333333333341 0.88852339181286555 1.0209061771561774 1.1055555555555558 0.51666666666666672 0.44097222222222227
decision_type=2 2 2 2 2 2
left_child=3 -2 -3 4 5 -1
right_child=1 2 -4 -5 -6 -7
leaf_value=5.8710113415707737e-08 -0.0011827745513310508 0.00042099547285570876 -0.00047815135717391968 0.00060222819423327194 -0.0004884786636563344 0.0004852905009590243
leaf_weight=98680 187 235 373 306 352 676
leaf_count=98680 187 235 373 306 352 676
internal_value=4.39537e-07 -0.00038027 -0.000113985 3.57328e-06 1.6237e-06 3.47049e-06
internal_weight=100809 795 608 100014 99708 99356
internal_count=100809 795 608 100014 99708 99356
is_linear=0
shrinkage=0.02


Tree=390
num_leaves=7
num_cat=0
split_feature=11 31 11 31 11 11
split_gain=0.214131 0.279986 0.362828 0.210867 0.200089 0.514619
threshold=0.42928571428571433 4.1606040564373901 0.48913043478260876 1.0000000180025095e-35 0.34440765268579837 0.33436853002070394
decision_type=2 2 2 2 2 2
left_child=3 2 -2 -1 5 -5
right_child=1 -3 -4 4 -6 -7
leaf_value=0.00024545147455951966 0.0012831277223591953 0.0011830268181287325 -1.9688031728854965e-05 -5.1861468645860849e-06 -0.00026546865404915 0.0011479542140037783
leaf_weight=1344 95 128 611 97510 1178 153
leaf_count=1344 95 128 611 97510 1178 153
internal_value=-2.42186e-07 0.000318407 0.000144625 -3.00093e-06 -6.48535e-06 -3.25376e-06
internal_weight=101019 834 706 100185 98841 97663
internal_count=101019 834 706 100185 98841 97663
is_linear=0
shrinkage=0.02


Tree=391
num_leaves=3
num_cat=0
split_feature=11 11
split_gain=0.205801 0.235931
threshold=0.42928571428571433 0.48913043478260876
decision_type=2 2
left_child=-1 -2
right_child=1 -3
leaf_value=-2.9384647451656989e-06 0.0012357743143445194 0.0001711655392979993
leaf_weight=100185 99 735
leaf_count=100185 99 735
internal_value=-2.31969e-07 0.000312156
internal_weight=101019 834
internal_count=101019 834
is_linear=0
shrinkage=0.02


end of trees

feature_importances:
AB_season_avg=316
games_played=312
HR_season_avg=292
SO_season_avg=278
BB_L20=240
SB_season_avg=215
H_season_avg=196
BB_season_avg=186
HR_L20=175
R_season_avg=172
SO_L20=169
RBI_season_avg=139
TB_L20=128
RBI_L20=108
R_L20=105
TB_season_avg=93
SB_L20=83
AB_L20=74
H_L20=67
TB_L10=61
SO_L5=61
RBI_L10=53
AB_L10=52
AB_L5=46
SO_L10=45
HR_L5=39
R_L10=39
BB_L10=37
HR_L10=32
R_L5=32
H_L10=24
TB_L5=17
BB_L5=12
RBI_L5=11
SB_L10=7
SB_L5=6
H_L5=4

parameters:
[boosting: gbdt]
[objective: regression]
[metric: l2]
[tree_learner: serial]
[device_type: cpu]
[data_sample_strategy: bagging]
[data: ]
[valid: ]
[num_iterations: 400]
[learning_rate: 0.02]
[num_leaves: 25]
[num_threads: 1]
[seed: 42]
[deterministic: 0]
[force_col_wise: 0]
[force_row_wise: 0]
[histogram_pool_size: -1]
[max_depth: 4]
[min_data_in_leaf: 50]
[min_sum_hessian_in_leaf: 0.001]
[bagging_fraction: 0.7]
[pos_bagging_fraction: 1]
[neg_bagging_fraction: 1]
[bagging_freq: 5]
[bagging_seed: 400]
[bagging_by_query: 0]
[feature_fraction: 0.6]
[feature_fraction_bynode: 1]
[feature_fraction_seed: 30056]
[extra_trees: 0]
[extra_seed: 12879]
[early_stopping_round: 0]
[early_stopping_min_delta: 0]
[first_metric_only: 0]
[max_delta_step: 0]
[lambda_l1: 0.5]
[lambda_l2: 2]
[linear_lambda: 0]
[min_gain_to_split: 0.2]
[drop_rate: 0.1]
[max_drop: 50]
[skip_drop: 0.5]
[xgboost_dart_mode: 0]
[uniform_drop: 0]
[drop_seed: 17869]
[top_rate: 0.2]
[other_rate: 0.1]
[min_data_per_group: 100]
[max_cat_threshold: 32]
[cat_l2: 10]
[cat_smooth: 10]
[max_cat_to_onehot: 4]
[top_k: 20]
[monotone_constraints: ]
[monotone_constraints_method: basic]
[monotone_penalty: 0]
[feature_contri: ]
[forcedsplits_filename: ]
[refit_decay_rate: 0.9]
[cegb_tradeoff: 1]
[cegb_penalty_split: 0]
[cegb_penalty_feature_lazy: ]
[cegb_penalty_feature_coupled: ]
[path_smooth: 0]
[interaction_constraints: ]
[verbosity: -1]
[saved_feature_importance_type: 0]
[use_quantized_grad: 0]
[num_grad_quant_bins: 4]
[quant_train_renew_leaf: 0]
[stochastic_rounding: 1]
[linear_tree: 0]
[max_bin: 255]
[max_bin_by_feature: ]
[min_data_in_bin: 3]
[bin_construct_sample_cnt: 200000]
[data_random_seed: 175]
[is_enable_sparse: 1]
[enable_bundle: 1]
[use_missing: 1]
[zero_as_missing: 0]
[feature_pre_filter: 1]
[pre_partition: 0]
[two_round: 0]
[header: 0]
[label_column: ]
[weight_column: ]
[group_column: ]
[ignore_column: ]
[categorical_feature: ]
[forcedbins_filename: ]
[precise_float_parser: 0]
[parser_config_file: ]
[objective_seed: 16083]
[num_class: 1]
[is_unbalance: 0]
[scale_pos_weight: 1]
[sigmoid: 1]
[boost_from_average: 1]
[reg_sqrt: 0]
[alpha: 0.9]
[fair_c: 1]
[poisson_max_delta_step: 0.7]
[tweedie_variance_power: 1.5]
[lambdarank_truncation_level: 30]
[lambdarank_norm: 1]
[label_gain: ]
[lambdarank_position_bias_regularization: 0]
[eval_at: ]
[multi_error_top_k: 1]
[auc_mu_weights: ]
[num_machines: 1]
[local_listen_port: 12400]
[time_out: 120]
[machine_list_filename: ]
[machines: ]
[gpu_platform_id: -1]
[gpu_device_id: -1]
[gpu_use_dp: 0]
[num_gpu: 1]

end of parameters

pandas_categorical:[]
